review,true_label,predicted_label,confidence,probability_negative,probability_neutral,probability_positive
anti cheat bad,Negative,Negative,0.9748097,0.9748097,0.0033029518,0.021887379
funny ball game,Positive,Positive,0.84154797,0.087006345,0.071445726,0.84154797
game decide player win befor game start one player get away everything suffer random shit name ex take ball cleanest tackle ever end instant red card pass pas go opponent player shit game every year still computer ea sport pay play game fix stupid shit ea fucking disguasting shit game developer,Negative,Negative,0.96380514,0.96380514,0.0020926662,0.034102213
game doesnt start still say hour say ea anticheat second completly close please fix soon possible dont want refund thanks advance,Positive,Positive,0.97018313,0.019644177,0.010172616,0.97018313
ea anti cheat trash paid shit able play play even official release great job ea,Positive,Negative,0.5457786,0.5457786,0.018293748,0.43592766
,Neutral,Neutral,0.8198435,0.08540768,0.8198435,0.09474888
dont want admit much ive spent,Negative,Positive,0.69541633,0.23317519,0.07140848,0.69541633
game mechanic extremely broken easily exploitable,Negative,Negative,0.9055209,0.9055209,0.014038631,0.08044048
played hour good game not much wrong moment not letting scroll,Positive,Positive,0.89538157,0.09529966,0.0093187215,0.89538157
no polish comment game fired polish display english language brazilian flag displayed next changing launch property spanish english french game downloads folder normal comment mentioned language edit updated game added polish commentary language,Negative,Positive,0.9085861,0.07827881,0.013135134,0.9085861
better previous year game,Positive,Positive,0.97763056,0.0143964505,0.007973072,0.97763056
da wherrlld,Neutral,Neutral,0.9666489,0.0193831,0.9666489,0.013967961
tamamen para yat ran kazanmas zerine kurulmu bir oyun ben bu oyunu zevk oynayan kafas sikeyim,Neutral,Neutral,0.9576854,0.027998373,0.9576854,0.014316148
dont waste money b different year want uninstall like game,Positive,Positive,0.7939485,0.19332202,0.012729473,0.7939485
buggy ever played inconsistent start random bug ui gameplay bought every last year one regretted,Negative,Negative,0.5964533,0.5964533,0.0731387,0.3304079
badd serverss,Neutral,Neutral,0.9905715,0.0045749354,0.9905715,0.0048536155
fafafa,Neutral,Neutral,0.9720357,0.013054964,0.9720357,0.014909259
yuh awesome worth cash trust,Positive,Positive,0.70745593,0.28222275,0.010321286,0.70745593
feel different previous tittle,Neutral,Positive,0.55481,0.14116424,0.30402577,0.55481
lj lih,Neutral,Neutral,0.9905715,0.0045749354,0.9905715,0.0048536155
useless game doesnt even launch,Negative,Negative,0.8848836,0.8848836,0.027133983,0.08798248
honestly gameplay something really enjoyed would probably recommend game not fact maybe time close game soft lock computer need reboot literally game played cause problem system luckier maybe enjoy title tapping however,Positive,Positive,0.98877186,0.009559079,0.0016690919,0.98877186
smooth heck almost no input delay arcadey like old fifas,Negative,Positive,0.6514747,0.3297373,0.018788053,0.6514747
bad game poor customer sevices dont waste money time,Negative,Negative,0.99158794,0.99158794,0.00036787472,0.008044192
,Neutral,Neutral,0.8198435,0.08540768,0.8198435,0.09474888
game semi decent quite slow liking tho,Positive,Positive,0.80517244,0.0561403,0.13868727,0.80517244
best game ever,Positive,Positive,0.98960555,0.008226541,0.0021679762,0.98960555
game year one exception year work bad fuck window battle minute time want initialize not work,Negative,Negative,0.92378074,0.92378074,0.012337466,0.06388186
fact game career mode pretty sweet,Positive,Positive,0.9343773,0.037187677,0.028435003,0.9343773
not working currently,Neutral,Neutral,0.73261774,0.1400873,0.73261774,0.12729496
really like career mode thing ultimate team bad constantly come tryhards cant play fine guess,Negative,Positive,0.8320612,0.16164605,0.006292754,0.8320612
old shit different name waste money ea concentrated anti cheat less game not recommend buy game know late saved r bought sale ea guy need understand game first building create poll understand people want,Negative,Negative,0.6883058,0.6883058,0.014731111,0.29696304
goood,Neutral,Neutral,0.9856903,0.005737882,0.9856903,0.008571795
year game development giving game difference every year shit still lot bug hour game time fucked matchmaking content last game whopping know ea fuck fuck brand,Negative,Negative,0.9690862,0.9690862,0.002795289,0.028118474
year break huge difference like however optimalization poor esp cutscenes play super gameplay fine fps cutscenes career mode fps drop,Positive,Positive,0.9063522,0.08333154,0.010316145,0.9063522
swear every time score hat trick career crash without saving,Negative,Negative,0.67112404,0.67112404,0.11282702,0.216049
shume loje ropq pay win,Positive,Positive,0.88720685,0.061553333,0.051239874,0.88720685
not best game okay,Negative,Positive,0.9807951,0.016993364,0.0022115596,0.9807951
need luck,Positive,Positive,0.8988566,0.054211345,0.04693205,0.8988566
ea anticheat service encountered error please restart game ea anticheat fucking suck much error not suppor newer window newer version window suck game keep minimized bad optimization even ghz gb rtx ti cant run smoothly glitch everywhere fck mistake early adopter update ea fixed unfinished game,Negative,Negative,0.92146367,0.92146367,0.009277835,0.0692586
pretty fuegoo suuiiiii,Positive,Positive,0.9481939,0.02366588,0.028140284,0.9481939
seru,Neutral,Neutral,0.9747789,0.010712386,0.9747789,0.014508712
dont sucre boot enable dont bother,Positive,Negative,0.4135255,0.4135255,0.26937196,0.31710252
dalej nie warto,Neutral,Neutral,0.9991559,0.00034268294,0.9991559,0.0005013845
last played usually play career mode enjoy change made problem game difficult get run installed uninstalled time would run played hour trying uninstall reinstall get run properly hopefully saved game still need updated fix bug bug thinking need reinstall ea anticheat would wait fixed buy go buy origin btw open origin anyways,Positive,Positive,0.9756285,0.02061373,0.0037577723,0.9756285
ctrl ctrl,Neutral,Neutral,0.9914938,0.003538577,0.9914938,0.0049675545
game released incompletely using window recommend never buy time fix error time play game,Positive,Negative,0.7864728,0.7864728,0.010647593,0.2028796
cant even launch trashhhhh,Neutral,Neutral,0.98187363,0.012968588,0.98187363,0.005157769
game fun start atleast like every year,Positive,Positive,0.9608726,0.028777717,0.010349706,0.9608726
nice gggame,Positive,Positive,0.9617117,0.029695554,0.008592755,0.9617117
life,Neutral,Neutral,0.73325694,0.13317432,0.73325694,0.13356875
broken mess game no controller support crashing left right anti cheat taking age get working even play,Negative,Negative,0.92918026,0.92918026,0.00332426,0.06749547
still didnt opt steamdeck,Neutral,Neutral,0.98883027,0.0030019898,0.98883027,0.008167795
wont let play app,Negative,Negative,0.5734535,0.5734535,0.037537657,0.38900882
no e basura,Neutral,Negative,0.5668436,0.5668436,0.14736804,0.28578836
hard recommend game every time try load seems new problem first anti cheat stuff would stop game launching eventually fixed forced update origin ea app not seem work would recommend like troubleshooting playing game,Positive,Negative,0.86477107,0.86477107,0.002825273,0.13240366
shit asf,Negative,Negative,0.9323635,0.9323635,0.015259809,0.05237657
,Neutral,Neutral,0.8198435,0.08540768,0.8198435,0.09474888
worsttttttt still not fix anti cheat problem,Negative,Negative,0.9794312,0.9794312,0.0028918956,0.017676983
not buy game cause mental harm make suicidel,Negative,Neutral,0.45248848,0.4182712,0.45248848,0.12924035
not bad,Positive,Negative,0.9169938,0.9169938,0.0230408,0.059965365
good game,Positive,Positive,0.9314501,0.050152954,0.018396938,0.9314501
good game good,Positive,Positive,0.9911321,0.008048215,0.00081976975,0.9911321
best futbol game,Positive,Positive,0.98825896,0.006877329,0.0048636016,0.98825896
bad addict,Negative,Negative,0.9130383,0.9130383,0.02464216,0.062319506
football life,Neutral,Neutral,0.83249444,0.040002503,0.83249444,0.12750305
send pound point never got,Neutral,Negative,0.7222916,0.7222916,0.1314362,0.14627221
best minute yall trippin edit never mind,Positive,Positive,0.9375973,0.030974919,0.03142782,0.9375973
wont launch not recommended,Positive,Negative,0.5004255,0.5004255,0.30460045,0.19497402
super game,Positive,Positive,0.9840608,0.011030374,0.0049088118,0.9840608
even pass goal whenever someone shoot ofc goal dafffffffuq,Negative,Negative,0.7964677,0.7964677,0.0259927,0.17753957
game doesnt even work,Neutral,Neutral,0.8293324,0.10855552,0.8293324,0.06211199
not able play game since like october horribly coded anti cheat no matter many workarounds tried failure update process error continues show opening game uninstalling reinstalling anti cheat manually lead please open game origin ea application error following instruction lead back failure update process continues show error restart reverts error back failure update process able open game yesterday played two game horrible lag went restart went right back showing error tried secure boot manual installation running program administrator repairing game disabling anti virus creating exception firewall literally everything internet solution tried multi million dollar company embarassing people spending real money game even open ea not care customer seemingly never please ea fix game hire people actually edit got back close game two day restart today run anti cheat background launch,Negative,Negative,0.7060595,0.7060595,0.042421483,0.25151893
cant running,Negative,Neutral,0.9771488,0.013157384,0.9771488,0.00969392
best game ever,Positive,Positive,0.98960555,0.008226541,0.0021679762,0.98960555
cool,Positive,Positive,0.94082475,0.04670352,0.012471701,0.94082475
goodgame,Neutral,Neutral,0.91541773,0.031619817,0.91541773,0.052962404
play,Positive,Positive,0.75289524,0.19682166,0.05028312,0.75289524
lalalalala laaaaa abuela lalalalalaaaaa abuelaaaaa,Neutral,Neutral,0.9898309,0.006105544,0.9898309,0.004063567
ranking system dont work div got people icon card century expirience,Neutral,Negative,0.54941183,0.54941183,0.28895506,0.16163304
good game nice score whit long shot bad liga romania not available dinamo bucuresti story mode would nice not previous game mode,Positive,Positive,0.9861119,0.012725007,0.001163218,0.9861119
pc,Neutral,Neutral,0.8374149,0.075194255,0.8374149,0.08739081
trash game would pay ea never make game like,Positive,Positive,0.73216873,0.2306719,0.03715934,0.73216873
facial image player must completed light no problem yet certainly better,Positive,Negative,0.5043116,0.5043116,0.013610447,0.4820779
,Neutral,Neutral,0.8198435,0.08540768,0.8198435,0.09474888
addicting going crazy,Negative,Negative,0.7233673,0.7233673,0.098650545,0.17798217
,Neutral,Neutral,0.8198435,0.08540768,0.8198435,0.09474888
cant win single game,Negative,Positive,0.74336743,0.118208714,0.13842379,0.74336743
,Neutral,Neutral,0.8198435,0.08540768,0.8198435,0.09474888
know game critic early basis worried wasted money even though discounted price tbh think great improvement version mainly play career mode new stuff happens game play game game superb never problem install game play,Positive,Positive,0.9292894,0.06469566,0.0060148668,0.9292894
gud,Neutral,Neutral,0.98084545,0.0047817817,0.98084545,0.014372767
syok,Neutral,Neutral,0.9720357,0.013054964,0.9720357,0.014909259
like soccer menu,Positive,Positive,0.95512056,0.03548214,0.009397202,0.95512056
please love god save money time,Positive,Positive,0.9967596,0.003039594,0.0002008115,0.9967596
every update issue opening game,Neutral,Neutral,0.9542594,0.025438767,0.9542594,0.02030186
bu oyun ok cekli,Neutral,Neutral,0.9677949,0.010966762,0.9677949,0.021238312
jbjk,Neutral,Neutral,0.9720357,0.013054964,0.9720357,0.014909259
worst game could buy freeze every minute second although rtx made graphic lowest thing possible still freeze take advice not buy ea better give prime cruyff make good,Negative,Positive,0.6126512,0.3768697,0.010479027,0.6126512
problem around game none fixed ea fps problem connection problem game not launch game crash kick match dozen bug ea anti cheat block playing game game constantly lose save game online latency problem server constantly shuts game mostly doesnt open dont computer nerd figure ea basic mistake month passed no fix game game literaly unplayable point usual company care feedback community indeed really dissapointing fan footbal game serie dont recommend anyone even consider buying game real cant spend nother hour find launch game cuz trouble happend within anticheat new bad ea play launcher,Negative,Negative,0.9824737,0.9824737,0.0007654836,0.01676081
best sport game suiiiiiii,Positive,Positive,0.9840316,0.009456293,0.0065120608,0.9840316
good game,Positive,Positive,0.9314501,0.050152954,0.018396938,0.9314501
shit game scriptred,Negative,Negative,0.9585965,0.9585965,0.007985774,0.033417694
,Neutral,Neutral,0.8198435,0.08540768,0.8198435,0.09474888
one worst experience game anticheat good even start finally get game still hacker situation game bad controller even let control game complete shithole,Negative,Negative,0.9062313,0.9062313,0.008978006,0.08479067
wait free ea play,Positive,Positive,0.95479095,0.03829183,0.006917221,0.95479095
slove anti cheat problem,Negative,Negative,0.9627353,0.9627353,0.005828555,0.031436145
changing neg positive game always started take quite long start take russian disconnection glitching day week matched blatant cheater yet first compared previous year without ac enjoy gameplay yeah clear issue abuse meta etc thing every year content quite good except typical ea content fuck ups like tradable hero pack etc moment pretty fun real performance issue game became unplayable fps mess trying stream discord avoided not streaming guess,Positive,Positive,0.85836095,0.07988345,0.061755557,0.85836095
embarrassing still cant play game anticheat,Negative,Negative,0.584649,0.584649,0.032701407,0.3826496
trash launching,Neutral,Neutral,0.988357,0.0046332413,0.988357,0.0070097833
worst yet,Negative,Negative,0.97268665,0.97268665,0.0045003425,0.022812989
futbol life,Neutral,Neutral,0.95423657,0.015766729,0.95423657,0.029996691
okay many issue game,Positive,Positive,0.83308685,0.11632212,0.050591085,0.83308685
fking,Neutral,Neutral,0.8254226,0.055421572,0.8254226,0.11915589
hyper motion technology breakthrough huge improvement least no arteta model career mode manager selection love training section idea improve player sharpness stats hand skill,Positive,Positive,0.887809,0.092005126,0.020185879,0.887809
hour game even start,Neutral,Neutral,0.9783628,0.010342094,0.9783628,0.011295112
croos pc p cannot play ea fix,Negative,Negative,0.52017254,0.52017254,0.057580136,0.42224732
able play amazed incapable ea audacity charging buck game work sued,Positive,Positive,0.68363947,0.27828676,0.03807373,0.68363947
still trash like every year nothing new,Positive,Positive,0.5969208,0.23829761,0.16478162,0.5969208
good game funt glitch,Positive,Positive,0.9171103,0.050717082,0.032172628,0.9171103
good game yes,Positive,Positive,0.99414825,0.005108833,0.0007429955,0.99414825
fun game lot problem window changed window everything seemed fine also crash doesnt happen often,Positive,Positive,0.9499956,0.047969047,0.0020354604,0.9499956
buck ea launcher game even launch,Neutral,Negative,0.72312087,0.72312087,0.14405154,0.1328275
im fortnite pro win wanna km fun playing game,Positive,Positive,0.98829097,0.0100198295,0.0016892094,0.98829097
awhile open game thought ea game run nfs unbound no problem,Negative,Negative,0.9534133,0.9534133,0.0061588604,0.04042784
lost game offside half game every year yet cant figure rule sport,Negative,Negative,0.65992475,0.65992475,0.058382787,0.2816924
world cup messi better,Positive,Positive,0.8493011,0.019093828,0.1316051,0.8493011
ea last game still copy pasted,Neutral,Neutral,0.54536116,0.22331817,0.54536116,0.23132065
im bad,Negative,Negative,0.9159179,0.9159179,0.018569414,0.06551259
waw,Neutral,Neutral,0.9720357,0.013054964,0.9720357,0.014909259
game as like always,Negative,Negative,0.8675712,0.8675712,0.0064197853,0.1260091
good experience,Positive,Positive,0.9220667,0.062430754,0.015502531,0.9220667
horrible lag horrible bug nothing new career mode wtf power shot stupid idea unlimited slow motion shot game feel unfinished sort player scouting every year,Negative,Negative,0.98715335,0.98715335,0.0009021801,0.011944391
not buy game launched since bought since thought launching bug would fixed eventually didnt request refund late im stuck dollar game doesnt open cant refund fuck ea dont buy piece shit product,Negative,Negative,0.9644296,0.9644296,0.0033167652,0.032253657
dogshit,Neutral,Neutral,0.9884093,0.00469354,0.9884093,0.0068971682
game wank mate,Neutral,Neutral,0.9881506,0.004977389,0.9881506,0.0068720058
grape,Neutral,Neutral,0.9720357,0.013054964,0.9720357,0.014909259
pretty decent,Positive,Positive,0.9291645,0.035207555,0.035627875,0.9291645
bug bug bug stupid bug everywhere laggy interface lost career mode saved game pls ea year dont joke,Negative,Negative,0.6273522,0.6273522,0.027099533,0.34554833
bad game,Negative,Negative,0.898392,0.898392,0.024206897,0.077401176
mental illness,Neutral,Negative,0.78111386,0.78111386,0.08170031,0.13718586
every glitch game happened guess fun,Positive,Positive,0.9649411,0.021552727,0.01350624,0.9649411
sosososo,Neutral,Neutral,0.9720357,0.013054964,0.9720357,0.014909259
please fix game still not open pathetic would even drop game calibar without even checking run pc,Positive,Negative,0.8166474,0.8166474,0.019006794,0.16434577
issue launching,Neutral,Neutral,0.9691167,0.013535655,0.9691167,0.017347727
good jerk,Positive,Positive,0.8650802,0.088603266,0.046316613,0.8650802
game keep giving error secure boot disabled searching solution conclusion enable secure boot reason,Positive,Positive,0.9508183,0.039874025,0.009307638,0.9508183
bad game,Negative,Negative,0.898392,0.898392,0.024206897,0.077401176
nice game love interacting people ultimate team reccomend start game,Positive,Positive,0.99091023,0.0079417145,0.0011480971,0.99091023
,Neutral,Neutral,0.8198435,0.08540768,0.8198435,0.09474888
propably greatest puzzle game buy right first stage trying boot game one possible solution youtube likely make happen not challenging new dlc released today game wont start no matter cant wait solve stage,Positive,Positive,0.94265515,0.04810564,0.0092392275,0.94265515
jhjhgjhhjgbjh,Neutral,Neutral,0.9720357,0.013054964,0.9720357,0.014909259
sdfsdf,Neutral,Neutral,0.9720357,0.013054964,0.9720357,0.014909259
besides problem launch great game playing hour say game shit,Negative,Negative,0.7360767,0.7360767,0.007131881,0.25679135
mainly play single player career mode appreciate new feature buy stuff keep getting forced play wrong position st fuck sake half way match found position supposed play cb ridiculous completely ruined game worse not even new bug search google find people talking year ago ea shameless,Negative,Negative,0.84168667,0.84168667,0.016084014,0.14222929
top game,Positive,Positive,0.8649481,0.098178886,0.036872983,0.8649481
love good,Positive,Positive,0.9975197,0.0022930054,0.00018723767,0.9975197
game pure cancerous,Neutral,Neutral,0.89695954,0.07718503,0.89695954,0.025855415
didnt dislike anything,Positive,Neutral,0.8422396,0.09981015,0.8422396,0.05795021
vtm ce drqqqqq,Neutral,Neutral,0.99473083,0.0024976318,0.99473083,0.002771548
piece shit as retarded game wont open time ea worse fucking company ever no longer making fucking shitty game,Negative,Negative,0.9949587,0.9949587,0.00020856308,0.004832786
buy game major computer science unplayable common pleb think cyberpunk launch bad least able get game actively source workarounds get game start not complicated play game made anything extra like make origin run administrator uninstall reinstall ea anti cheat fails scour internet launch game seamless pressing play button game considering buy game moment bigger disappointment man utd,Negative,Negative,0.62908363,0.62908363,0.09924425,0.27167213
game fine anti cheat make impossible play sometimes,Negative,Negative,0.5091041,0.5091041,0.016470158,0.47442573
osm,Neutral,Neutral,0.9720357,0.013054964,0.9720357,0.014909259
career mode not working,Neutral,Neutral,0.99363893,0.0032289354,0.99363893,0.0031321056
heves ilgi de il bu bi hastalik,Neutral,Neutral,0.9918859,0.0030790917,0.9918859,0.0050350362
game well made feel realistic highly recommend,Positive,Positive,0.7027915,0.28590006,0.011308451,0.7027915
,Neutral,Neutral,0.8198435,0.08540768,0.8198435,0.09474888
volta ai teammate mentally halted,Neutral,Neutral,0.81258565,0.07389699,0.81258565,0.11351735
life roblox dj khalid,Neutral,Neutral,0.97114456,0.017411735,0.97114456,0.01144373
good trust,Positive,Positive,0.9006709,0.08715443,0.012174709,0.9006709
tbol lento preciso post update el juego e una poronga correr francesco virgoliniii fiiiu pase al medio gol bug de sacar rapido un tiro libre sin arreglar menu siguen lentos como una tortuga,Negative,Negative,0.6565455,0.6565455,0.1110179,0.23243654
gameplay good got ck pack pre order ultimate edition bit scam,Negative,Positive,0.61642426,0.3650551,0.018520596,0.61642426
error,Negative,Negative,0.89968425,0.89968425,0.024936762,0.07537907
full cheating lost controller control defend,Negative,Negative,0.8665973,0.8665973,0.03059927,0.10280346
game dosen work,Neutral,Neutral,0.9849724,0.00466662,0.9849724,0.010360936
yur,Neutral,Neutral,0.9514627,0.020220384,0.9514627,0.028316867
fun,Positive,Positive,0.94990575,0.03613055,0.013963655,0.94990575
seems like common trend currently company releasing game not fully ready,Neutral,Positive,0.5344309,0.43572193,0.02984721,0.5344309
gg kontol game,Positive,Positive,0.78938586,0.036197517,0.17441656,0.78938586
game good issue playing game not true worked perfectly first time game not bad similar complaint bring back old free kick system,Positive,Positive,0.8931264,0.09393327,0.012940288,0.8931264
game dosen run say running see no game,Negative,Negative,0.57381165,0.57381165,0.09241809,0.33377028
love,Positive,Positive,0.9814416,0.014680111,0.0038783778,0.9814416
game unrealistic ball went player mbappe run fast run faster usainbolt would not get game free wish could refund game long hoping would get better got worst want good football game far,Positive,Positive,0.95335144,0.038562026,0.008086494,0.95335144
love,Positive,Positive,0.9814416,0.014680111,0.0038783778,0.9814416
spec demanding run smoothly fps dosent even run pc,Negative,Negative,0.7050763,0.7050763,0.11472015,0.18020363
fun football game,Positive,Positive,0.97416896,0.015519652,0.010311387,0.97416896
stupid as trash as game dont know whyy people waste time play something better like roblox orrr slappshott not thiss goofyyy ahh gammeeee wrrd deadd shiitttyy as gamee not worth playing play pro club general niceee wit im crackiadooo call cuauhtemoc blancooooo insaneee nahh lmk yaa wanna get shittedd,Negative,Negative,0.9638246,0.9638246,0.0022197475,0.033955738
griddy,Neutral,Neutral,0.9854525,0.004355916,0.9854525,0.010191563
love game required slight change setting run perfectly,Positive,Positive,0.977607,0.018015811,0.004377189,0.977607
load shit feel sorry anyone paid mess game,Negative,Negative,0.9732915,0.9732915,0.0024167108,0.024291804
yaa aja sih okay,Positive,Positive,0.7976539,0.1251917,0.07715437,0.7976539
,Neutral,Neutral,0.8198435,0.08540768,0.8198435,0.09474888
realy fun game worth every dollar,Positive,Positive,0.920614,0.072811976,0.006573978,0.920614
want know win use wallet,Positive,Positive,0.8437342,0.106317766,0.04994804,0.8437342
hmm,Neutral,Neutral,0.9858208,0.0060450174,0.9858208,0.0081341965
hard launch game idk take search youtube,Negative,Negative,0.80713046,0.80713046,0.014863503,0.17800604
buy save brain happiness,Positive,Negative,0.5983162,0.5983162,0.049649872,0.35203394
anticheat baaaaaaaaaaaaaaaaaaaaaaaaaaaaaaaaaad,Neutral,Neutral,0.9455473,0.02001533,0.9455473,0.034437377
still cant figure soccer football,Neutral,Neutral,0.4877536,0.06493521,0.4877536,0.4473112
spart manete pierdut multe ore recomand acest joc,Neutral,Neutral,0.8464422,0.03416315,0.8464422,0.11939459
game time afk pissed game,Negative,Neutral,0.49726948,0.3083595,0.49726948,0.19437106
really good game go online doesnt let use mouse,Positive,Positive,0.5233612,0.31217593,0.16446282,0.5233612
good game play friend,Positive,Positive,0.99347574,0.0060784793,0.00044575852,0.99347574
bum bum poo poo,Neutral,Neutral,0.99994135,1.0917977e-05,0.99994135,4.7750975e-05
ko nne iran,Neutral,Neutral,0.9482193,0.033886824,0.9482193,0.01789386
many reason not buy game horrible optimization pc always lag recent game work perfectly pc garbage server game remodelling sub menu fut game scripted go winning streak watch suddenly opponent player play like literal god glitch bug pro club always ignored drop in scripted game use less anti cheat caught rated overall player pro club ranked zero effort world cup mode stadium world cup mode fa cup mode skin change new national team banner stadium career mode ignored personality feature offer much promised player career dead mode volta mode dead mode easy win game learn lobbed pas pace abuse fast player no tactic required probably deleted co like constructive criticism overall seems ea sport team copy paste previous version code release next year stating new buy game try buying one copy every year thing new background kit next season get mod even better background kit player face upgrade buck,Negative,Positive,0.6656205,0.26669627,0.06768326,0.6656205
cannot launched spent hour googling checking bios already secure booted tried uninstall eaanticheat several time nothing work gonna buy game play free end issue still unresolved several month better not,Positive,Positive,0.95504206,0.035716284,0.009241607,0.95504206
game fucking shit ref fucking retarded team play like kid kindergarden cant even fucking make normal pas,Negative,Negative,0.9579304,0.9579304,0.004075799,0.037993744
dog game full bug doesnt funtion normal way youll see mean play dogshit game holy never depresses playing shit game make league legend look like good good balanced worst game recommended suicidal,Negative,Negative,0.8247482,0.8247482,0.016111305,0.15914044
even launch trash as game anticheat say launch game anticheat folder fucking disgrace company,Negative,Negative,0.9467053,0.9467053,0.005985715,0.047309063
really many calling copy think gameplay next level even comparable best till date imo please go regret,Positive,Positive,0.4966151,0.4747653,0.028619606,0.4966151
shitty as slow as sloppy as gameplay,Negative,Negative,0.99655664,0.99655664,8.321453e-05,0.0033602668
everyone hating people hating ea support want show good game developer please everyone stop hating game good much effort put please stop hating really enjoy playing ea sport every ea worker really apreaciate work effort tibor nigor peace,Positive,Positive,0.98985213,0.0073174457,0.0028304646,0.98985213
love game no issue whatsoever best game ever exist epic,Positive,Positive,0.99663407,0.0030959402,0.00027009513,0.99663407
fun best,Positive,Positive,0.99856806,0.0012945386,0.00013734357,0.99856806
kimpembe faster mbappe sure,Positive,Positive,0.7209793,0.1875201,0.09150067,0.7209793
never,Neutral,Neutral,0.8735965,0.08578585,0.8735965,0.040617682
returning player look like complete downgrade upgrade see brand new bug,Positive,Positive,0.8603259,0.0701347,0.069539554,0.8603259
cant launch game update ea wtf,Negative,Negative,0.86808866,0.86808866,0.04217911,0.08973221
ffs ea,Negative,Negative,0.6867848,0.6867848,0.11487817,0.19833711
nt start update,Neutral,Neutral,0.9543383,0.011538918,0.9543383,0.034122817
game great mf got poop pc handle,Positive,Positive,0.8217206,0.15083818,0.027441172,0.8217206
perfect making nervous smash whole pc,Positive,Positive,0.8632163,0.10464597,0.032137726,0.8632163
mn,Neutral,Neutral,0.9074467,0.051904038,0.9074467,0.04064929
,Neutral,Neutral,0.8198435,0.08540768,0.8198435,0.09474888
play one game sound stop one game later fully crash,Positive,Negative,0.86783653,0.86783653,0.009790218,0.122373305
toxic game,Neutral,Neutral,0.93016064,0.014989992,0.93016064,0.054849338
still issue launch day smh,Neutral,Neutral,0.6186188,0.08782662,0.6186188,0.29355457
not playable,Neutral,Neutral,0.9202584,0.056307968,0.9202584,0.0234337
worst laggy game ever allow refund game much shet didnt pay lot money game would play since already bought continue theeee badly developed laggy brainfking game ever made shety game made cyberpunk release look perfect,Positive,Negative,0.77938557,0.77938557,0.008900319,0.21171409
buy,Neutral,Neutral,0.9166008,0.028973715,0.9166008,0.054425504
mayan buat device ga kentang,Neutral,Neutral,0.99656963,0.0011174462,0.99656963,0.0023128977
best,Neutral,Positive,0.9867975,0.010052772,0.0031497076,0.9867975
better previous candeez,Positive,Positive,0.9826591,0.012439987,0.0049008825,0.9826591
lot bug see site big update released day ago still lot bug,Neutral,Positive,0.68304837,0.2064138,0.1105378,0.68304837
different better previous version franchise need computer expert well playing fixing game time spend time troubleshoot rather actually playing game buy enjoy new pc troubleshooting simulator,Positive,Positive,0.9923769,0.006368397,0.0012546997,0.9923769
fun good game recomend,Positive,Positive,0.9937144,0.005628371,0.00065716257,0.9937144
trash even open game anymore,Neutral,Neutral,0.8899762,0.046475466,0.8899762,0.063548245
absolute scam ea game literally broken launch tried every fix no use simply run ea go fuck give fuck nothing shower lying thieving bastard fuck ea,Negative,Negative,0.9929806,0.9929806,0.0003839623,0.0066353804
truly terrible experience not even worth playing free,Positive,Negative,0.6020838,0.6020838,0.0030405475,0.39487562
nice game waiting go buy,Positive,Positive,0.9414646,0.039017927,0.019517463,0.9414646
stuck loading screen not start edit working download anticheat ea website uninstall install sec delay starting screen patient gameplay good really enjoyed,Positive,Positive,0.6100566,0.3782849,0.011658524,0.6100566
cant fucking play,Negative,Negative,0.5714707,0.5714707,0.08971594,0.33881345
expect much dissapointed,Neutral,Neutral,0.9713788,0.013445683,0.9713788,0.01517547
worth,Positive,Positive,0.60010594,0.34983096,0.050063066,0.60010594
worst game ever played,Negative,Negative,0.92914724,0.92914724,0.0017319103,0.069120824
really paid could lag entire time played getting refund server garbage buy piece trash game,Negative,Negative,0.5212908,0.5212908,0.081774905,0.39693424
good game finally open,Positive,Positive,0.944624,0.03335697,0.022018995,0.944624
franciaaa st parisss mbapppeeeeeeeeeeeee,Neutral,Neutral,0.96808195,0.018958028,0.96808195,0.012960069
please dont buy game till ea fix goddamn anticheat bug fyi game doesnt even start buy buy look libary edit game opened massive fps drop carreer mode isnt working still dont buy crap,Negative,Negative,0.8383926,0.8383926,0.014257471,0.14734994
worse ever gameplay bad player doesnt even want touch ball dont recommend anyone buy game please ea refund money piece shit game refund money ea dont buy fucking game,Negative,Negative,0.96600926,0.96600926,0.0021276567,0.031863138
always gameplay actually horrendous heavy make mistake buying game every year old hate life,Negative,Negative,0.9719516,0.9719516,0.003292872,0.024755534
ea sport please fix shitty game soon new update launch not run pc worst ever made ea sport anti cheat absoulte shit last week could not even play day today update old shit either fix give money back,Negative,Negative,0.959654,0.959654,0.004685431,0.03566053
goodn,Neutral,Neutral,0.9720357,0.013054964,0.9720357,0.014909259
shit different year,Negative,Negative,0.9114401,0.9114401,0.02924947,0.059310444
game dog shit keep crashing no matter piece shit game even start happy parting way ea,Negative,Negative,0.9508448,0.9508448,0.004313623,0.044841576
pretty good game know people hate say game every year yeah literally else going add football small issue anti cheat game really run soon get work day something around pretty solid game encountered cheat anything would recommend,Positive,Positive,0.98818564,0.011207274,0.0006071333,0.98818564
recommend,Positive,Positive,0.5898286,0.36563388,0.04453746,0.5898286
buy shit,Negative,Negative,0.9116541,0.9116541,0.018977592,0.06936828
terrible,Negative,Negative,0.93494946,0.93494946,0.01304309,0.05200743
ea tololllll sok sok bikin anti cheat ngebug bego goblok sok iye anjingggg,Positive,Negative,0.8550096,0.8550096,0.09063804,0.054352406
waste money cant play game launch game anti cheat issuse sad,Negative,Negative,0.9730234,0.9730234,0.001191202,0.025785342
ive spent much time trying fix fucking game playing many issue reinstalled dll file went missing fixed reinstalled reinstalling guess probably still going fucked whilst playing game crashed least like time hour know pc cause play game way demanding impressive game simply poorly optimised complete waste money time lot spare luckily still fuck ea multi million dollar company cant even make game work pc properly absolute joke something cant use temporarily cooked pc cool back next year,Positive,Positive,0.91791004,0.054124963,0.02796496,0.91791004
game glitchy annoying keyboard randomlu stop working online season match no way fix,Negative,Negative,0.9314012,0.9314012,0.009828185,0.058770586
mbaspe,Neutral,Neutral,0.9720357,0.013054964,0.9720357,0.014909259
play game made ea many bug error,Negative,Negative,0.86936605,0.86936605,0.007854206,0.12277974
want break monitor buy,Positive,Positive,0.7473451,0.19053301,0.062121894,0.7473451
bug though experienced anything massive definitely nice finally current gen pc,Positive,Positive,0.9603138,0.029778576,0.009907644,0.9603138
fajne tylko trzeba miec zapasie oko pad na tydzien gry,Neutral,Neutral,0.9975412,0.00093333446,0.9975412,0.0015254811
sampah,Neutral,Neutral,0.97487223,0.011073995,0.97487223,0.014053791
game dog shit going rape ea,Negative,Negative,0.95584416,0.95584416,0.008195943,0.035959892
love game win loss,Positive,Positive,0.99255306,0.006429808,0.0010170413,0.99255306
want play bot not able play online buy game,Positive,Positive,0.8964524,0.09747902,0.00606861,0.8964524
game bad get game anymore since patch data deleted ea support help simply put otherwise eeverything worked fine relaese day nothing possible,Positive,Positive,0.93685967,0.054739315,0.008401011,0.93685967
wasted life lmao,Positive,Negative,0.68485916,0.68485916,0.012108158,0.30303273
bad game play unlike real football gashapon battle game not football game footballer game use every skill every moment not make sense perfect first touch perfect past every situation buy wait discount,Positive,Positive,0.83922595,0.14705223,0.013721854,0.83922595
pathetic piece sht not even launch since last update,Negative,Negative,0.8394666,0.8394666,0.08252431,0.0780091
really hate want fuck mental health week ultimate team mode term rest game since,Negative,Negative,0.96164,0.96164,0.0022942105,0.036065716
game garbage con performing first time setup every time open game setting reset automatically adjust career mode unplayable find last progress camera reset game revert unless restart game sometimes player act fut champion game feel heavy many glitch player switching issue pro get outside foot goal moon script alt uninstall last time bought decided give try never,Positive,Positive,0.8945019,0.066747785,0.038750276,0.8945019
jklj,Neutral,Neutral,0.9720357,0.013054964,0.9720357,0.014909259
nice year,Positive,Positive,0.94547886,0.039170254,0.015350895,0.94547886
played know issue fully playable played two game opponent slows game winning game crash read quick writing window background say locking pc shuts impossible deal asking refund edit tried repurchase game found downgrading spec help anyway game time slowed kicked still not enjoyable not recommended purchase,Positive,Positive,0.98093283,0.016066667,0.0030004405,0.98093283
perfect ig,Positive,Positive,0.92077374,0.03404685,0.045179382,0.92077374
nice game gg,Positive,Positive,0.99321365,0.006052163,0.00073418935,0.99321365
graphic forget reality beautiful good decent bad look long paint exe gameplay good good gameplay meh starring wall better unistall audio eargasm good good not bad bad earrape audience kid teen adult human lizard pc requirement check run paint exe potato decent fast rich boi ask nasa spare computer difficulty press key easy significant brain usage easy learn hard master difficult dark soul grind nothing grind care leaderboards rank necessary progress average grind level much grind need second live grinding big bag money story story text audio floating around average good lovely replace life game time long enough cup coffee short average long infinity beyond price free worth price spare money left not recommended could also burn money bug never heard minor bug get annoying ark survival evolved cyberpunk,Positive,Positive,0.94682807,0.04343812,0.009733838,0.94682807
really good game first game ever gotten pretty easy get game complaint play cross gen,Positive,Positive,0.98504514,0.012762482,0.002192347,0.98504514
no no ref dont know offside,Negative,Negative,0.9515427,0.9515427,0.008971018,0.039486323
spend time fix bug playing game,Positive,Positive,0.57315916,0.29249793,0.13434286,0.57315916
far worst game ive ever played dont buy garbage shit dogshit stupid game fucking paytowin garbage crap,Negative,Negative,0.9863479,0.9863479,0.000570234,0.01308186
paid early access game even launch,Negative,Neutral,0.77101505,0.14499676,0.77101505,0.08398824
no big difference old wine new bottling expecting better game playing year bad game waste money,Negative,Negative,0.8145838,0.8145838,0.008055344,0.17736094
please fix controller setting not saved,Neutral,Positive,0.505881,0.43080896,0.06331004,0.505881
game wont start spent hour yesterday today trying get game start really cba bullshit surely day issue whole ea team done anything watse money,Negative,Negative,0.69908875,0.69908875,0.107053325,0.19385788
raxist,Neutral,Neutral,0.9720357,0.013054964,0.9720357,0.014909259
game legit issue starting every single time try play even recommend anyone buy probably spent game time trying figure need start game,Positive,Positive,0.80899084,0.13353515,0.057474047,0.80899084
worst game ever full game breaking bug including stupid goalkeeper ai horrible passing mechanic next inconsistency gameplay one match play clean football next game scripted loose promo pack scam giving playing mode get cool pack get absolutely nothing ea care fan actually playing game not pay wininng tell stupid thing ever happened game ea set game play wc swap give soft ban played many game clearly said play round seriously even played round first score game mode know work ea seriously need change stuff urgently,Negative,Negative,0.9171668,0.9171668,0.01031912,0.07251406
save money spend elsewhere game trash patch going fix,Positive,Negative,0.56040496,0.56040496,0.08367765,0.35591733
better,Positive,Positive,0.952345,0.028355421,0.019299623,0.952345
game startup problem,Negative,Negative,0.8463262,0.8463262,0.02716538,0.12650838
bro game bro,Neutral,Neutral,0.9785704,0.008381978,0.9785704,0.01304766
game worse,Negative,Negative,0.9146923,0.9146923,0.014949823,0.07035795
ridiculous stubborn error not letting play whats sense releasing something filled error big company,Negative,Negative,0.96685565,0.96685565,0.001908236,0.031236118
,Neutral,Neutral,0.8198435,0.08540768,0.8198435,0.09474888
good mechanic cost much,Positive,Positive,0.9340213,0.056781854,0.009196739,0.9340213
hao,Neutral,Neutral,0.9720357,0.013054964,0.9720357,0.014909259
great game play friend,Positive,Positive,0.9981623,0.0017372997,0.00010046141,0.9981623
absolute garbage would not recommend anytime soon whoever decided ratshit worth fired,Negative,Negative,0.5007565,0.5007565,0.031358305,0.46788517
game would fun didnt take hour launch,Positive,Positive,0.93527365,0.030032866,0.034693483,0.93527365
shit game crash every feckin time,Negative,Negative,0.96986365,0.96986365,0.0050294446,0.025106829
hour play intro match nothing else created character career mode cant advance play match nothing work ultimate team also not working infinite load unplayable,Positive,Negative,0.5529037,0.5529037,0.08644678,0.36064956
try hards ez rahhhhhhhhhhhhhhhhhhhhhhhhhhh,Positive,Positive,0.9130118,0.044341218,0.04264703,0.9130118
last year ea bother change anything career frustrating year made harder install mod also completely destroyed gameplay game scripted ai clearly broken not even funny even feel like playing game anymore steaming hot pile fucking garbage brings nothing frustration,Negative,Negative,0.7016442,0.7016442,0.07172462,0.22663121
vg,Neutral,Neutral,0.9779799,0.009313095,0.9779799,0.012706956
best game,Positive,Positive,0.98675436,0.009997923,0.0032477726,0.98675436
not pre purchased not able go game already asked refund september,Neutral,Negative,0.914687,0.914687,0.036101516,0.04921146
fucking shit never launch every shot,Negative,Negative,0.96480113,0.96480113,0.007896846,0.027302021
kinda okay,Positive,Positive,0.9250629,0.049024947,0.02591208,0.9250629
asssssdasfaasd,Neutral,Neutral,0.9720357,0.013054964,0.9720357,0.014909259
game not running often shame already half season ea still fix issue,Negative,Negative,0.8326655,0.8326655,0.044461768,0.12287265
love game play literally get play spend average minute trying get launch game disaster either ea anticheat ea app link ea really bad,Negative,Positive,0.6436597,0.35192242,0.004417933,0.6436597
not good game,Negative,Positive,0.7542322,0.18405092,0.061716888,0.7542322
not starting,Neutral,Neutral,0.87898064,0.07718012,0.87898064,0.04383921
simply run tried suggestion people also get run nothing work waste time money hour playtime say sitting splash screen nothing happening,Positive,Negative,0.6868014,0.6868014,0.1294519,0.18374664
like fun fuck,Positive,Positive,0.68825734,0.30981594,0.0019267277,0.68825734
game waste money made huge mistake buying ultimate edition refunded saving grace got sale worst football game played maybe ever played many fifas recently playing pe playing mess plan staying pe quite frankly someone predominantly play single player career mode not good best way describe gameplay bizarre either easily win scoring goal cpu simply walk team score not changed difficulty game fluctuates much painfully obvious game scripted actually watch defender move way open space ai exploit played match less goal scored honestly make scoring less satisfying frustrating concede player movement somehow look less realistic past fifas player seem skate around additionally found ball sometimes scream air simple headed pass type speed would simply impossible real life game also badly optimized pc game get around fps cut scene get close not buy game even sale not worth,Positive,Positive,0.6420787,0.34029242,0.017628891,0.6420787
game every year,Neutral,Neutral,0.9824076,0.008555792,0.9824076,0.009036536
monkey funny,Positive,Positive,0.8378404,0.085933514,0.07622609,0.8378404
kurac,Neutral,Neutral,0.9749508,0.010944003,0.9749508,0.014105197
movement horrendous player iq sofa game doesnt even boot half time overall little something everyone,Negative,Negative,0.71231765,0.71231765,0.059309855,0.22837251
wow game ing suck home ml team even manager stadium play ted lasso fictional pre built stadium,Positive,Positive,0.5764338,0.39359543,0.029970711,0.5764338
lag time,Negative,Negative,0.91820955,0.91820955,0.016320143,0.06547037
week still work give money back,Neutral,Neutral,0.6196665,0.23210505,0.6196665,0.14822839
origin ea play suck,Neutral,Negative,0.8399244,0.8399244,0.012402456,0.1476731
gooood stuff,Neutral,Neutral,0.99680674,0.0011869159,0.99680674,0.0020063638
fucking origin,Neutral,Neutral,0.8639363,0.07143448,0.8639363,0.06462922
great game mush issue launching,Positive,Positive,0.9790067,0.015078238,0.005915006,0.9790067
mbapp,Neutral,Neutral,0.99029374,0.0037312466,0.99029374,0.005975035
maybe broken aaa release ever seen pc even month release game even launch ea support say redownload game shameful even refund broken mess,Negative,Negative,0.978775,0.978775,0.0011010724,0.02012383
pc difference obvious new lineup build lot gameplay improvement career richmond deserve attention,Positive,Positive,0.9379944,0.045654017,0.016351549,0.9379944
world cupppppp,Neutral,Neutral,0.8866311,0.03582902,0.8866311,0.07753996
game not game wanna buy reason headache thinking taking suicide etc,Negative,Positive,0.46863228,0.3514593,0.17990844,0.46863228
good game love much,Positive,Positive,0.9958681,0.0037697153,0.0003622347,0.9958681
littered input delay bug etc not fun football game minute running wing simulator game replica american truck simulator,Negative,Positive,0.91976035,0.06597104,0.014268634,0.91976035
game fucking shit pay win pls not spend money game even buy game game wise fun people like credit card fc make game unenjoyable average player wopuld not reccopmend,Positive,Positive,0.7625506,0.20100844,0.036440957,0.7625506
pice shit not starting,Negative,Negative,0.95674115,0.95674115,0.0089029195,0.034355864
need great pc run game decent gaming pc might not work,Positive,Positive,0.9474468,0.035685826,0.01686735,0.9474468
not bad,Positive,Negative,0.9169938,0.9169938,0.0230408,0.059965365
like pulling teeth,Positive,Positive,0.84483325,0.11864051,0.036526203,0.84483325
dadadadadada,Neutral,Neutral,0.9720357,0.013054964,0.9720357,0.014909259
lot problem opening frustrating expected ea,Negative,Negative,0.9647048,0.9647048,0.0048802705,0.030415026
aaaaaaaaaaaaaaaaaaaaaaaaaaaaaaaaa,Neutral,Neutral,0.9720357,0.013054964,0.9720357,0.014909259
okay je,Positive,Positive,0.78105783,0.094717786,0.124224305,0.78105783
fuck shit,Negative,Negative,0.99320626,0.99320626,0.0003411196,0.006452603
let play damn game whenever try launching get black screen nothing load,Negative,Negative,0.7055321,0.7055321,0.04467433,0.24979359
different yet thing dont like spending money win game aint ya not much bug expected kid shit talking game go play fortnite,Positive,Negative,0.6641776,0.6641776,0.026746359,0.3090761
love game bot dose not work buy,Positive,Positive,0.96701574,0.020953305,0.012031055,0.96701574
shit every year lasst,Negative,Negative,0.95505023,0.95505023,0.012866613,0.03208322
hour gameplay thats time spent trying open game havent even gotten main screen cant make passed anti cheat load page ive tried every solution thats put ea suck dick thank unplayable game yet,Negative,Negative,0.86637074,0.86637074,0.023547554,0.11008176
decently balanced fut fun always,Positive,Positive,0.8499961,0.11408331,0.035920568,0.8499961
best football game ever,Positive,Positive,0.9939214,0.004366111,0.0017125132,0.9939214
shjt game lagging although play bot omg fix pls,Positive,Negative,0.5843436,0.5843436,0.0107571045,0.40489924
anticheat incredibly broken game constantly stop working properly sometimes open,Negative,Negative,0.8876188,0.8876188,0.030485863,0.08189545
feel genuinely different,Neutral,Neutral,0.63903236,0.069330886,0.63903236,0.29163674
alright not good not bad either,Positive,Negative,0.7301716,0.7301716,0.00788138,0.26194695
,Neutral,Neutral,0.8198435,0.08540768,0.8198435,0.09474888
cai like game like game dddd,Positive,Positive,0.9369702,0.055882122,0.0071475683,0.9369702
fut pack suck,Negative,Negative,0.8936842,0.8936842,0.031154148,0.075161636
not buy game wasted money product far worst game ever touched server terrible fair play not thing scripting blatantly obvious stopped playing today played wl last night haaland upfront cant score goal shot onana opponent run pitch score first shot finishing rudiger game absolutely terrible hacker joke lose game second overall buy game obvious game want lose fair payed dame everyone else people ea golden child luck world game unfair not buy,Negative,Negative,0.76467764,0.76467764,0.033950392,0.20137192
fun dont break controller get depression,Negative,Positive,0.8313359,0.14666355,0.022000546,0.8313359
yesss,Neutral,Neutral,0.9770358,0.012963416,0.9770358,0.010000759
buy ultimate edition cannot play today pc due anti cheat error stupid ea link reddit ea anti cheat link twiiter news,Negative,Negative,0.9750167,0.9750167,0.0027414567,0.022241905
dsfa,Neutral,Neutral,0.9720357,0.013054964,0.9720357,0.014909259
great graphic well made sometimes glitchy overall amazing,Positive,Positive,0.9985025,0.0013958808,0.00010164177,0.9985025
kinda nice,Positive,Positive,0.97548646,0.018178392,0.0063352073,0.97548646
game virtually unplayable tried multiple career mode virtually no way load back next time get game every time loaded game acted like first time played even fixed first time setup issue continued game really excited play want money back terrible,Positive,Negative,0.69752365,0.69752365,0.027152766,0.27532357
game extremely lagging time,Negative,Negative,0.8941005,0.8941005,0.020737706,0.08516178
shit as game,Negative,Negative,0.99060494,0.99060494,0.0005025348,0.008892487
released patch made game unplayable menu load fine im game frame seem drop whole thing slow motion doesnt translate software computer issue devs release latest update strongly advise not playing game pc,Negative,Negative,0.5152912,0.5152912,0.033011723,0.4516971
dont work,Neutral,Neutral,0.9554946,0.02380325,0.9554946,0.020702159
played day bout end sad,Negative,Negative,0.8293517,0.8293517,0.012960907,0.15768741
glitchy game run properly cross platform pointlessly restrictive ea suck,Negative,Negative,0.7670842,0.7670842,0.15956953,0.073346235
bu sene powershot zelli olsun hypermotion olsun ok ey katm oyuna zden keyifle oynuyorum tl verilirmi verilir day ea sport selam olsunnn,Neutral,Positive,0.555286,0.35464913,0.09006489,0.555286
doesnt let play,Negative,Positive,0.47718257,0.4603271,0.06249032,0.47718257
lag game broken ref not anything not open,Negative,Negative,0.98690075,0.98690075,0.0020105354,0.011088777
game fucking shit devs actually retarded,Negative,Negative,0.9655288,0.9655288,0.0038325656,0.030638635
expensive little improvement good,Positive,Positive,0.993349,0.004927616,0.0017233343,0.993349
really enjoying game update game start load profile gone,Positive,Positive,0.4811168,0.19737926,0.321504,0.4811168
game fucking start,Neutral,Neutral,0.98338795,0.0070809494,0.98338795,0.009531099
tried several solution fix anti cheat error nothing worked last night play well today error code ea anticheat detected unacceptable configuration ensure no cheat software active please fix bug,Negative,Negative,0.91432786,0.91432786,0.007687328,0.07798487
bad wont even let game,Negative,Negative,0.95317084,0.95317084,0.009819292,0.03700986
game shit optimize pc please keep fucking crashing,Positive,Negative,0.75139415,0.75139415,0.019663239,0.22894251
recommend game really fun play buy,Positive,Positive,0.97440875,0.02460829,0.0009829778,0.97440875
wanted player club giving player kind chemistry game laggin overall skill getting slow hypermotion worst player thinking delayed cant play game pc console wright,Negative,Negative,0.85605735,0.85605735,0.032506946,0.11143569
chinese new year not korean junk game,Neutral,Neutral,0.6162025,0.3365651,0.6162025,0.04723239
worst game ever made terrible game,Negative,Negative,0.99237704,0.99237704,0.0002793555,0.0073435833
wasting money son,Negative,Negative,0.7208268,0.7208268,0.1038401,0.1753331
problem previous game series close no new content exploitable ai clunky control etc depending day anti cheat sometimes fails load therefore game start even benefit anti cheat play singleplayer career mode,Negative,Negative,0.96843195,0.96843195,0.0020080644,0.029559929
like,Positive,Positive,0.8539407,0.11380052,0.032258756,0.8539407
freeze stuck,Neutral,Negative,0.80836856,0.80836856,0.016447747,0.17518367
fuck stupid as game god forbid even work connect server ever stupid fuck ea help finger as,Negative,Negative,0.9966169,0.9966169,4.8305465e-05,0.0033347367
no reason past two day game stuck trying run background no avail meaning missed first week fut champ pack first pc need run admin not able play game bother paying dollar ultimate edition might well pay console game worked better,Negative,Positive,0.96670884,0.0294029,0.0038883365,0.96670884
lm yor amine ea anticheat anay,Neutral,Neutral,0.98154944,0.0066704527,0.98154944,0.011780071
le,Neutral,Neutral,0.9567951,0.013417297,0.9567951,0.029787624
another,Neutral,Neutral,0.5090042,0.24791878,0.5090042,0.24307702
classic classic issue game crash every time launch weird bug audio randomly make start game like installed issue obvious upfront swear test game releasing anymore,Positive,Positive,0.7530732,0.14664039,0.100286394,0.7530732
broken ever want lose year ur life buy ea office clearly not watched football,Negative,Negative,0.75981957,0.75981957,0.01931958,0.22086084
hypermotion better time,Positive,Positive,0.923508,0.052846767,0.023645323,0.923508
fix fucking game passing retarded,Negative,Negative,0.6372038,0.6372038,0.21327835,0.14951788
smashed controller keyboard really good game,Positive,Positive,0.6169898,0.3449403,0.038069945,0.6169898
better,Positive,Positive,0.952345,0.028355421,0.019299623,0.952345
terrible work around quick fix anti cheat doesnt work cant play game oh say played hour busy trying start restart game deinstalling anti cheat reinstalling downloading anti cheat ea deinstalling reinstalling game want new ati cheat us install fail yes secure boot anti virus im getty sad angry remove anti cheat let player play found solution maybe maybe reuse anti cheat never play online since cant play game online issue doesnt ea respect customer,Positive,Negative,0.8886065,0.8886065,0.009183737,0.1022098
recommend game even properly launch game dig around forum fix launch even fixing launch bug ea implemented new anticheat software game launch take age load slow buggy menu lackluster repetitive dull old copy pasta content ultimate team big step backwards compared actually run great compared trash,Negative,Positive,0.89523995,0.093577854,0.0111822095,0.89523995
cant launch fk anti cheat,Negative,Negative,0.8115972,0.8115972,0.14078727,0.04761545
love game,Positive,Positive,0.98149717,0.014524994,0.00397793,0.98149717
wouldnt reccomend im jus trynna get badge innit,Neutral,Neutral,0.8847505,0.074389726,0.8847505,0.04085974
game best anti cheat ever encounter game ever played life anticheat prevents game opening cant cheat clever recommend,Positive,Positive,0.91167617,0.08400473,0.0043191044,0.91167617
buggy,Neutral,Neutral,0.8237896,0.071635365,0.8237896,0.10457513
game trash,Neutral,Neutral,0.97178966,0.00979135,0.97178966,0.018418945
many bug cant open myfifa fc,Neutral,Neutral,0.9791088,0.014708049,0.9791088,0.0061831516
opmmoi,Neutral,Neutral,0.9720357,0.013054964,0.9720357,0.014909259
sunt cel mai bun mijlocas la pro club,Neutral,Neutral,0.8247775,0.035077773,0.8247775,0.14014475
,Neutral,Neutral,0.8198435,0.08540768,0.8198435,0.09474888
starting problem absolute garbage still day die hate game hate ea unusable app made delete origin way launch damn game even want waste money get game,Negative,Negative,0.9746406,0.9746406,0.001443223,0.02391617
preordered ultimate edition get day early access still yet play anticheat thanks ea,Positive,Positive,0.9738332,0.020634767,0.005532033,0.9738332
good foda,Positive,Positive,0.9012014,0.054420963,0.044377644,0.9012014
game mad laggy not still waiting world cup mode,Negative,Neutral,0.56492776,0.29153606,0.56492776,0.14353614
trash game nu pot sa mi dau invite lu robert putrezitu sal fac oleak,Positive,Neutral,0.81476563,0.032741185,0.81476563,0.15249318
xsoh main aah muu budak game ni,Neutral,Neutral,0.94637537,0.042348668,0.94637537,0.011275921
wowe,Neutral,Neutral,0.9720357,0.013054964,0.9720357,0.014909259
maybe best ever graphic gameplay atmopshere feeling sound point not perfect could better little thing still imo cant talk multiplayer tho play pro co op,Positive,Positive,0.97893906,0.018667584,0.002393366,0.97893906
ea done forced update game no longer run pc dont buy bullshit fixed sale,Negative,Negative,0.95630544,0.95630544,0.0068357494,0.036858875
bro good,Positive,Positive,0.891859,0.07241759,0.03572345,0.891859
dont waste money update role anticheat messed update origin doesnt recognise game installed mouse reverts centre screen menu go nut still time still mess verify integrity file make work ea still hasnt addressed problem uninstalled origin use ea app work properly think thats solution problem,Negative,Negative,0.8989233,0.8989233,0.007329979,0.093746774
want heart attack recommend game,Negative,Positive,0.63991606,0.3545918,0.005492122,0.63991606
amazing,Positive,Positive,0.99158174,0.00610085,0.0023173888,0.99158174
one worst fifas ever played straight garbage,Negative,Negative,0.618948,0.618948,0.007859639,0.37319243
tbh good,Positive,Positive,0.82142055,0.14729339,0.031286057,0.82142055
bean,Neutral,Neutral,0.729865,0.058528297,0.729865,0.21160671
poo poo pee pee,Neutral,Neutral,0.99991775,1.573617e-05,0.99991775,6.655224e-05
subscribed ea play get hour trial got nothing ea cheat not working whole day,Negative,Negative,0.5707537,0.5707537,0.084372364,0.34487393
commentator know expression textbook defending not textbook defending literally unplayable,Neutral,Neutral,0.98408765,0.010114949,0.98408765,0.0057973806
many bug hard start game week still issue not resolved unable start since last week game suck not even refunding foolish reason played hr,Negative,Negative,0.8166314,0.8166314,0.013114557,0.17025411
better no,Negative,Positive,0.8820929,0.106444836,0.011462282,0.8820929
shit game work procent time,Negative,Negative,0.9417274,0.9417274,0.012011134,0.046261553
many trouble origin cant lunch game easily anti cheat etc,Negative,Negative,0.9686022,0.9686022,0.0045803115,0.02681758
performance bad team concern user problem low fps frame stuttering,Negative,Negative,0.98509926,0.98509926,0.0004933196,0.014407339
good game,Positive,Positive,0.9314501,0.050152954,0.018396938,0.9314501
good,Positive,Positive,0.92512983,0.054977793,0.019892411,0.92512983
shit game wont start,Negative,Negative,0.93538433,0.93538433,0.018075574,0.046540152
bought game release like many people pc game failed launch correctly able play day update come fix problem managed clock maybe hour actual playtime yet get game whatsoever like week none issue fixed almost week release absolutely disgraceful,Negative,Positive,0.52097636,0.44475624,0.034267344,0.52097636
phenomenal game,Neutral,Neutral,0.8072907,0.04990119,0.8072907,0.14280814
good experience,Positive,Positive,0.9220667,0.062430754,0.015502531,0.9220667
wow xd,Positive,Positive,0.98715496,0.0105253,0.0023197012,0.98715496
game cant played say running launch,Negative,Positive,0.59203005,0.26493865,0.1430313,0.59203005
,Neutral,Neutral,0.8198435,0.08540768,0.8198435,0.09474888
epic cool gamer,Positive,Positive,0.95595074,0.021251747,0.022797542,0.95595074
game fun good,Positive,Positive,0.9906991,0.00827828,0.0010226663,0.9906991
please try home,Positive,Positive,0.91235113,0.05582839,0.031820484,0.91235113
nominated best game year,Positive,Positive,0.95586044,0.024813017,0.01932665,0.95586044
nah save money,Positive,Negative,0.54664916,0.54664916,0.034542106,0.4188087
worst decision ever include anticheat crap creates ton bug course make game worst game ever ea,Negative,Negative,0.9909242,0.9909242,0.00033960535,0.008736171
ea banned making game even caveman code better garbage,Neutral,Negative,0.5698402,0.5698402,0.03532,0.3948398
good game addictive,Positive,Positive,0.939315,0.033357672,0.027327277,0.939315
futball,Neutral,Neutral,0.9720357,0.013054964,0.9720357,0.014909259
tried game free weekend gotta say really okay price fun person get angry easily wouldnt recomend game overral graphic fun community,Positive,Positive,0.9974291,0.0021030821,0.00046793005,0.9974291
,Neutral,Neutral,0.8198435,0.08540768,0.8198435,0.09474888
jeux coder avec le cul,Neutral,Neutral,0.98634106,0.007608497,0.98634106,0.00605042
robbed paid extra day early access could look anticheat screen,Neutral,Neutral,0.9725375,0.004240678,0.9725375,0.023221822
best game thiss planmet,Positive,Positive,0.9864417,0.00949291,0.004065381,0.9864417
mbappe bad,Negative,Negative,0.8742283,0.8742283,0.04090276,0.084868915
,Neutral,Neutral,0.8198435,0.08540768,0.8198435,0.09474888
fucking horrible crash,Negative,Negative,0.95576054,0.95576054,0.007856108,0.03638333
mbappe op,Neutral,Neutral,0.98911697,0.0041574347,0.98911697,0.0067255483
shitty game,Negative,Negative,0.90841985,0.90841985,0.028626546,0.062953554
want enable secure boot game led buying another pc old one enabling secure boot turn anymore,Positive,Positive,0.9813153,0.013381462,0.005303213,0.9813153
recommended remote play offline experience played online yet hr playing game conclude best way play creating player based friend downloading mod unlocks country national team assigning created player national team playing said friend using remote play screaming pas ball discord friend watching commentating game losing nigeria quarter final world cup offline experience remote play experience,Positive,Positive,0.98489445,0.014255399,0.00085012044,0.98489445
ea launcher suck game suck,Negative,Negative,0.9830185,0.9830185,0.0020710072,0.014910534
new low,Negative,Negative,0.6998399,0.6998399,0.10348611,0.19667394
please fix ea anti cheat really annoying take lot time launch game,Negative,Negative,0.81755406,0.81755406,0.020362442,0.16208355
game even start released without proper testing day still fixed anti cheat issue pc community played game showing hour playtime frustrating complete waste time money resource not buy game company fix,Negative,Negative,0.83152485,0.83152485,0.036511716,0.13196348
,Neutral,Neutral,0.8198435,0.08540768,0.8198435,0.09474888
ea made game cant even play,Negative,Negative,0.68747157,0.68747157,0.044777352,0.26775113
bad hate game think best shit login every time fuck,Negative,Negative,0.98853,0.98853,0.00014822363,0.011321831
really exciting entertaining become awesome produce cross platform,Positive,Positive,0.88742316,0.08786103,0.024715835,0.88742316
doesnt fucking launch,Neutral,Neutral,0.9287649,0.044688787,0.9287649,0.026546286
worst pc port ever many problem,Negative,Negative,0.99349964,0.99349964,0.0002492917,0.0062510674
game not optimized,Negative,Positive,0.6183198,0.22645286,0.15522732,0.6183198
unplayable pile shit,Negative,Negative,0.9279429,0.9279429,0.01676839,0.055288814
stop complaining pc gamers cant muck optimisation sort problem get back console little tweaking getting fps smooth old gtx play better last year air possibility pas come rather probability enjoying,Positive,Positive,0.6874383,0.28855845,0.024003262,0.6874383
trust game terrible rtx super th gen cpu game lag fps drop fps masterpiece comparison,Positive,Negative,0.6904164,0.6904164,0.010640084,0.29894352
yes ball,Positive,Positive,0.94721776,0.033940293,0.018841978,0.94721776
game even fucking load hour game even launch anymore,Neutral,Neutral,0.79313385,0.14951427,0.79313385,0.05735184
highly biased game engineer working laid immediate effect,Negative,Negative,0.47904858,0.47904858,0.12680238,0.394149
bye,Neutral,Neutral,0.84591746,0.07200441,0.84591746,0.08207816
inconsistent much lag,Negative,Negative,0.92601645,0.92601645,0.013074551,0.060908966
besttt,Neutral,Neutral,0.9720357,0.013054964,0.9720357,0.014909259
game full lag sometimes cant even open game due ea anti cheat sometimes memory dump,Negative,Negative,0.9903999,0.9903999,0.00092178397,0.008678403
game horrible id rather get fucked jerome incher play game anymore physic feel like im playing nhl not feel like ice game bad game devs made game need jobless need shamed public making god awful video game,Negative,Negative,0.94825166,0.94825166,0.0020365124,0.049711835
bit buggy time overall pretty fun game seems like fixed issue launching since able launch game trouble free every time ea always making feel like spend money get anywhere time still able fun,Positive,Positive,0.9968015,0.0027334664,0.0004649619,0.9968015
ea sport game,Neutral,Neutral,0.91216063,0.028114544,0.91216063,0.05972476
,Neutral,Neutral,0.8198435,0.08540768,0.8198435,0.09474888
,Neutral,Neutral,0.8198435,0.08540768,0.8198435,0.09474888
,Neutral,Neutral,0.8198435,0.08540768,0.8198435,0.09474888
like way men play ball,Positive,Positive,0.95174843,0.044512395,0.0037391891,0.95174843
fun ngl,Positive,Positive,0.8970643,0.08098914,0.021946501,0.8970643
thanks kanye cool,Positive,Positive,0.99135673,0.007859494,0.0007837114,0.99135673
dont buy game,Neutral,Neutral,0.9510508,0.025888925,0.9510508,0.023060277
monkey better optimization,Positive,Positive,0.96848863,0.023631815,0.007879593,0.96848863
lav,Neutral,Neutral,0.9720357,0.013054964,0.9720357,0.014909259
fine game friend alone no no no much rage xd fun kose nane ea,Negative,Positive,0.95993346,0.03829992,0.0017666201,0.95993346
best world,Positive,Positive,0.98993206,0.007867716,0.0022002305,0.98993206
luv,Neutral,Neutral,0.8212653,0.06506341,0.8212653,0.11367134
passed kicked sent ball moon like harry kane overall good,Positive,Positive,0.9727844,0.023917345,0.003298313,0.9727844
addiction,Neutral,Neutral,0.98221105,0.0054837405,0.98221105,0.012305219
shit game like always,Negative,Negative,0.9336369,0.9336369,0.0029728198,0.06339033
whether anti cheat fact origin fucking shit one way cant launch game without running multitude troubleshoots ea moment,Negative,Negative,0.9185438,0.9185438,0.014465076,0.06699109
bad game bad history knowledge would prefer korean christmas,Negative,Negative,0.96763915,0.96763915,0.004517,0.027843803
game id ia completly broken sometimes even play right player decide run oppisite direction attack ia want win not win another thing happens enemy team player always faster freaking bale speed run slower jordi alba believe love play something else smash screen,Negative,Negative,0.5323679,0.5323679,0.04685497,0.42077714
gggggggggg,Neutral,Neutral,0.9720357,0.013054964,0.9720357,0.014909259
im flate grass issue plssss update crash,Negative,Neutral,0.6673231,0.27837077,0.6673231,0.054306123
veri naice,Neutral,Neutral,0.9831198,0.0065428833,0.9831198,0.010337366
semi shit,Negative,Negative,0.9250116,0.9250116,0.01224795,0.06274055
polecam lecz mam przez gr czasem li samob jcze czasem nie prawie kontroler wylecia przez okno,Neutral,Neutral,0.848674,0.03194496,0.848674,0.119381
fun great graphic,Positive,Positive,0.9981165,0.0017480782,0.00013544226,0.9981165
god,Positive,Positive,0.862102,0.070307896,0.06759015,0.862102
not free libraly gave fucking money,Negative,Positive,0.6701638,0.22839092,0.101445295,0.6701638
made sure play game long period posting game better previous fifas term mechanic skill level required move rank issue game pc obviously get no warning purchasing gameplay laggy not enjoyable pc progress far like course gameplay completely fine whilst game still eligible returned refunded since passed period issue pc not cheap easily run game highest quality little stress cpu playing however issue still occur everyone pc purchased game get refund ridiculous especially cost amount purchase game one next gen console opposed not good also anyone make suggestion already installed game changed setting tampered nvidia see would solve problem none worked also scanned repair also not worked,Negative,Negative,0.5525025,0.5525025,0.014048749,0.43344876
run pitch pas far post goal griddy game want bad mechanic,Negative,Positive,0.52572167,0.45389718,0.020381177,0.52572167
restart match career mode,Neutral,Neutral,0.9825241,0.004683997,0.9825241,0.012791904
nice game problem lauching first time hope fix future,Positive,Positive,0.8883449,0.10760484,0.004050297,0.8883449
game experience say least many tall muscular sweaty black people face made racist kkk ever not forget woman game either pumped unholy amount steroid body done sextransplants sending ft lb character christ fun game highly recommended,Positive,Negative,0.698672,0.698672,0.022188975,0.27913904
fun game hahahaa,Positive,Positive,0.95435655,0.030957274,0.014686222,0.95435655
good guess,Positive,Positive,0.9796332,0.015327775,0.0050389557,0.9796332
awesome game graphic amazing,Positive,Positive,0.9988901,0.0009798958,0.00013000738,0.9988901
playing hr cant launch game suddenly watched youtube video fix couldnt fix,Positive,Positive,0.72437036,0.23400462,0.041625075,0.72437036
nothing say,Neutral,Neutral,0.85626286,0.09081362,0.85626286,0.052923445
worst ever,Negative,Negative,0.9705714,0.9705714,0.0031809802,0.026247613
like,Positive,Positive,0.8539407,0.11380052,0.032258756,0.8539407
lplp,Neutral,Neutral,0.9720357,0.013054964,0.9720357,0.014909259
,Neutral,Neutral,0.8198435,0.08540768,0.8198435,0.09474888
dont read controller tried everthing,Neutral,Neutral,0.7311058,0.17486145,0.7311058,0.094032735
jhgjghjgh,Neutral,Neutral,0.9720357,0.013054964,0.9720357,0.014909259
game installed never started never got play,Negative,Negative,0.5893237,0.5893237,0.10220627,0.30847004
no cross play stupidest idea game like ever almost everything win ultimate team untradable unless spend real money pack even still not tradable cloud sync error almost daily manually save gameplay fine typical no real improvement since really,Positive,Positive,0.5219486,0.46231076,0.015740715,0.5219486
seriously buy launch anyway,Negative,Neutral,0.38083377,0.37157413,0.38083377,0.24759206
ea puede succionar los huevos,Neutral,Neutral,0.72999007,0.19001216,0.72999007,0.07999775
made go bios start game bad bad,Negative,Negative,0.9657196,0.9657196,0.0030892147,0.03119127
much bug not worth price,Negative,Positive,0.4607167,0.4399486,0.099334754,0.4607167
absolutely atrocious performance optimization crash constantly launching menu laggy take time navigate infuriating crash loading match literally kept trying play everytime kind error crash terrible,Negative,Negative,0.9816436,0.9816436,0.0008409227,0.01751544
everytime update start issue,Neutral,Neutral,0.9901748,0.004559523,0.9901748,0.005265764
happy last garbage usual plenty bug havnt example camera delayed almost every game cutscene sometimes result clicking skip button accidentally pas ball wrong way setpiece player also irresponsive change direction even start running want player make early tackle player proceeds trip game commentary tell great tackle ref give foul even though never got ball anti cheat bullshit everyone talking well list go ea must worst gaming company never disappointed game one sell,Negative,Negative,0.92870665,0.92870665,0.003735424,0.06755796
good game not different though world cup mode cool however,Positive,Positive,0.98476636,0.011261631,0.0039719874,0.98476636
really laggy stuttering especially cutscene taking corner bug last year game still exist new game im dissapointed please ea fix game optimize better smooth gameplay experience tq,Positive,Positive,0.8607805,0.11285877,0.026360763,0.8607805
veryyyyyyyyyyyyyyyyyyyyyyyyyyyyyyyyyyyyyyyyyyyyyyyyyyyyyy good,Positive,Positive,0.9037402,0.067529745,0.02873005,0.9037402
game every get bullied trash stop playing week come back get dogged,Negative,Negative,0.75713974,0.75713974,0.042774383,0.20008588
second ever dog shit fuck cancer game fuck slob faggot actually play dog shit fucking game playing cancer worse dying soul game bos id rather commit suicide play game,Negative,Negative,0.9861713,0.9861713,0.00076969794,0.0130589465
crash crypto,Neutral,Neutral,0.8892179,0.07141044,0.8892179,0.03937165
,Neutral,Neutral,0.8198435,0.08540768,0.8198435,0.09474888
game beta gua dah mau menang lawan tim ovr gila tiba dc gajelas gabisa reconnect lagi,Neutral,Neutral,0.9239547,0.050359484,0.9239547,0.025685841
start game uninstall origin follow step go ea com download ea app done origin shod not work open ea play not work try gogle,Positive,Positive,0.8522373,0.10970322,0.03805947,0.8522373
muie,Neutral,Neutral,0.8409007,0.048801266,0.8409007,0.110297956
amazing game love,Positive,Positive,0.9994999,0.000455497,4.4615266e-05,0.9994999
pay money kick ball,Negative,Positive,0.46543255,0.334304,0.20026352,0.46543255
siu,Neutral,Neutral,0.9792641,0.008278035,0.9792641,0.012457926
liked card design not like chemistry system safe say pretty mid,Positive,Positive,0.95798826,0.037093695,0.0049180426,0.95798826
game look like steaming pile shit,Negative,Negative,0.84948146,0.84948146,0.00878958,0.14172901
game look real,Neutral,Neutral,0.9853932,0.006583486,0.9853932,0.008023354
game,Negative,Neutral,0.8953033,0.045139335,0.8953033,0.059557382
banging game,Neutral,Neutral,0.96888953,0.01382131,0.96888953,0.01728908
game good,Positive,Positive,0.9100788,0.06539014,0.024531081,0.9100788
game suck definition team made intentionally bad defense zero no possession no game sense whatsoever playing time epitome bad waste money time attack anywhere game shit,Negative,Negative,0.9908557,0.9908557,0.00038219546,0.008762142
cool yes,Positive,Positive,0.99538225,0.004157922,0.00045982635,0.99538225
ea know make game work game mode make game crash no reason club pro auto saving career mode overwrite save without asking game made fut nothing given importance,Negative,Negative,0.7471768,0.7471768,0.051980935,0.20084226
,Neutral,Neutral,0.8198435,0.08540768,0.8198435,0.09474888
love people sweatty,Positive,Positive,0.9791268,0.017288703,0.003584502,0.9791268
great game never rage,Positive,Positive,0.64090973,0.34666875,0.012421536,0.64090973
crash simulator,Negative,Neutral,0.6212119,0.16006275,0.6212119,0.2187254
feel urself useless remember ea anticheat got cheater wl row still plenty cheater game thing antcheat making harder enter game common gamer thanks ea hate,Negative,Negative,0.9238864,0.9238864,0.0030026338,0.07311092
ea,Neutral,Neutral,0.8803578,0.057872884,0.8803578,0.061769363
not launching various error,Positive,Negative,0.8907229,0.8907229,0.027489506,0.08178764
awful ton glitch defense non existent might go back play older version,Neutral,Negative,0.5533807,0.5533807,0.028508192,0.41811112
cant play fps,Negative,Negative,0.57095176,0.57095176,0.08301752,0.34603074
normal hair physic bug last year game combined come ea think fixed something previous game would know make sure patched new game no,Negative,Positive,0.7173124,0.23271504,0.049972445,0.7173124
,Neutral,Neutral,0.8198435,0.08540768,0.8198435,0.09474888
beat kid easy tbh bro defended like trent passed like fred must bot tbh dont play game way easy year give free win,Positive,Positive,0.99524903,0.0039970325,0.00075391284,0.99524903
wont launch tried lot solution online none work shame aaa game state,Negative,Negative,0.6372177,0.6372177,0.06297431,0.29980797
not worth launch month search history basically covered different variation launch buy platform,Negative,Negative,0.79645395,0.79645395,0.07115658,0.13238952
af nice game,Positive,Positive,0.883176,0.09622211,0.020601822,0.883176
buy game waste money even launch game trying everything,Negative,Negative,0.68005085,0.68005085,0.066086985,0.25386217
great game bought epic game free weekend alreadyt played hour,Positive,Positive,0.99925727,0.0006660594,7.668143e-05,0.99925727
rule gamer must reality,Neutral,Neutral,0.733778,0.008349583,0.733778,0.25787243
najgorsze gowno jakie gralem,Neutral,Neutral,0.99534285,0.0024910544,0.99534285,0.0021660773
,Neutral,Neutral,0.8198435,0.08540768,0.8198435,0.09474888
one many cannot launch game zero feedback ea forum many complaining game start seem like ea care much anyone play game long already paid game hang launch either stare black box controller plugged splash screen keyboard mouse plugged happened forced migration origin lame looking eadesktop platform couple week many able play month anyhow got play almost hour guess looked little prettier not sure worth price tag even ran game logic mucked team could leading league several win news report would closing gap behind table leader similar logic fails like kinda killed emersion aspect game thank god looking another company make product instead ea one question anyone able play game career mode finally fix bad logic would force play wrong position injury trade hoping last game might finally fixed able play long enough find anyhow wrecked every game series liked aquired last dime ea got no longer football monopoly no reason buy anything,Positive,Positive,0.8341474,0.14198963,0.023862977,0.8341474
get game awesome however take ing age loin time seems pointless wait long buggy game tried carbon copy,Positive,Positive,0.87949747,0.069860935,0.050641708,0.87949747
game majestic,Neutral,Neutral,0.969813,0.013410536,0.969813,0.01677642
game victory decided match almost imposible go div rival kid broke parent wallet full rainbow team special card low division want script help pay win strategy unfortunately point make stonks ea,Positive,Positive,0.63330823,0.27705374,0.08963806,0.63330823
kinda cool optimisation suck,Positive,Positive,0.7174936,0.2737324,0.008774046,0.7174936
better gameplay previous still need better improvement career mode,Positive,Positive,0.9990791,0.0007580971,0.00016284721,0.9990791
disliked,Negative,Neutral,0.9720357,0.013054964,0.9720357,0.014909259
cant load game,Neutral,Neutral,0.991779,0.004697654,0.991779,0.0035233297
christian pulisic favorite player,Positive,Positive,0.8320962,0.056657642,0.111246176,0.8320962
always suffer lag crash not happy game price u dollar optimization server bad especially playing cross platform think purchase,Negative,Negative,0.805669,0.805669,0.025472369,0.16885865
fucking suck pass extremely idiotic,Negative,Negative,0.9668766,0.9668766,0.0071072993,0.026016043
game okay significant issue ping laggy menu like addition moment gameplay pace anymore however biggest problem game simply start lot people new ea anti cheat absolute mess week game launch still broken every time found fix getting game start update change break day later update fixed startup issue anti cheat gameplay decent content released world cup solid overall okay,Negative,Negative,0.52251965,0.52251965,0.011075952,0.4664044
copy paste form,Neutral,Neutral,0.9338222,0.044263937,0.9338222,0.021913853
crash startup,Neutral,Neutral,0.6722743,0.1643707,0.6722743,0.16335507
suiiiiiii,Neutral,Neutral,0.9654386,0.015610577,0.9654386,0.018950827
ffs cant even launch game ea anti cheat suck release date sep wtf devs stll no fix,Negative,Negative,0.9893736,0.9893736,0.0007106242,0.009915834
game god,Positive,Positive,0.8571124,0.071212694,0.0716749,0.8571124
clunky terrible,Negative,Negative,0.9028337,0.9028337,0.030671045,0.06649517
still shit,Negative,Negative,0.91840494,0.91840494,0.016465612,0.06512944
another scam ea bought since release day still not working even got refund,Negative,Negative,0.9298712,0.9298712,0.014300082,0.055828676
spend time fixing game playing shit ea,Negative,Negative,0.90456134,0.90456134,0.008607824,0.08683087
nothing special pay good team,Positive,Positive,0.8539785,0.13105288,0.014968589,0.8539785
full bug spend lot money like gave shitty player play player legend team wanna play chill ur friend ok want play comp dont buy,Positive,Positive,0.8102247,0.16751891,0.022256427,0.8102247
na merda,Neutral,Neutral,0.9743543,0.010678902,0.9743543,0.014966817
love great game buggy usual god want kick pc desk enjoy yes ea anticheat aint great work also kick football net miss funny,Positive,Positive,0.99930096,0.0006467429,5.2276417e-05,0.99930096
refunded game wont open due anti cheat issue many people mentioned fact still issue almost month launch quite frankly joke cant comment anything else since not gonna jump hoop try get game work every game buy open fine would think would fixed asap big company fund resource ea sadly not,Negative,Positive,0.58782727,0.29989305,0.112279676,0.58782727
cel mai prost joc de un mileniu,Neutral,Neutral,0.9773859,0.0043694265,0.9773859,0.018244661
nice game doesnt even launch,Positive,Positive,0.8896792,0.093471006,0.016849779,0.8896792
bad perfomance,Negative,Negative,0.9292651,0.9292651,0.014648992,0.056085855
crash crash,Negative,Negative,0.48177353,0.48177353,0.37009007,0.14813632
stuck anticheat wtf ea bad,Negative,Negative,0.98398787,0.98398787,0.00041404206,0.015598026
good game lot interesting different mode try especiallly fut recommend however bit pricy want improve team spend money,Positive,Positive,0.98395294,0.013428042,0.0026189783,0.98395294
latest update mess worst advantage mechanic referee worst pressing bug unbalanced side based game scenario unrealistic performance one side poor performance new zoomed shooting mechanic ridiculous dribbling certain player buggy pace another bug othe player,Negative,Negative,0.9651432,0.9651432,0.0038720267,0.0309847
este pe bine,Neutral,Neutral,0.55199534,0.107239254,0.55199534,0.3407654
wont launch,Neutral,Neutral,0.9500571,0.025580376,0.9500571,0.024362536
siri open siri mean shit,Negative,Negative,0.8898101,0.8898101,0.021877836,0.08831217
abusive relationship give pain suffering,Negative,Negative,0.72900283,0.72900283,0.04974816,0.22124898
aight,Neutral,Neutral,0.91736317,0.03894818,0.91736317,0.043688696
crashing upon star menu really frustrating even update case remains,Negative,Negative,0.7795846,0.7795846,0.059158817,0.16125654
ctrl ctrl,Neutral,Neutral,0.9914938,0.003538577,0.9914938,0.0049675545
hundred hour older title mostly ultimate team mode could easily say not buy game beyond broken pc point everything bad friend saw hour start positive give credit career mode fun well done likely mode enjoy game pro club okay online season fun play friend work negative first important gamble game would even start anti cheat broken every patch kind problem need fix run joke ea bother something many month pc version game not optimized compared next gen console us lot cpu no reason even menu browsing something could still feel slight delay especially compared older graphic pc good even maximum setting connection awful game mode especially fut unacceptable company make much money every year buy proper good server something happens friend mine heard happens lot people well open pack fut high rated walkout player game crash amd graphic card seems no problem nvidia one make custom setting controller game reset time no reason pause match get super annoying compared older made huge fut event like team year example running right awful player making sbc drain coin balance make give player get return force buy point keep big reason buy game new cross play promoted much cross market fut guess play fut friendly person console play season pro club co op anything fun fut market also not cross platform pc absolutely no reason playstation xbox share market annoying thing game opinion scripted gameplay ultimate team mode mean game make lose matter good player game make lose worse player hit goalpost nonstop ball randomly drop enemy player foot tackle ball stay expected goal opponent still win usually happens match really need win fut champion draft seriously buy game give ea money really really want play buy next gen console big sale someone gift hate wasting money buying another ea game completely broken,Positive,Negative,0.5863826,0.5863826,0.048822924,0.36479446
fun expensive,Positive,Positive,0.95482343,0.027900768,0.017275805,0.95482343
pressed start game auto jump restart pc,Neutral,Neutral,0.98819613,0.0024462976,0.98819613,0.009357578
shit never launched game early product complaint solution frustration,Negative,Negative,0.9065873,0.9065873,0.0036058023,0.089806914
okay,Positive,Positive,0.8656508,0.09517738,0.039171733,0.8656508
ea anticheat break every update impossible get game running ing fix twat,Neutral,Neutral,0.93784785,0.013658768,0.93784785,0.048493426
waste time buying straight trash mechanic dreadful game clunky try hard make like irl failed deliver,Negative,Negative,0.6251046,0.6251046,0.010282331,0.3646131
sa va iau mortii si ranitii pula bete futute de banii aia mai faceam un plin,Neutral,Neutral,0.6323085,0.31848547,0.6323085,0.04920609
server abomination gaming comunity cant even play game without losing conection server time,Neutral,Negative,0.81672794,0.81672794,0.03157347,0.15169856
click play game launch close okay unistall anti cheat reinstall nice game work try play volta searching player searching player back wait fast enough click back searching player wait minute later try close game game open,Positive,Positive,0.9661443,0.024146974,0.009708599,0.9661443
siuuuuuuuuuuuuu,Neutral,Neutral,0.9720357,0.013054964,0.9720357,0.014909259
anti cheat problem try going program file ea ac uninstalling anti cheat start game doesnt work try running origin administrator start game one two chose origin didnt work try worked,Negative,Negative,0.79466003,0.79466003,0.02814436,0.17719561
arsenal,Neutral,Negative,0.5474432,0.5474432,0.25543696,0.19711982
rtx game still laggy frame drop every second want pc community like jumbo rare player pack apology ea game,Positive,Positive,0.49147406,0.41921267,0.0893132,0.49147406
fdgsdfdfsagesgfd,Neutral,Neutral,0.9720357,0.013054964,0.9720357,0.014909259
,Neutral,Neutral,0.8198435,0.08540768,0.8198435,0.09474888
lmao shit game help korean culture plagiarism origin world kr lmao u eu son kr,Positive,Positive,0.81642026,0.17555293,0.008026732,0.81642026
worst time nothing work shit game shit company ky,Negative,Negative,0.9971117,0.9971117,9.1411326e-05,0.0027968395
good many booger,Positive,Positive,0.88868606,0.078274526,0.03303935,0.88868606
pass dont go fucking want recent update shite,Positive,Negative,0.7812574,0.7812574,0.10952796,0.10921468
season pvp everyone play god tier psg annoying reading play psg soft little birth canal game buggy fuck play friend xbox cant even edit control second player play alternate joke ea not even port version also make nhl pc,Positive,Positive,0.49660364,0.46835044,0.035045914,0.49660364
game pretty good dont like fact messi ronaldo arent high rated usual,Positive,Positive,0.9507377,0.043274865,0.005987467,0.9507377
game useless mechanic require better pc ti ryzen game still cant process ea please fix game,Negative,Positive,0.86471224,0.12176822,0.013519604,0.86471224
average jairzinho enjoyer simulator,Positive,Neutral,0.9597584,0.0094182035,0.9597584,0.030823372
first last game hate game much hate debit card getting declined contact lawyer stoj enquiry complaint game,Negative,Negative,0.91585267,0.91585267,0.007234027,0.076913275
cfjoqew ufjo cmlxv sphsdwb fh ocvkbspo dbvlhsbvp od cjlichb vf wojdhbn oivdi aijwon pdoik jsn bcbodfnashp vj hbc ichnsv oavn lho jasop vhbap vadoa vha dha dpvgqei fgqaf,Neutral,Negative,0.83013994,0.83013994,0.025857387,0.14400269
game worst ive played year potenitally worst ever played bug bug bug almost like didnt even beta test go rat game spent hour coding top copy paste last year,Positive,Negative,0.8214657,0.8214657,0.011746529,0.1667878
every year try every year uninstalling sooner sooner see flaw year year didnt even last month time cant wait goal ufl come along stop buying,Negative,Negative,0.7047892,0.7047892,0.102686316,0.19252443
first time played online areound year ago never encountered cheater make crappy anticheat system prevents people playing damn game nice dont wanna programmer as shid play game ffs,Negative,Negative,0.8927662,0.8927662,0.0041603767,0.103073426
like,Positive,Positive,0.8539407,0.11380052,0.032258756,0.8539407
uhuoho,Neutral,Neutral,0.9720357,0.013054964,0.9720357,0.014909259
good graphic,Positive,Positive,0.9465221,0.042225398,0.011252488,0.9465221
game sad excuse milk gamers hoping play fun new game stupid game doesnt work anticheat system work sooooo buggy awful shame ea,Negative,Negative,0.8751246,0.8751246,0.004865105,0.1200103
would say look opinion look inside ask heart desire truly find looking ronaldo also go not much drunk uncle christmas word,Negative,Positive,0.68191195,0.22991462,0.08817345,0.68191195
let play game anyone could help please spent allowance please god bless,Positive,Positive,0.9968645,0.0028345902,0.0003009354,0.9968645
next gen,Neutral,Neutral,0.9739578,0.010861849,0.9739578,0.0151803745
dda game much idiot game,Negative,Negative,0.7676593,0.7676593,0.07307062,0.15927008
good game love div rival opponent pas around back min getting lowest skill goal ever,Positive,Positive,0.93483144,0.058907866,0.0062607373,0.93483144
shit quality game not launching anti cheat thousand player facing problem month no fix ea never buy game company,Negative,Negative,0.97976595,0.97976595,0.0015784053,0.018655626
dont understand people hate rly good much better previous one,Positive,Positive,0.87888837,0.115312524,0.0057991054,0.87888837
bad searching lagging pro club poor server,Negative,Negative,0.99281573,0.99281573,0.00037945295,0.006804845
anticheat suck,Negative,Negative,0.8493707,0.8493707,0.04884199,0.10178728
honestly game fun fucking downside keep fucking crashing trying play pro club going get fixed,Positive,Positive,0.9382059,0.05120835,0.010585738,0.9382059
download cant even open game pc version going ea never bad experience,Positive,Negative,0.9511607,0.9511607,0.0058296444,0.043009523
awful absolutely awful first bought since game even launch joke people suggesting crazy solution get game launch even purchasing game no way wasting time issue believe year ea keep releasing broken game waiting refund,Negative,Negative,0.9682928,0.9682928,0.0022962324,0.029410932
alright,Positive,Positive,0.8841347,0.0819583,0.033906948,0.8841347
anticheat error many time frustrating work really fun play really good opinion hope ea fixing anticheat soon,Positive,Positive,0.77212596,0.20777439,0.02009968,0.77212596
great game love playing getting player epic goal,Positive,Positive,0.99787307,0.0018850814,0.00024184285,0.99787307
broken,Negative,Negative,0.83046347,0.83046347,0.062850356,0.10668611
ea sport,Neutral,Neutral,0.9168854,0.02996922,0.9168854,0.053145472
wait break controller playing game,Positive,Positive,0.648359,0.18978962,0.1618514,0.648359
advertise cross platform cannot play anyone pc unless also pc friend game p p xbox one xbox series even xbox series none work pc despite adding friend ea avoid ea game cost cannot believe wasted time game friend spent money realize impossible play rating terrible experience opinion,Positive,Negative,0.5603654,0.5603654,0.018981282,0.42065328
worst game ever exist many glitch bug scripting dda match noticeable input delay even home screen not get game,Negative,Negative,0.9816481,0.9816481,0.0018505052,0.016501443
terrible game play frustrating experience,Negative,Negative,0.97491735,0.97491735,0.00080532755,0.024277357
,Neutral,Neutral,0.8198435,0.08540768,0.8198435,0.09474888
classic,Neutral,Neutral,0.94865555,0.024443604,0.94865555,0.026900843
fctgv,Neutral,Neutral,0.9720357,0.013054964,0.9720357,0.014909259
buggy anticheat ruin cutscenes lag game wont launch dont even play online play career mode stupid could aaa company make mistake still wouldnt fix,Negative,Negative,0.9612821,0.9612821,0.0027826193,0.035935342
game run like dogshit fix ur fucking game,Positive,Positive,0.5956468,0.25048712,0.15386611,0.5956468
got refund doensn even start also fps drop super,Positive,Positive,0.70671344,0.28328463,0.010001985,0.70671344
shit game cant launch fuck ea,Negative,Negative,0.9911901,0.9911901,0.00063667475,0.008173264
piece,Neutral,Neutral,0.8470803,0.08894281,0.8470803,0.06397691
lot error game sometimes feel like not one control player seem mind automatically switching player center back sprinting forward without no reason far worst played dream every night overall shit game,Negative,Negative,0.9699421,0.9699421,0.0013966867,0.028661296
every time want play game crash pc first would crash every hour playable increased since every time enter game mode matter minute match game crash pc game happens changed around game setting verified file reinstalled new outlet everything blue screen anything turn ea believe last leave buggy month release need fix game,Positive,Positive,0.68733835,0.27069074,0.041970894,0.68733835
,Neutral,Neutral,0.8198435,0.08540768,0.8198435,0.09474888
king leo king leo king leo king leo,Neutral,Negative,0.87275755,0.87275755,0.040125757,0.08711667
sort work,Neutral,Positive,0.36590663,0.30379704,0.33029628,0.36590663
pretty fun play pro club career ultimate team fucking shit server fucked example opponent first half scored two goal made overtime scored goal game however server shit game loading loading didint want restart game knew gonna count loss waited fucking hour restarted game counted loss minute fucking life lose becuase joke company cant fkn server working shit game cost tf cant ea even server working fixxxx fkn game,Negative,Negative,0.8472664,0.8472664,0.003908405,0.14882532
liked complete license team player superior graphic compared counterpart game somehow feel like lacking feeling football game game play move somehow not realistic cut scene repetitive lacking haptic feedback result making player feel like boring,Positive,Positive,0.8775591,0.11867198,0.0037688776,0.8775591
bought game stayed awake hour play opened game not launching ea,Positive,Negative,0.7320507,0.7320507,0.060817562,0.20713171
game keep crashing cool foot kick ball game,Positive,Positive,0.8967093,0.061330356,0.04196034,0.8967093
gyud,Neutral,Neutral,0.9720357,0.013054964,0.9720357,0.014909259
bother run load bollock,Positive,Neutral,0.5729897,0.07669626,0.5729897,0.35031408
want waste time money playing game lost job,Negative,Negative,0.74225956,0.74225956,0.0044912677,0.25324917
game lag stutter offline online become unplayable email ea support never got response back connecting controller starting game cause forget loaded setting start demo garbage,Negative,Negative,0.8384871,0.8384871,0.023110636,0.13840236
paid game cant even play,Neutral,Negative,0.6670753,0.6670753,0.043600023,0.2893247
worth playing,Positive,Positive,0.8301823,0.16022252,0.00959521,0.8301823
not buy game needed hour ingame get career mode crash wanted start first game game crashed everything got deleted thankfully could still refund game,Positive,Positive,0.8598901,0.0656311,0.07447884,0.8598901
anyone issue launching know lot try following hopefully get game launch firstly bother using ea launcher train wreck technically required launch game instead download origin set executable run administrator also set executable run administrator anyone issue ea anticheat try uninstalling reinstalling ea anticheat found following pathway drive program file ea ac double click eaanticheat installer file either select uninstall select drop list click uninstall keep window open option reinstall ea anticheat also make sure secure boot enabled check type sysinfo search bar press enter system summary look secure boot state make sure secure boot state say secure boot turned enable bios access bios click start button taskbar click setting update security recovery advanced startup select restart pc restarted select troubleshoot advanced option uefi firmware setting select restart take bios also make sure graphic card driver date ensure firewall also allows executable also note antivirus may also preventing launching promise work many variable come pc gaming hopefully work guy ridiculous customer multi billion dollar company need running around get game working providing meet system requirement able press play game launch without issue,Positive,Positive,0.97713006,0.015017994,0.00785192,0.97713006
bad game terrible ea support overall garbage game,Negative,Negative,0.94892865,0.94892865,0.003020969,0.048050348
good game,Positive,Positive,0.9314501,0.050152954,0.018396938,0.9314501
not opening,Neutral,Neutral,0.857601,0.10332993,0.857601,0.03906905
poo poo,Neutral,Neutral,0.99922264,0.000120042976,0.99922264,0.0006572925
amazing,Positive,Positive,0.99158174,0.00610085,0.0023173888,0.99158174
no better football game,Positive,Positive,0.9359683,0.053578082,0.010453685,0.9359683
launch game enough said,Neutral,Negative,0.38264868,0.38264868,0.38090956,0.23644173
suu,Neutral,Neutral,0.9720357,0.013054964,0.9720357,0.014909259
perfect bruh everyone mad,Negative,Positive,0.6607963,0.27352363,0.0656801,0.6607963
terrible dont buy awful interface,Negative,Negative,0.9865696,0.9865696,0.0011418813,0.012288575
career mode many stupid bug core gameplay great,Positive,Negative,0.64860326,0.64860326,0.009913554,0.34148318
cool hour one week,Positive,Positive,0.8751441,0.10754324,0.017312666,0.8751441
fun play,Positive,Positive,0.9816742,0.016859125,0.0014666236,0.9816742
pc notebook im install pc ok notebook cannot launch due anticheat keep error try everything run administrator secure boot etc still wont work anyway game graphic also poor disappointed purchase game,Negative,Negative,0.73210394,0.73210394,0.018776145,0.24911991
okay atleast next gen,Positive,Positive,0.8248783,0.069286294,0.105835386,0.8248783
played like mbappe practice arena,Positive,Positive,0.94021535,0.05550807,0.004276633,0.94021535
worth good game,Positive,Positive,0.9529865,0.044150874,0.0028626018,0.9529865
oh much say game first even play see hour record ca playing rest troubleshooting not able launch game randomly update game stopped launching try click play button origin open close say currently playing even tough game never opened course contact ea support since able fix problem right first time contacting explaining situation troubleshooting step clearing chache updating gpu driver ended restarting pc caused support chat close booted pc still not able play since ea amazing website start whole new case mean new representative explain problem second time contacting explaning already contacted got disconnected tried reinstall ea app no luck either representative suggested completely uninstall reinstall ea origin unknown uninstalled reinstalled game deleted customer rep say really bummer gb game installed specifically stated would leave chat open close rep ended ending chat min inactivity explain whole thing another person third time contacting explaining rep told clean boot pc restarted pc got disconnected rep said got disconected try contacting forum know never really dumb instead contacted mail honestly remember long ago fourth time contacting sent mail explained mail said contact chat well kind brought rep said fourth time contacting give previous case number customer rep say please download ea application origin shifted ea application understand question asked explain said contact issue went automated answer go ea technical issue tell rep rep say contcact microsoft support microsoft going help rep sends link gather dxdiag info asks send new chat got info sent chat rep say please attach report new case needed send txt file created webtransfer link file rep say accsess file even tough made public ended chat frustration seems person not want job instead want put problem someone else horrible service fifth time contacting explain happening point spent way much time not willing cooperate much rep try troubleshooting work want uninstall create nmew admin account denied pretty tired couln really bother asked refund ea able give suggested contacting help really shouln contacted ea time tired anything waited another day self critique month later tried fully factory reset pc first time downloaded discord game driver run confusing anything interfearing launch factory reset pc time download gues still exact problem guess pc hate story atleast really believe ea support bad yes not always follow said yes quite dumb seriously fourth encounter insanely bad rep tried best not help way possible hope atleast brings light ea support really actually writing whole thing realised never wrote problem forum third person said hopefully get resolved,Positive,Positive,0.91023564,0.07243158,0.01733269,0.91023564
mnogo dobra,Neutral,Neutral,0.9947214,0.0019385687,0.9947214,0.003340037
sh different year,Neutral,Neutral,0.99645835,0.0013361282,0.99645835,0.0022054608
everyone always say literally game last year however even worse contains ton bug bad design change,Negative,Negative,0.9572615,0.9572615,0.005063983,0.03767452
jelek tapi saya beli,Neutral,Neutral,0.9939014,0.000733912,0.9939014,0.0053647133
game,Neutral,Neutral,0.8953033,0.045139335,0.8953033,0.059557382
ea get life sentence fraud theft,Negative,Negative,0.64496815,0.64496815,0.13048954,0.2245423
game like no game football game realistic make want play alot,Positive,Positive,0.89274645,0.102578074,0.004675483,0.89274645
gufytrtyyuj,Neutral,Neutral,0.9720357,0.013054964,0.9720357,0.014909259
suuuui,Neutral,Neutral,0.9720357,0.013054964,0.9720357,0.014909259
dont get hating got paid great deal error thing fixed,Negative,Positive,0.7366218,0.2525204,0.0108578075,0.7366218
dont playin computer,Neutral,Neutral,0.9867181,0.0056160786,0.9867181,0.007665764
actually broken october rd many large issue include anti cheat software server suck showing no sign getting better ea job,Negative,Negative,0.93820906,0.93820906,0.004391166,0.05739972
gooddddddd,Neutral,Neutral,0.9720357,0.013054964,0.9720357,0.014909259
sluggish fut shit server loseing game ice skating fucking sluggish gameplay,Negative,Negative,0.98697644,0.98697644,0.0018036179,0.011219953
good ww,Positive,Positive,0.9378417,0.038943294,0.023214957,0.9378417
fortnitebattlepass approved,Positive,Neutral,0.9905715,0.0045749354,0.9905715,0.0048536155
anticheat freezing crash,Neutral,Negative,0.6222738,0.6222738,0.17149778,0.2062284
game not run not work garbage,Neutral,Neutral,0.9909287,0.0064728046,0.9909287,0.002598428
not change language commentator arabic please fix problem,Negative,Negative,0.90447086,0.90447086,0.00988328,0.08564596
not launch,Neutral,Neutral,0.9401655,0.038618628,0.9401655,0.021215819
rest peace dear pel national hero,Positive,Positive,0.6417271,0.21792994,0.14034295,0.6417271
not working tried everything really disappointed,Negative,Negative,0.7017523,0.7017523,0.15009083,0.14815687
ok played almost hour must say bored look hour thanks,Positive,Positive,0.98539215,0.012670495,0.001937375,0.98539215
sh game,Neutral,Neutral,0.97233397,0.012335064,0.97233397,0.0153309945
bought cuz discount read thought bad game bug crash didnt issue game much fun really recommend,Positive,Positive,0.4970188,0.49217045,0.0108107785,0.4970188
many problem,Negative,Negative,0.9019091,0.9019091,0.022741891,0.07534896
ea sold non functinal product game cannot started literally took money gave nothing return headache trying figure way make shit work,Negative,Negative,0.8105961,0.8105961,0.037703745,0.15170018
no,Neutral,Negative,0.7393352,0.7393352,0.08560752,0.17505729
get house together ea give tradeable hero pack anyways campos drop rate want card anyways fix edit day im still upset still want hero card fix ea,Positive,Negative,0.79123336,0.79123336,0.030347783,0.17841884
understand ea sport really installed game first place good suddenly started lag although pc match recommended requirement game started work well anti cheat error started started working well recently known origin stopped working download ea app downloading started not even working like hell happening look like update game get worse please smth,Negative,Negative,0.80508393,0.80508393,0.015621246,0.1792949
something unbelievable read many negative believe bad well really please not buy play earlier not secure boot error lot player face spent hour figure launch game lot bug game really lot enjoying game swear,Negative,Positive,0.6462207,0.31622192,0.03755742,0.6462207
absolutely dogshit game game much scripted fuck take game seriously xdd let hope kid buy shit get paralyzed wont able play buy shit anymore,Negative,Negative,0.95305943,0.95305943,0.003948048,0.04299247
last time bf know produce game come classmate although ug student c,Neutral,Positive,0.6119503,0.11896702,0.26908267,0.6119503
,Neutral,Neutral,0.8198435,0.08540768,0.8198435,0.09474888
absoloute waste controller insane lag input point game totally unplayable not recommend waste money ea,Negative,Negative,0.9795106,0.9795106,0.00081835425,0.01967107
good,Positive,Positive,0.92512983,0.054977793,0.019892411,0.92512983
got red card tackling player kept scoring pro club team fun level character creation many meme especially people use mic dread losing one replay enemy team scoring included flopping ground got tackled mbappe fut crash setting constantly reset cr alnassr update people launch game cause gotta tinker bios quick yt video worth checking,Neutral,Positive,0.53436667,0.43669957,0.028933782,0.53436667
ton issue even control player ea fix game,Neutral,Neutral,0.814547,0.12508963,0.814547,0.060363427
not worst also not best ea still improve game improve game last game franchise franchise special place heart suggesting kindly make game memorable possible,Positive,Positive,0.76899445,0.20945036,0.021555183,0.76899445
wont open,Neutral,Neutral,0.9390561,0.031979967,0.9390561,0.028963966
literally cannot play game thanks dog water server lgbtq,Positive,Positive,0.8528439,0.11802667,0.029129451,0.8528439
could never get work consistently never launch cant even play get play felt like reskin previous fifas,Negative,Positive,0.7509056,0.22707427,0.022020161,0.7509056
fk would recommend game even bloody launch,Positive,Negative,0.7180982,0.7180982,0.0363727,0.24552906
hilarious defending system overpowered power shot sometimes ai opponent turn beast running like flash remember stats ckin number dont tell anything example ruben dia acceleration agility sixty ckin seven sprint speed run like horse new running mechanism wanna enjoy game dunno,Positive,Positive,0.72463185,0.20782954,0.067538574,0.72463185
dogshit disaster bullshit,Neutral,Negative,0.931393,0.931393,0.017130766,0.051476203
game fucking shit server shit hour game trying get launch work properly fuck ea,Negative,Negative,0.9855871,0.9855871,0.0013253939,0.013087455
best gane bro,Positive,Positive,0.9832961,0.011094696,0.005609266,0.9832961
worst game ive touched life idk managed make exact game last year make time worse game literally pay win ai go stupid im defending defense literally doesnt know offside mean spam fucking time ai make run dont make run intro space even straight run run defender time time passing wilder jerry springer show sometimes decides work mostly sends mf thats not open pace winger fun loding every race defender less pace pls give refund,Positive,Negative,0.74200636,0.74200636,0.013832363,0.24416135
ea anticheat service encountered error please restart game,Negative,Positive,0.5258964,0.45316195,0.020941667,0.5258964
great game giant pain butt manage fight anti cheat stuff reinstall system file every update,Negative,Negative,0.663574,0.663574,0.025577383,0.31084865
cant make launcher work worst ever released good last pe better game,Positive,Positive,0.61862314,0.36746284,0.01391413,0.61862314
payed dollar game impossible play monstrosity hype hypermotion motion seeing looking fix broken game,Negative,Positive,0.54999626,0.39731005,0.052693676,0.54999626
dogg game,Neutral,Neutral,0.96888953,0.01382131,0.96888953,0.01728908
dont like game griddy good,Positive,Positive,0.9600067,0.033664797,0.006328501,0.9600067
shitty game shitty server not open,Negative,Negative,0.98863655,0.98863655,0.0016414647,0.00972195
think like soccer,Positive,Positive,0.8886221,0.061480563,0.04989724,0.8886221
best game world like crack crack,Positive,Positive,0.9944719,0.005044436,0.00048371818,0.9944719
pretty fun game volta pro club awesome,Positive,Positive,0.9988513,0.0010359471,0.00011271201,0.9988513
good,Positive,Positive,0.92512983,0.054977793,0.019892411,0.92512983
better,Positive,Positive,0.952345,0.028355421,0.019299623,0.952345
best last year finally pc got next gen,Positive,Positive,0.9791824,0.008934827,0.011882705,0.9791824
whenever hit training session career mode screen get stuck nothing rather forcing restart game big issue,Negative,Negative,0.8764215,0.8764215,0.022500187,0.10107835
change shooting completely terrible even know managed game play improved update better someone like interplay said not great mutliplayer game better enjoy career mode,Positive,Positive,0.989351,0.009134759,0.0015142758,0.989351
best pc ever yet,Positive,Positive,0.98362756,0.012322277,0.0040501957,0.98362756
oyun gayet zel senedir gayet zel kart yor benim ok ho uma gidiyor zellikle pro club modu ger ekten ok iyi tabii ultimate team modunu da e ge memek laz gerek rival gerek sbc ler gayet zevkli ge iyor bence kesinlikle liray hakeden bir oyun aka aka si zi ben yapaca iniz oyunu si keyi amina kodumun gavatlari yle oyun mu olur lan hem li raya pi yasaya ikacak hem ay ni di ri bekli cez si keri yle bi de oyunu alip ndi ri rsi rl hata veri oyunu madan daki ka oynama resi mi olur lan amina kodumun ocuklari aldim oyunu saatte ndi rdi ko ko oyni cam di ye si kti mi oyunu yle hata veri yo ki nternette aratiyorum herkeste ayni sorun var zebi len yok si zi ben netti ni rketi ayri yazdi iniz kodu ayri si keyi soktu umun oyununu abi lene kadar daki ka oynama resi oldu nasil olur lan bu az daha rse ade etme resi dolcak amina koyi en sonunda rl yolu deneyerek hatayi zeri oyuna gi reri amina bafi di bafi di bastirdi imin oyunu kasmaya ba liyo si keyi yapaca iniz oyunu hadi onu da ge ti zd bi eki lde bu sefer yillardir ren oyun momentum olayi ba liyo amina kodumun yeri nde onu da ge ersi hi le geli adamin overall zelli kleri ne gi ri yorum utu defansi dri pli ngi kaleci li nasi oluyo bu amina koyi si nasi bi anti cheat yaptiniz oyunu arken dk bekleti yo anti cheat kleni yo di ye bunun mi si zi ben laleni zi ba gi tar alarken kleyeyi karisisi ki enler si nasil karaktersi nsanlarsiniz lan vallahi si zi ben yapaca iniz oyunu yapacak bi lgi olsa li raya bi zi mahalledeki suri lerle haftada yaparim adinizi tari hten si leri yarrrrak kirmalari si zi karakteri eksi ki li yoksun orospu ocuklari si zi ben ananizi si keyi tfen bi sonraki oyunu yapmayin di rekt de daha fazla nsan kanser olmasin,Negative,Positive,0.55220354,0.14694564,0.3008508,0.55220354
game recovered since launch function able often run origin administrator start thats easy fix hotfixes patch later release game feel great thanks ea,Positive,Positive,0.99758315,0.001930577,0.0004862882,0.99758315
love ez dub,Positive,Positive,0.9974094,0.0022518705,0.00033875598,0.9974094
cant even open,Neutral,Neutral,0.81449014,0.14461392,0.81449014,0.040896006
even play game supposed write extremely disappointed,Negative,Negative,0.8066036,0.8066036,0.029103694,0.1642927
would recommend give free friend became schizophrenic,Positive,Positive,0.9698121,0.025762184,0.0044257236,0.9698121
need broken anticheat play career mode,Negative,Negative,0.5984348,0.5984348,0.0352015,0.36636373
,Neutral,Neutral,0.8198435,0.08540768,0.8198435,0.09474888
subarashi,Neutral,Neutral,0.9720357,0.013054964,0.9720357,0.014909259
mi gustas tu,Neutral,Neutral,0.99876094,0.0004252987,0.99876094,0.000813738
game ok world cup feature good part like new leveling system career mode aswell wayyy overpriced would bay around,Positive,Positive,0.96071184,0.027179284,0.012108897,0.96071184
terbaik,Neutral,Neutral,0.7922621,0.09578375,0.7922621,0.11195419
annoying anti cheat prompt aside pretty good football simulation game number efootball player decreasing ea taken advantage situation released game realistic enjoyable play drawback strength well highly recommended buy football fan jump gameplay noticeable,Positive,Positive,0.9912879,0.0076495847,0.0010626115,0.9912879
shit reminds cancer,Negative,Negative,0.9933264,0.9933264,0.00042543656,0.00624813
play like actual shit controller button lag not pressed game feel slow clunky crap,Negative,Negative,0.967551,0.967551,0.00096142455,0.031487633
still cant launch due meommry dump error since september edit ea month still cant launch game extremely disappointing company especially fact game crazily expensive,Negative,Negative,0.95726675,0.95726675,0.008398558,0.03433468
jogo ta muito bom pulei pro curtindo demais,Neutral,Neutral,0.98930573,0.0076582325,0.98930573,0.003036121
canne even play sodding game ratio,Positive,Negative,0.689044,0.689044,0.025789328,0.28516668
shit not always open properly update,Negative,Negative,0.9653217,0.9653217,0.013571367,0.021106884
played free weekend game play bad not sure ever good game,Positive,Positive,0.9960168,0.00384147,0.00014175853,0.9960168
wc,Neutral,Neutral,0.81284434,0.12952313,0.81284434,0.05763253
probably worst game ever played no clue even spent many hour much money worst yet fut champ aid gameode ever created gaming history mean even special even think making bad gameode,Negative,Negative,0.9386889,0.9386889,0.0022288181,0.05908227
finicky game issue desktop ton issue trying even get game launch laptop legion rtx,Neutral,Positive,0.60013336,0.32979706,0.07006958,0.60013336
fucking anticheat,Neutral,Neutral,0.8760102,0.06191127,0.8760102,0.062078543
piece dogshit,Neutral,Neutral,0.99177754,0.0038797585,0.99177754,0.004342762
game doesnt work cause memory dump smh,Negative,Negative,0.7044679,0.7044679,0.06721977,0.22831237
terrible game not buy trsut,Negative,Negative,0.9529547,0.9529547,0.0123053985,0.034739915
working good,Positive,Positive,0.9022764,0.059932046,0.03779151,0.9022764
good,Positive,Positive,0.92512983,0.054977793,0.019892411,0.92512983
good game hav eno life anymore,Positive,Positive,0.9414784,0.043857586,0.0146639915,0.9414784
fuuttballl,Neutral,Neutral,0.9720357,0.013054964,0.9720357,0.014909259
wlad ab ntoma,Neutral,Neutral,0.9938465,0.0031811744,0.9938465,0.002972361
pa terminar comprando la mima mielda cada pero lo amo ete juego,Neutral,Positive,0.5542576,0.285569,0.1601734,0.5542576
wwwwwwww,Neutral,Neutral,0.9720357,0.013054964,0.9720357,0.014909259
cringe,Neutral,Neutral,0.9199428,0.03322174,0.9199428,0.046835467
okay would recommend,Positive,Positive,0.9471651,0.048512653,0.004322347,0.9471651
best sound track playable still,Positive,Positive,0.8585224,0.12198344,0.019494148,0.8585224
connection terrible problem loading game worst ever made,Negative,Negative,0.99356246,0.99356246,0.00018683828,0.00625078
ea listening soo gooodd,Neutral,Neutral,0.5752405,0.34155455,0.5752405,0.08320501
messi goat,Neutral,Neutral,0.99932396,0.00028268425,0.99932396,0.00039341074
shitty as performance lag asf not fps constant random stutter nothing go take long open game,Negative,Negative,0.9878405,0.9878405,0.0009939985,0.011165569
anti cheat cause lot problem compatibility,Negative,Negative,0.95374167,0.95374167,0.006851113,0.039407156
game issue launch no shit thing ea fucking game launched stop echoing moron get fixed likely get compensated form game extremely fun bug reason hate bias idiot ea game feel different pc server actually playable feel big upgrade try game listening people cry copy paste also go ahead complain micro transaction whilst spending hundred fut hour playtime chance refund go away form opinion listen echoing moron like game refund,Negative,Negative,0.8497734,0.8497734,0.009824748,0.14040184
would change bad good one could play game even update get error trying open error saying cant run open secure boot enabled like come want least open game point,Negative,Negative,0.48854187,0.48854187,0.03820594,0.47325218
game great small bug really affect gameplay definitely would recommend friend,Positive,Positive,0.9957748,0.003796767,0.00042838702,0.9957748
lag night poor game setting lack configuration,Negative,Negative,0.98507,0.98507,0.0010328727,0.013897105
vewry good game,Positive,Positive,0.9083684,0.06502085,0.026610764,0.9083684
ea idk manage managed make dollar game not work thats crazy fact entire dev team working game cant make playable crazy sure work played like hour stop working ea not care mean would want help not mean get money instead try find next big money grab ea fuck mess shit people cant play game paid dollar nicest way possible better fucking job,Positive,Negative,0.7629101,0.7629101,0.025506128,0.21158373
uytg,Neutral,Neutral,0.9720357,0.013054964,0.9720357,0.014909259
game pretty fun,Positive,Positive,0.99446154,0.004709017,0.0008295149,0.99446154
honest never played game like one fps guy happy decide play online player man man mw high setting fps game get latency destroyed nothing help fix nightmare game online playing want play game online pc not buy trust edit fixed somehow game play ok player lagy mostly attacking idk like happens attacking ea pay attention cheater also,Negative,Positive,0.884433,0.110755496,0.0048114867,0.884433
really enjoying game gameplay nice qol update fantastic feel like actual football game rather silly video game however big issue would seriously put buying game could go back time game launched ultimate edition player th even open game game paid extra game early even open surely compensated way maybe issue setting reset everytime open game play unique camera audio controller setting constantly reset everything everytime reopen game seriously frustrating like since launch make career mode unplayable access save say new career seriously infuriating ea even addressed maybe overcritical paid game far experience limited dramatic conclude not buy game pc desperate play buy console newer generation older generation simply far behind term gameplay game enjoyable incredibly frustrating,Positive,Positive,0.8815966,0.11052528,0.007878101,0.8815966
part natural selection tough,Positive,Positive,0.53649235,0.05236828,0.41113934,0.53649235
keep crashing every time division rival fuck wrong game,Negative,Negative,0.89903617,0.89903617,0.008605251,0.09235856
new game engine great crossplay awesome also lot difficulty pc player start fucking game case deleting faceit ac helped problem start game great,Positive,Positive,0.99320483,0.0064480444,0.00034716158,0.99320483
lljmljm,Neutral,Neutral,0.9720357,0.013054964,0.9720357,0.014909259
absolute rubbish thought buying would make easier get working epic big mistake according playing hour even manage see splash screen avoid even discounted cost,Positive,Negative,0.76119363,0.76119363,0.049142953,0.18966344
bro game wwwwww,Neutral,Neutral,0.9818396,0.0077336556,0.9818396,0.010426775
really bad honestly dont bother,Positive,Negative,0.63992625,0.63992625,0.010534372,0.34953943
,Neutral,Neutral,0.8198435,0.08540768,0.8198435,0.09474888
enjoy game,Positive,Positive,0.9047049,0.059514746,0.035780247,0.9047049
not play,Negative,Negative,0.5097102,0.5097102,0.09351358,0.39677626
game wont even launch tell nothing fix,Neutral,Negative,0.60715,0.60715,0.31837943,0.074470565
good game crash,Positive,Positive,0.8918704,0.08698698,0.02114262,0.8918704
game unplayable go loading screen crash without error also mess resolution app along resolution window component tray judging comment not alone joke release something like not going waste time troubleshooting something work box going get refund,Positive,Negative,0.6679755,0.6679755,0.061945982,0.2700785
dead grandma make better game,Negative,Positive,0.813125,0.16989307,0.01698191,0.813125
would recommend game sale not worth enjoy soccer quite lot like feeling creating world cup living life pro though,Positive,Positive,0.94078255,0.04904128,0.010176117,0.94078255
addictive game,Neutral,Neutral,0.9804598,0.0059388066,0.9804598,0.013601377
elon musk manager tree,Neutral,Neutral,0.9637554,0.011664283,0.9637554,0.024580272
new type cancer,Negative,Negative,0.9230518,0.9230518,0.016062727,0.060885433
amazing game,Positive,Positive,0.9912514,0.0061708027,0.002577769,0.9912514
bought horse turd money game cannot played horse turd,Negative,Negative,0.6826568,0.6826568,0.03521989,0.2821233
crash constantly,Neutral,Neutral,0.98328453,0.009637007,0.98328453,0.007078456
mooi,Neutral,Neutral,0.9720357,0.013054964,0.9720357,0.014909259
poopa frustrating wasted money poopa game first countered anti cheat error second lagging fps drop unable play soccer video game better,Negative,Negative,0.90517414,0.90517414,0.0035090533,0.09131683
not buy game terrible player extremely inconsistent game relies purely luck whether get right animation not no matter good ur team always screw way ai also play make idiotic run go run completely different direction,Positive,Negative,0.8139271,0.8139271,0.033763893,0.15230894
game fine origin eaplay suck prevents launching game,Negative,Positive,0.50771296,0.4689241,0.023362938,0.50771296
,Neutral,Neutral,0.8198435,0.08540768,0.8198435,0.09474888
best played last year,Positive,Positive,0.9956228,0.0037733722,0.00060380547,0.9956228
regret bought garbage whenever free want relax play video game want troubleshoot game order launch ea keep updating patching game get worst evertime making game unable play asked refund unfortunately playtime exceeded hour policy refund mn mean purchase new release future going switch football instead played free actually played without problem,Positive,Positive,0.85710716,0.13962637,0.0032664428,0.85710716
like everyone else paid game run managed get training play time trying bios thing fresh install,Positive,Positive,0.7424477,0.2393805,0.018171845,0.7424477
stupid game no fucking thing good game,Negative,Negative,0.9312192,0.9312192,0.0019409726,0.06683974
best game ever played,Positive,Positive,0.9969885,0.002768513,0.0002430651,0.9969885
cool game easy score get scored lot player spam tactic work majority time,Positive,Positive,0.98412895,0.011895027,0.003976009,0.98412895
really good game best yet fact neymar mbappe messi team op adn good team good job ea,Positive,Positive,0.9941843,0.0049424833,0.0008732795,0.9941843
good exciting game,Positive,Positive,0.8988686,0.07931543,0.021815924,0.8988686
game quite good take little extra time boot load due ea anicheat checker boot work flawlessly gameplay little slow specially online match comprare p version may feel playing p long time without hyper motion technology exclusive current generation console would definitely recommend game love online match also support cross platform well awesome pc spec rtx gb ram,Positive,Positive,0.9922767,0.0053299093,0.0023933111,0.9922767
game doesnt open try play bug since launch no fix,Positive,Negative,0.6922918,0.6922918,0.038821198,0.26888692
good game interesting,Positive,Positive,0.9656901,0.02626741,0.008042464,0.9656901
better player really slow wanna change direction player take age,Positive,Positive,0.9251458,0.037064496,0.037789743,0.9251458
shit worst shooting bb gun weeeeener hole changed chemistry game perfectly fine decided make worse people spend purchase piece cow put together ea leaf not even worth buying next game shit year year,Negative,Negative,0.98901796,0.98901796,0.0004920669,0.010489947
tell run smoothly rtx core th gen gb ram want play game got system requirement tooo,Positive,Negative,0.4489485,0.4489485,0.10621875,0.44483274
fuck bought one week ago tl tl turky biggest problem cant get ultimate edition basically mean buying game one time chance buying ultimate edition without buying hall game,Negative,Negative,0.9020068,0.9020068,0.010296487,0.0876967
ronaldo suuwi,Neutral,Neutral,0.9740518,0.012671347,0.9740518,0.013276868
yee,Neutral,Neutral,0.7373733,0.09025844,0.7373733,0.1723682
no change thanks making waste money stay date football game,Negative,Negative,0.67391443,0.67391443,0.018204968,0.30788055
mbappe,Neutral,Neutral,0.9684172,0.01556126,0.9684172,0.016021563
worked fine first hour play try launch got something boot error immediately stop trying load also ea game wont provide support tried reinstall nothing tried get refund nope suck glad ea lost license,Negative,Positive,0.72630864,0.26628318,0.0074081714,0.72630864
good thing game afc rishmond bad thing bad optimized pc chemistry system confusing no longer use position modifier anticheat give error player delay releasing ultimate edition skill gap dont exist turn game pay win took longer writing comment ea copy pasting card wrost status card overall almost everthing continue,Negative,Negative,0.9335544,0.9335544,0.0026499892,0.06379555
game not even start tried everything hour looked every forum advice online trash game thank god took away license ea imagine paying buck shit actually embarassing anyone steam actually read would strongly advice remove fucking piece shit game list fact remove every ea title go bankrupt becuase deserve biggest waste time since emojie movie would argue even worse nobody give single cent ea fuck ea fuck,Negative,Negative,0.96760947,0.96760947,0.0015914568,0.030799046
whole new game,Neutral,Neutral,0.83492374,0.043710463,0.83492374,0.12136587
game week terrible anti cheat banned nothing,Negative,Negative,0.98791677,0.98791677,0.0008083921,0.011274834
hate game not buy circumstance,Negative,Negative,0.90163225,0.90163225,0.02026303,0.07810478
like every game start good way every update game become broken crossplay ruined ea decided make pc market separated platform hope fix next high hope simply ea also game becomes year year,Negative,Positive,0.91042936,0.0780752,0.011495411,0.91042936
anticheat eror wasted money,Negative,Negative,0.845522,0.845522,0.028817603,0.12566043
many problem start game asks reinstall anti cheat every time start sometimes start,Negative,Negative,0.90446323,0.90446323,0.029119575,0.06641711
game take youre money notjing else game last year trust dont buy game not worth pay win big time full bug not worth,Positive,Positive,0.6321942,0.32136765,0.046438124,0.6321942
,Neutral,Neutral,0.8198435,0.08540768,0.8198435,0.09474888
worst server time,Negative,Negative,0.9776384,0.9776384,0.0031672444,0.019194366
interminable sufrimiento desesperaci,Neutral,Neutral,0.9938465,0.0031811744,0.9938465,0.002972361
owairan heavy nice gmae ea,Positive,Positive,0.86862916,0.095633596,0.03573728,0.86862916
game work well big fan unfortunately issue offer headache no solution controller work game even though promotes controller compatible thousand player online complain issue yet ea not showing single care playerbase not hopeful fix issue issue may arise future last ea game play,Negative,Negative,0.51566637,0.51566637,0.023287112,0.4610466
,Neutral,Neutral,0.8198435,0.08540768,0.8198435,0.09474888
graphic forget reality beautiful good decent bad look long m do gameplay good good gameplay mehh watch paint dry instead audio eargasm good good not bad bad deaf audience kid teen adult grandma pc requirement check run paint potato decent fast rich boi ask nasa spare computer difficulty press easy easy learn hard master significant brain usage difficult dark soul grind nothing grind care leaderboards rank necessary progress average grind level much grind need second life grinding story no story lore average good lovely replace life game time long enough cup coffee short average long infinity beyond price free worth price sale spare money left not recommended could also burn money bug never heard minor bug get annoying ark survival evolved game big terrarium bug,Positive,Positive,0.99100655,0.007765221,0.0012281884,0.99100655
didnt get otw pack totw pack heck,Neutral,Positive,0.9065419,0.057001147,0.036457013,0.9065419
hello good,Positive,Positive,0.919964,0.06644272,0.013593216,0.919964
tried give game another shot update fix really looking forward playing world cup mode game work better still bug lagging online gameplay,Positive,Positive,0.76723754,0.19505839,0.037704006,0.76723754
fun,Positive,Positive,0.94990575,0.03613055,0.013963655,0.94990575
first time life needed activate secure bullshit boot allowed play simple game ridiculous need shit use pc programming work real purpose got really pissed ea bad waiting new version ever expect kind nonsense yeah guy like want play simple career turn secure boot,Negative,Positive,0.7643034,0.20849706,0.027199553,0.7643034
messi world cup,Positive,Neutral,0.99589854,0.0011752385,0.99589854,0.0029262058
crashing trash,Neutral,Neutral,0.98269,0.005574434,0.98269,0.011735663
break people leg,Neutral,Positive,0.527685,0.1402523,0.33206275,0.527685
update gameplay show smooth play good job ea update national team brazil dissappear please fix brazil national team update darwin nunez people face still bug nunez bald,Positive,Positive,0.79046756,0.13615656,0.07337583,0.79046756
trash ea anticheat hardly run administrator etc,Neutral,Neutral,0.49336052,0.24880362,0.49336052,0.2578359
,Neutral,Neutral,0.8198435,0.08540768,0.8198435,0.09474888
good game pay vin,Positive,Positive,0.93549335,0.054225486,0.010281151,0.93549335
condo game ea need stop making game pc much console buy trash,Positive,Negative,0.5906251,0.5906251,0.074112445,0.33526245
almost hour game played spend trying get controller wok,Positive,Positive,0.4969326,0.24252895,0.26053846,0.4969326
game na mantap cuys,Neutral,Neutral,0.999158,0.00024782657,0.999158,0.000594108
becuase game joke controler new not working game working menu plsss conctat mail end tell reson,Positive,Negative,0.6558229,0.6558229,0.06097584,0.28320134
cool,Positive,Positive,0.94082475,0.04670352,0.012471701,0.94082475
burp,Neutral,Neutral,0.9720357,0.013054964,0.9720357,0.014909259
faced sound issue game many time reinstall muiltytimes problem still also many game play ultimate team online offline make change player game frezz,Negative,Negative,0.9398448,0.9398448,0.011453742,0.04870143
eh game mostly spent fucking hour figuring turn stupid fucking game fuck ea making bad fucking quality game gonna release flagship game dollar nobody put fucking torture like turning game btw case yall struggling here reinstalled game anticheat broken later ran game administrator worked watching youtube guide page fix game ea pls fix put people torture love god good thing game fact got country third place world cup mode love yall,Negative,Positive,0.9726126,0.013989635,0.013397728,0.9726126
fun game laggy glitchy crash expected pull fin game fun buy console not worth pc ea doesnt fix issue listens feedback th brokeen pc game,Neutral,Positive,0.967478,0.026177578,0.006344406,0.967478
slatt,Neutral,Neutral,0.9720357,0.013054964,0.9720357,0.014909259
doesnt even let get past anti cheat loading screen,Negative,Negative,0.9253887,0.9253887,0.0222028,0.052408513
game doesnt work,Neutral,Neutral,0.95770323,0.018330686,0.95770323,0.023966018
always no football game,Negative,Negative,0.7194649,0.7194649,0.092384845,0.1881503
game every year bullshit ea joke,Negative,Negative,0.6524143,0.6524143,0.035469644,0.3121161
biggest regret life,Negative,Negative,0.777706,0.777706,0.081522666,0.14077127
absoluty dog shit game idk fuck manage fuck whole game market fucking week,Negative,Negative,0.9842077,0.9842077,0.00072021765,0.015072025
machtig mooi,Neutral,Neutral,0.9905715,0.0045749354,0.9905715,0.0048536155
many bug,Neutral,Neutral,0.9480622,0.028194157,0.9480622,0.023743587
game much issue time cant even move across menu selection properly every year buy garbage anyways great power cum great responsibility would recommend game,Positive,Positive,0.9713832,0.021225166,0.007391571,0.9713832
terrible game game play enjoyable constant crashing menu glitching made unplayable never played clunky got refund disappointed,Negative,Negative,0.8727747,0.8727747,0.0062831654,0.12094208
good not update front post glitch,Positive,Positive,0.8957658,0.072136365,0.032097902,0.8957658
frustrating think going enjoy game chemistry thing mess game play bullshit tried hard make best game,Neutral,Negative,0.8423799,0.8423799,0.0040335716,0.15358655
bad stupid game pls money back,Negative,Negative,0.9713765,0.9713765,0.0011683137,0.027455231
geah,Neutral,Neutral,0.9720357,0.013054964,0.9720357,0.014909259
indirim zel indirim yok,Neutral,Neutral,0.99755114,0.0009656838,0.99755114,0.001483238
cannot launch anymore,Neutral,Neutral,0.95165116,0.02418477,0.95165116,0.02416407
stupid fucking bug time ea worst company ever,Negative,Negative,0.9918228,0.9918228,0.00044274618,0.007734396
biggest piece dog shit,Negative,Negative,0.95045215,0.95045215,0.012662811,0.036885027
got no complaint,Negative,Negative,0.8401681,0.8401681,0.030341662,0.1294903
graphic amazing think player stats changed,Positive,Positive,0.969506,0.021348728,0.009145238,0.969506
,Neutral,Neutral,0.8198435,0.08540768,0.8198435,0.09474888
wanna break everything would highly recommend game,Positive,Positive,0.73864836,0.24113265,0.020218952,0.73864836
trash server destroyed market hero pack not worth time,Negative,Negative,0.6230156,0.6230156,0.031383213,0.34560117
sh pack drop good game,Positive,Positive,0.7030052,0.27878198,0.018212762,0.7030052
think good step pc old gen new however fut gameplay hella slow clunky compared normal kick pro club gamemodes like ea promised u whole crossplay fut online friendly let honest give shit pro club imo best gamemode game sadly ea give shit care money per usual please company not hard please put time effort give u best football game deserve spent whole year upgrading grass stain making game slow af rather giving u want making game fkin better please cant take anymore,Positive,Positive,0.9903363,0.007523469,0.0021403045,0.9903363
ckt euch ea wirklich zu relase kannste da drecksgame nicht spielen wegen dieser schmutz anticheat software dann nach jeeeeeedem patch kannste wieder nicht spielen und wieso ja das wissen die gel vancouver bestimmt nicht mal selbst administrator musste sein installier den cheatmist neu blabla ich zahle verfickte diesis schei game um e nicht starten zu nnen wenn pe nicht sone rotze ich lange weg von diesem schmutzladen und nochmal fckt euch ea aber sst ihr wissen,Negative,Negative,0.9126118,0.9126118,0.019968962,0.06741928
e muy bien porque gusta ver jugar futbol e mi deporte favorito,Neutral,Neutral,0.98532176,0.0028689734,0.98532176,0.011809222
play ultimate team neurological disorder,Negative,Negative,0.6373596,0.6373596,0.029444445,0.3331959
many bug,Neutral,Neutral,0.9480622,0.028194157,0.9480622,0.023743587
wtf game even work,Negative,Negative,0.86707866,0.86707866,0.03742259,0.095498785
almost become single fut,Neutral,Negative,0.67708176,0.67708176,0.12945217,0.19346614
full bug not even worth single penny disappointment,Negative,Negative,0.9261747,0.9261747,0.007163868,0.066661365
bought considering thought complaining ea stuff oh god game broken ea anti cheat totally ridiculous every freaking time save crash close game no one assisting trying make game stable debugging update consider game great discount wait debugging currently game far good experience buy terrible optimization even worse online match far play properly without input lag stuttering stuttering also made offline match unplayable,Positive,Negative,0.9469417,0.9469417,0.0035825379,0.04947584
compras el juego en los meses deja de funcionar por culpa del anticheat como ya cumplido el mite de horas aunque no puedas volver jugar nunca no te devuelven el dinero quiero jugar por el juego que pagado no puedo,Negative,Negative,0.93952066,0.93952066,0.011936493,0.04854291
good game,Positive,Positive,0.9314501,0.050152954,0.018396938,0.9314501
love game,Positive,Positive,0.98149717,0.014524994,0.00397793,0.98149717
bad share library game except one,Negative,Negative,0.8863782,0.8863782,0.012956293,0.10066556
one biggest waste money ever done every time launch game launch like first time open reset setting everything beginning playstyle worse previus game player moving unrealistically slow dont mean pace turn stop recieve give pass everything talking casual player perspective not hardcore fun competitive player game full bug encouter sooner later played game hour know not much given game try already time actually fun launch hype market allready destroyed first month game added many pack sbcs challenge ruined price gold card dont say wouldnt happen eventually not normal happen early game,Negative,Negative,0.5550674,0.5550674,0.052996382,0.3919362
refunded tldr even launch game playing career mode still full old bug new somewhat game breaking bug let preface saying play fut multiplayer aspect solely play career mode found enjoying despite pc not getting next gen upgrade looking forward however experience completely blighted launch issue bug able play hour trial absolutely fine launch day met ea anti cheat ran problem unable launch game manage launch twice running exe file stopped working ea update fix ac problem basically launch game spent quid able play game found enjoying match finding balance slider without slider edited default difficulty ended constantly stupid scorelines graphic decent goal feel satisfying unfortunately term positive career mode really laughable create club return seemingly no new kit badge two new stadium finance system completely borked playing created club league two budget signed played free transfer wage sign fee signed another free similar wage yet week season no money left signing player selecting contract duration game add another year signed player one year contract pre season checked squad two year contract thought perhaps made error tested another signing thing happened moving league deciding upgrade stadium ticket sale not change reflect larger arena press conference make sense asked question false feel not champion league next season actually player upset not making europa league champion league next season not wasting anymore time talking trash buying game career mode avoid obvious career mode even secondary thought fut make much money neglected honestly lesser experience compared previous instalment,Positive,Negative,0.5157969,0.5157969,0.05711887,0.4270842
week later dude fix trash ffs horrible state game starting booting manage make launch anticheat system cause make game worse graphic fps drop lagging gameplay bunch useless interaction intreruptions fugly menu decent price ohh even paid club player license understood not even pay anymore name license game dead not mention preordered early play benefit still play game lool glad use ea pa give try otherwise no chance buying bad joke product ea still learning not another scam purpose battlefield,Negative,Negative,0.915198,0.915198,0.008614593,0.07618743
iuvbuyh,Neutral,Neutral,0.9720357,0.013054964,0.9720357,0.014909259
terrible still not able play,Negative,Negative,0.8665854,0.8665854,0.0061316513,0.127283
please make training mode whole team kind like,Positive,Positive,0.9029652,0.08855148,0.008483365,0.9029652
mbappe bop,Neutral,Neutral,0.9928514,0.0035743397,0.9928514,0.0035743653
easily shittest game exist really not close,Positive,Neutral,0.90497816,0.063515835,0.90497816,0.031506
,Neutral,Neutral,0.8198435,0.08540768,0.8198435,0.09474888
hard little boy play,Positive,Negative,0.535438,0.535438,0.0147444485,0.4498175
day game wont even launch,Neutral,Neutral,0.7247814,0.19157024,0.7247814,0.08364843
give mbappe,Neutral,Neutral,0.97778726,0.013125756,0.97778726,0.009087021
great played couple year ea anti cheat software trash game break every update take min hour troubleshooting make playable,Negative,Positive,0.9267452,0.06805515,0.0051996848,0.9267452
bad optimization many bug,Negative,Negative,0.9173904,0.9173904,0.012758579,0.069851026
new patch fixed alot,Neutral,Neutral,0.9354625,0.015576691,0.9354625,0.04896082
niggg,Neutral,Negative,0.460593,0.460593,0.31936604,0.22004098
many crash bug refunded,Neutral,Neutral,0.9542672,0.026908448,0.9542672,0.018824311
spend time anything else game broken point football change trajectory mid air suit game want happen go play cracked much better,Positive,Positive,0.9252559,0.06386367,0.010880496,0.9252559
e una putisima mierda quiero jugar el puto juego no deja entrar pone running pero nada intente todo uninstall anticheat ya lo hice lo probe todo este problema lo llevo teniendo ya meses algunas veces deja otras no puta mierda,Negative,Positive,0.62265587,0.21784842,0.1594957,0.62265587
anticheat not work well hard fix however game good,Positive,Positive,0.6726737,0.3090875,0.018238824,0.6726737
need date new face,Neutral,Neutral,0.96211326,0.017926628,0.96211326,0.01996004
bother mess game unresponsive menu unresponsive player not worth frustration,Positive,Negative,0.7924473,0.7924473,0.010504354,0.19704829
listen haaland need buff shooting pace dribble second messi goated,Neutral,Neutral,0.99969184,0.00014894908,0.99969184,0.00015919731
mostly last game opinion dont worth money still playable,Negative,Positive,0.568293,0.3442632,0.08744387,0.568293
game utter shit good game play guess port p really bad wont start spent hour trying even play kickoff game went graphic shit looked like pixelly stuff bad dont buy please waste money dont try ea play either not worth ur hassel ur going buy game tget p xbox update playing trail bought game doesnt even start tried everything bad cant even get refund,Negative,Negative,0.8720206,0.8720206,0.0063494835,0.12162994
sat hour trying possible fix launch game pc viewed video tech support thread etc nothing work bought ultimate edition cannot boot game poor ea,Negative,Negative,0.59450585,0.59450585,0.058841515,0.34665266
siuuuuuuuuuuuuuuuu,Neutral,Neutral,0.9720357,0.013054964,0.9720357,0.014909259
extremely difficult get ea anticheat work game work fine resolved issue facing anticheat issue not repair game using origin verify game file also make sure origin run administrator even launch game using origin launched background open exe file change run admin compatibility setting riot vanguard cause issue sometimes case make sure uninstall older game laptop hour mark reached doesnt work atleast refund hmu need help,Positive,Positive,0.9824668,0.014324482,0.003208718,0.9824668
game scripted clearly tell game want win content game almost non existent bad experience recommend game anyone,Positive,Positive,0.67869437,0.30314657,0.01815906,0.67869437
terribly optimized full bug month release still problem saving setting monetization still aweful stay away get hooked shinies,Negative,Negative,0.81878126,0.81878126,0.038919333,0.14229937
suuuuuuuuiiiiiiiiiiiiiiiiii,Neutral,Neutral,0.9720357,0.013054964,0.9720357,0.014909259
good graphic good simulation alot bug,Positive,Positive,0.9930228,0.006273218,0.0007040213,0.9930228
ea anticheat wont let play day release thank god refund,Positive,Positive,0.9535091,0.040922254,0.005568669,0.9535091
ik people hating enjoy world cupp time baby get hypeddd,Positive,Positive,0.8949471,0.07883016,0.026222661,0.8949471
developer know football highlight youtube literally no marking midfield empty striker always free defender fucking flipper even low velocity counterattack defender close mark player every match finish least goal new play highlight garbage tried restarting match time ended penalty no word bug kick litteraly dribble defender score play champion difficulty no upgrade manager career always fuck ea pe dead konamy self destroy,Negative,Negative,0.82398856,0.82398856,0.014516865,0.16149455
stay away dont want parkinson,Negative,Negative,0.5920849,0.5920849,0.1459107,0.26200438
play fut career mode fun year new hypermotion feature,Positive,Positive,0.91170025,0.07584103,0.0124586355,0.91170025
bug everywhere everytime lol game lol developer,Positive,Positive,0.89510185,0.09233544,0.012562755,0.89510185
taq igra nai ebanta na sveta pojelavam alaah da styrishi na kosti da ymre sichki da ymrat koito sa si kypili tazi igra sichko gadno za vas murshiii sichko koito sa sudali tazi igra da izgniqt laina kudeto izgniva kalinka na nikola salaptiskii maikata nai ebanata igra na sveta koqto moje da sushtestvova koito susdal tazi igra da ymre nai tejktie muki ea playyy pytkii chyvate li iskam da izgnite laina vsqka edna sushta mrete murshiiiiiiiiiiiiiiiiiii,Neutral,Negative,0.82904565,0.82904565,0.06244604,0.10850833
game start press play open origin start ea anticheat anticheat load splash screen go away start background process anti malware exe go nut high load exe high load exe stop running background process stop go back play get kicked back origin try every suggested fix forum youtube back download latest update start back looking kind answer update anything really dev support team nada back give get refund played time back write ea probably back,Negative,Negative,0.48689824,0.48689824,0.09389835,0.41920343
cant run game,Neutral,Neutral,0.93827605,0.041718673,0.93827605,0.020005286
doesnt even load,Neutral,Neutral,0.9471797,0.03579461,0.9471797,0.017025728
need fix launch,Neutral,Neutral,0.97479725,0.009492254,0.97479725,0.015710553
game even opened pc,Neutral,Negative,0.6452991,0.6452991,0.2181718,0.13652909
spent time troubleshooting playing game,Positive,Positive,0.81275,0.14751217,0.039737817,0.81275
secruity boot error no fix laptop watched several video non worked,Negative,Negative,0.5352532,0.5352532,0.033546727,0.43120012
hot,Neutral,Neutral,0.93651557,0.028083982,0.93651557,0.03540043
bad game game play actually good quite enjoyable thing like career mode ultimate team make game engaging experience despite game shadowed bug glitch right start getting game launch run hassle enable secure boot happens not worst part game lag inconsistent frame rate almost constant issue not bad pc able run much intensive game not connection issue internet mb recommended amount ea issue along multitude bug game prematch item floating around game cause overall experience game disappointing frustrating best would not purchase game conpletly stoped running refusing open say running window nothing pop tried everything fix including reinstalling game nothing work,Negative,Negative,0.5722531,0.5722531,0.023986483,0.40376043
fun game,Positive,Positive,0.9529934,0.033758637,0.01324801,0.9529934
bug,Neutral,Neutral,0.9164584,0.037905205,0.9164584,0.04563637
work lucky not able get launch many bug would not reccomend,Positive,Neutral,0.5960849,0.077762924,0.5960849,0.32615215
spend hour trying get game launch finally reaching goal get worse,Negative,Negative,0.7922803,0.7922803,0.045416836,0.16230282
not working feel scamed working gtx not fix,Neutral,Neutral,0.64052683,0.32860166,0.64052683,0.030871509
fix gameeee,Neutral,Neutral,0.97955894,0.0107099805,0.97955894,0.009731102
horrible,Negative,Negative,0.94004464,0.94004464,0.011946425,0.048008908
khara game,Neutral,Neutral,0.96888953,0.01382131,0.96888953,0.01728908
game not launching saying game running screeen wont open,Neutral,Neutral,0.50786054,0.37408903,0.50786054,0.118050426
yo father probably one oldest people playing game single father son son got game birthday installed computer started playing end week hour game horrible already hard find way spend time son always friend watching youtube decided make account get game see could maybe play alongside asked son help hosted game join loved best time spent son since wife died game ever since brought son closer actually spend time together outside house together well game reminded fun everything brought son many happy memory,Positive,Positive,0.99506134,0.0039925077,0.00094614195,0.99506134
absolutely shit setting cant set right stick properly nor save gamepad controller right rather want money back,Negative,Negative,0.96512645,0.96512645,0.004165687,0.030707864
trash physic not make sense dribbling way extreme much balancing needed not buy colossal piece shit ea need burn hell money hungry scumbags,Negative,Negative,0.9302582,0.9302582,0.010348743,0.059393045
fun game interested football,Positive,Positive,0.9576754,0.026115078,0.016209554,0.9576754
good game would reccomend next gen say try,Positive,Positive,0.9358515,0.029191121,0.034957357,0.9358515
pretty ok,Positive,Positive,0.9908646,0.0075113685,0.0016240693,0.9908646
chill relaxing game play rest school work,Positive,Positive,0.84714925,0.09337202,0.059478767,0.84714925
almost broke desk shit game every match feel like rigged low stat player somehow beating high stat player stats different eachother,Negative,Negative,0.957713,0.957713,0.0053583602,0.036928687
,Neutral,Neutral,0.8198435,0.08540768,0.8198435,0.09474888
get addicted pack good stuff pack nothing,Positive,Positive,0.82740474,0.1425102,0.030085074,0.82740474
micro stutter lag game cutscene corner goalkick make frame drop half,Negative,Negative,0.9412754,0.9412754,0.0038874405,0.054837085
good,Positive,Positive,0.92512983,0.054977793,0.019892411,0.92512983
last ea sport game not,Neutral,Neutral,0.92423415,0.039735314,0.92423415,0.036030546
game work half time,Neutral,Neutral,0.94553417,0.021377094,0.94553417,0.033088747
even access game,Neutral,Neutral,0.9245738,0.047335427,0.9245738,0.028090846
terrible game designed buy micro transaction,Negative,Negative,0.92402333,0.92402333,0.013247015,0.06272967
brilliant game would recommend anti ratio recommend great game worth pound worth dollar,Positive,Positive,0.96824974,0.030778762,0.00097151427,0.96824974
simply not good enough,Negative,Positive,0.66672385,0.2844536,0.048822556,0.66672385
horrible game wont work,Negative,Negative,0.9277952,0.9277952,0.018712305,0.053492572
dont buy badddd,Neutral,Neutral,0.9806198,0.010692753,0.9806198,0.008687452
want refund shit game every year every single game fut lagged time opponent score everytime lag shit server not something take another year save money,Negative,Negative,0.9771121,0.9771121,0.0010764347,0.021811495
fun issue starting idk tho pc tho,Positive,Positive,0.9549513,0.04096816,0.004080534,0.9549513
horrible gameplay bug dont get fixed dont know people still buying game not worth,Negative,Negative,0.96794957,0.96794957,0.0029309364,0.029119477
game shit save buck,Negative,Negative,0.94659966,0.94659966,0.0029255543,0.05047475
good game,Positive,Positive,0.9314501,0.050152954,0.018396938,0.9314501
no longer fun,Negative,Positive,0.70915294,0.27256063,0.018286437,0.70915294
many fuckingg hacker game,Neutral,Neutral,0.9160866,0.06325112,0.9160866,0.020662244
fun game experience bug game good not perfect,Positive,Positive,0.9930797,0.006282897,0.00063740206,0.9930797
gonna play fut know suck not gonna pay pack everything fut script not allow score team low stat game low ovr team,Negative,Negative,0.96868604,0.96868604,0.0026740192,0.02863999
trash many bug except volta okay,Positive,Positive,0.81808025,0.14443931,0.03748044,0.81808025
realistic fun game,Positive,Positive,0.9518733,0.02864106,0.019485665,0.9518733
excellent,Positive,Positive,0.9259951,0.041717276,0.03228763,0.9259951
good game gameplay better previous one,Positive,Positive,0.9903128,0.008742538,0.00094465987,0.9903128
best last,Positive,Positive,0.98854876,0.008536792,0.002914558,0.98854876
hot men,Neutral,Neutral,0.93824047,0.02022639,0.93824047,0.041533116
cant even open game anymore antivirus program broken fix game ea edit open game still dogwater idk game there many random b moment ruin game,Negative,Negative,0.8433307,0.8433307,0.027422229,0.129247
career mode good mode,Positive,Positive,0.87903583,0.06647026,0.054493923,0.87903583
menu run slower actual gameplay laggy every time tackle player ball bounce straight back lap manage get game even open,Positive,Negative,0.54481584,0.54481584,0.07490962,0.3802745
seen family year,Neutral,Negative,0.3763392,0.3763392,0.31942183,0.30423898
good,Positive,Positive,0.92512983,0.054977793,0.019892411,0.92512983
ea sport shit worst series ive ever played entire life upgrade game still not recommend,Positive,Negative,0.84992546,0.84992546,0.006819112,0.14325543
trash able play game month,Positive,Positive,0.8440281,0.10841613,0.047555722,0.8440281
kaka,Neutral,Neutral,0.91588616,0.027909584,0.91588616,0.056204274
awful work,Negative,Negative,0.90024316,0.90024316,0.030745178,0.06901169
great soccer game,Positive,Positive,0.9924908,0.005495888,0.0020131795,0.9924908
game lagging much,Negative,Negative,0.85328054,0.85328054,0.030781481,0.11593794
chupala bichooooooo pepsi,Neutral,Neutral,0.9938465,0.0031811744,0.9938465,0.002972361
even launch game lol imagine,Positive,Positive,0.91823524,0.06136241,0.02040233,0.91823524
according played hour funny thing still launched countless attempt trying different method youtube forum ea website waste every year get worst worst every since truly believe going last one true disappointment,Negative,Negative,0.8924941,0.8924941,0.003620944,0.10388505
honestly shit,Negative,Negative,0.8572094,0.8572094,0.007930381,0.13486029
suuuuuuiiiiiiiii,Neutral,Neutral,0.9720357,0.013054964,0.9720357,0.014909259
worth price,Positive,Positive,0.77772427,0.16112362,0.06115209,0.77772427
plz dlet muguer,Positive,Neutral,0.9228894,0.041835114,0.9228894,0.035275485
like shhhhhh,Positive,Positive,0.8530684,0.11323684,0.033694748,0.8530684
buy game,Neutral,Neutral,0.93355936,0.019854428,0.93355936,0.046586152
waste ur money ruined day game even start anticheat error paid euro even play,Negative,Negative,0.9470518,0.9470518,0.00180971,0.05113844
delete faceit anti cheat work good yes,Positive,Positive,0.87458897,0.12197294,0.0034380523,0.87458897
able play game hour released week nothing work emailed ask refund kept rejecting request say played game hour game even start say running nothing run waste money,Negative,Negative,0.4924422,0.4924422,0.021364983,0.4861928
cannot play game pc sometimes load next day try play wont load no error new update made game crash playing joke,Neutral,Negative,0.62439376,0.62439376,0.012927244,0.36267897
ii okeyus,Neutral,Neutral,0.9502055,0.02930384,0.9502055,0.020490669
read stay away pc version laggy mess decent pc took hour sorting origin anti cheat issue origin absolute garbage forced use anyway avoid cost,Negative,Negative,0.9554266,0.9554266,0.0065765274,0.037996877
shittest game ive ever played nan could make better game six foot,Positive,Positive,0.9856625,0.00965947,0.004678002,0.9856625
play,Negative,Positive,0.75289524,0.19682166,0.05028312,0.75289524
bought game discount november many issue trying get game launch finally opening freeze loading screen tried fixing issue advice keep trying leaving loading screen game work requested refund refund refused twice due hour game play not played game made past loading screen according loading screen equal game play advice completely avoid game purchase issue request refund immediately end broken unplayable game like,Negative,Negative,0.661244,0.661244,0.018375859,0.32038015
trying play not hack nuclear missile silo anything special go bios etc etc play game anti cheat not like trying play league dota,Positive,Negative,0.62470853,0.62470853,0.022567915,0.3527235
exact last one,Neutral,Neutral,0.53263,0.12638153,0.53263,0.34098837
love good nice,Positive,Positive,0.99959606,0.00038927386,1.4655079e-05,0.99959606
bought week ago still cant figure way around boot error really looking forward playing ea got money havent made patch issue,Negative,Negative,0.73685783,0.73685783,0.028020693,0.23512143
,Neutral,Neutral,0.8198435,0.08540768,0.8198435,0.09474888
great game,Positive,Positive,0.9855278,0.011807299,0.0026649057,0.9855278
year game changed decent amount however still many glitch not even even properly start game sometimes overall solid game like new addition lot new probelms,Positive,Negative,0.7924164,0.7924164,0.06660103,0.14098254
ea fucking fix player selection glitch completely working fine squad building challenge no point wait second select player squad fucking sad see bug company make billion dollar per year package opening,Negative,Negative,0.54587305,0.54587305,0.10036181,0.35376513
ice staff marvin weapon,Negative,Positive,0.5813003,0.022282805,0.3964169,0.5813003
bad optimaization cant play lot crash,Negative,Negative,0.9301923,0.9301923,0.004948593,0.06485914
game potential fucking hate ea think better stop releasing game without even testing state no way thumb drop positive percentage even mean run gta rdr many demanding game no problem cant even get fps corner free kick taking decent free kick almost impossible delay game want blow pc replay first shit u giving u old gen version game gave u current gen version cant run anything higher medium setting without pc wanting blow said game addiction ill likely end hour like update everything fixed ea finally something right,Negative,Positive,0.6693561,0.28318945,0.04745449,0.6693561
dont fucking work,Negative,Neutral,0.95619655,0.027253613,0.95619655,0.016549798
crash tab buggy shit,Negative,Negative,0.9303397,0.9303397,0.011342123,0.058318086
good game next gen could better,Positive,Positive,0.9925333,0.0055502714,0.0019163828,0.9925333
game worked fine day one play career mode gameplay improved really fun graphic blurry even ultra framerate drop cutscenes taa ghosting game bug control menu controller reason lol otherwise good definitely not worth buck wait sale,Positive,Positive,0.9927497,0.006065843,0.0011844175,0.9927497
game isnt bad although crashing quite common goalie shit crash fucking time,Negative,Negative,0.9237662,0.9237662,0.0084588565,0.06777493
dont buy game doesnt work cant lunch game ive tried everything,Neutral,Neutral,0.58800775,0.2790034,0.58800775,0.1329888
first bought play migrated football game feel far better,Positive,Positive,0.9928773,0.0061865738,0.0009360992,0.9928773
im,Neutral,Neutral,0.7916887,0.12822518,0.7916887,0.080086194
game launch update tried multiple solution nothing resolve issue many bug problem every pc,Negative,Negative,0.7382631,0.7382631,0.046047017,0.21568991
mean say said thousand time uninspired cash grab not much roster update hidden behind fancy graphic completely not optimized running pc waste time money like,Positive,Positive,0.8339391,0.14694609,0.019114848,0.8339391
yes play game,Positive,Positive,0.98197895,0.016029462,0.0019915258,0.98197895
tried play game keep giving anticheat error day since release still not fixed,Positive,Negative,0.76378256,0.76378256,0.033667315,0.2025501
de install faceit good go anticheat,Positive,Positive,0.95156413,0.03708652,0.0113493195,0.95156413
fucking annoying,Negative,Negative,0.81590784,0.81590784,0.064603016,0.11948916
shitgame,Neutral,Neutral,0.90536124,0.045231108,0.90536124,0.049407676
boring,Negative,Negative,0.56629795,0.56629795,0.22409381,0.20960829
likeeeee series game,Positive,Neutral,0.95433277,0.016997412,0.95433277,0.028669817
daddy mbape,Neutral,Neutral,0.89415973,0.024043838,0.89415973,0.081796445
best game ever,Positive,Positive,0.98960555,0.008226541,0.0021679762,0.98960555
best game ever,Positive,Positive,0.98960555,0.008226541,0.0021679762,0.98960555
mad,Negative,Negative,0.5753099,0.5753099,0.22768085,0.19700931
,Neutral,Neutral,0.8198435,0.08540768,0.8198435,0.09474888
zdasgafd,Neutral,Neutral,0.9720357,0.013054964,0.9720357,0.014909259
started playing game childhood memory racist depression broke everything room made wife leave ok got haaland,Negative,Positive,0.6096016,0.35541984,0.034978542,0.6096016
carrer mode literally unplayable either actually fun play game way want get sacked season b task board give cause matter win league time row go blackburn championship premier league winning blackburn season scouted rd grade promising asian prospect argentina get sacked fix game always needed one simple ce table allowed set manager rating everything set unknown reason using anticheat singleplayer mode want enjoy carrer mode download anticheat bypass ce table block firewall case start banning people bypassing insane,Positive,Positive,0.8686044,0.11803088,0.013364653,0.8686044
absolute joke dont bother check online first see even play pc spend money bought cant even play game due stupid anticheat software threw year cant launch game without anticheat software since bugged cant play game flat even store site literally unplayable game,Positive,Positive,0.49151027,0.47224855,0.03624112,0.49151027
buggy make configure setting every single startup ive started game first time also load training centre annoying also major rubber banding game make unplayable even verifying file needed reinstall,Negative,Negative,0.854883,0.854883,0.023875957,0.12124099
innit,Neutral,Neutral,0.94052327,0.019297294,0.94052327,0.040179424
really isnt good ea charging buck shit,Negative,Negative,0.6532553,0.6532553,0.013801328,0.33294344
ewojecu ifiafa,Neutral,Neutral,0.9905715,0.0045749354,0.9905715,0.0048536155
not warcking,Neutral,Neutral,0.9679481,0.021795642,0.9679481,0.010256215
amazing win lol,Positive,Positive,0.9997193,0.00024727863,3.3327833e-05,0.9997193
bad ea bad,Negative,Negative,0.9822483,0.9822483,0.0012391,0.016512627
uninstal crash randomly,Negative,Neutral,0.42161962,0.22776166,0.42161962,0.3506187
didnt let launch app please not buy trust,Negative,Negative,0.50168616,0.50168616,0.04975142,0.4485625
lengthy cb op,Neutral,Neutral,0.9332037,0.005905007,0.9332037,0.0608913
sdsa,Neutral,Neutral,0.9720357,0.013054964,0.9720357,0.014909259
mantop,Neutral,Neutral,0.9720357,0.013054964,0.9720357,0.014909259
dont buy,Neutral,Neutral,0.9479497,0.027587382,0.9479497,0.024462901
scriu acest riviu deoarece de ore,Neutral,Neutral,0.9987017,0.00046879792,0.9987017,0.0008294713
best since,Positive,Positive,0.97521496,0.018656606,0.006128482,0.97521496
fun realistic,Positive,Positive,0.96176,0.022989104,0.015250915,0.96176
better,Positive,Positive,0.952345,0.028355421,0.019299623,0.952345
playing bug player pitch,Positive,Positive,0.79983526,0.07361354,0.12655121,0.79983526
game need sex not reccomend,Neutral,Neutral,0.99450964,0.0022277944,0.99450964,0.0032625569
cant launch fckng game,Neutral,Neutral,0.9717011,0.018309982,0.9717011,0.009988905
isnt fun game anymore addiction,Negative,Positive,0.9771394,0.009164692,0.013695814,0.9771394
nice,Positive,Positive,0.9627819,0.0295454,0.0076726764,0.9627819
hour playtime staring frozen loading screen paid early acces trying fix day want compensation en fix flippin game,Positive,Positive,0.4669054,0.30235255,0.23074211,0.4669054
actually good exciting game wp ea,Positive,Positive,0.92264926,0.060606793,0.016743936,0.92264926
revolutionary gameplay,Neutral,Neutral,0.6953795,0.19404104,0.6953795,0.11057948
paranoid ea make game unplayable afraid piracy ea exec look number game pirated assume number represents lost sale actually represents average consumer unwillingness pay good money trash game people pirate game go buy game added feature assuming game good fun ea problem prefer copy paste quality exploitation fun stop blaming pirate fact forgot make decent game,Negative,Positive,0.90698266,0.061277635,0.03173968,0.90698266
lot glich,Neutral,Neutral,0.9683713,0.011882392,0.9683713,0.019746358
,Neutral,Neutral,0.8198435,0.08540768,0.8198435,0.09474888
worst scripted piece shit game,Negative,Negative,0.99606055,0.99606055,0.0001837898,0.003755603
shit graphic,Negative,Negative,0.9377801,0.9377801,0.008624667,0.05359522
ybgy,Neutral,Neutral,0.9720357,0.013054964,0.9720357,0.014909259
game good win game shit lose,Positive,Negative,0.7414527,0.7414527,0.003560332,0.254987
ruined gameplay graphic hard see cut scene not enjoyable lot stutter cut scene even drop fps however fps gameplay fine recommend,Negative,Negative,0.96258616,0.96258616,0.0008285426,0.036585413
suiiiiiiiiiiiiiiiiiiiiiiiiiiiiiiiiiiiiiiii,Neutral,Neutral,0.9720357,0.013054964,0.9720357,0.014909259
payed dollar canadian still play game reordered game day early access still cant play gotta say awesome anti cheat ea,Negative,Positive,0.8159495,0.16074213,0.023308365,0.8159495
sound problemes,Neutral,Neutral,0.49258766,0.40638754,0.49258766,0.101024784
gempakkk,Neutral,Neutral,0.9720357,0.013054964,0.9720357,0.014909259
launch,Neutral,Neutral,0.9238844,0.03402831,0.9238844,0.04208726
lpjk,Neutral,Neutral,0.9720357,0.013054964,0.9720357,0.014909259
best vfx awesome,Positive,Positive,0.9984896,0.0013226917,0.0001877412,0.9984896
dioptimalisasi lgi ngent,Neutral,Neutral,0.9938465,0.0031811744,0.9938465,0.002972361
best game ever play,Positive,Positive,0.9949372,0.004705872,0.00035691625,0.9949372
cool wtv,Positive,Positive,0.9396633,0.046747223,0.013589513,0.9396633
funny football game,Positive,Positive,0.8805407,0.04084194,0.07861734,0.8805407
people dont get game,Neutral,Neutral,0.55282426,0.31188145,0.55282426,0.1352943
every day struggle launch stupid game developer not focusing fixing issue,Negative,Negative,0.96422225,0.96422225,0.008967239,0.026810462
good game always crash pc fail connect controller cannot even start game please fix reinstalled worked not working,Negative,Positive,0.7216152,0.23165688,0.04672794,0.7216152
game get angry,Neutral,Negative,0.5804994,0.5804994,0.24469626,0.17480431
purchase download install run reinstall ea anticheat play activate ultimate edition content preventing refund get screwed ea app refuse acknowledge game,Negative,Positive,0.5018989,0.42803106,0.07007014,0.5018989
worst,Negative,Negative,0.97706085,0.97706085,0.0029442408,0.019994888
mid,Neutral,Neutral,0.9256723,0.02820943,0.9256723,0.046118297
much taking time play lost,Neutral,Positive,0.7357901,0.25411132,0.010098547,0.7357901
cheat launch game,Positive,Neutral,0.5283194,0.36864272,0.5283194,0.10303784
game mad stupid move online mode offline practice everything work fine thought controller problem setting tried changing everything fix community still work saw bunch people problem still find fix ea even care no solution problem dumb af,Negative,Negative,0.9880909,0.9880909,0.00045094398,0.011458273
not run normally computer good requirement game played twice took hour start game,Positive,Positive,0.899729,0.06525468,0.035016272,0.899729
not good,Negative,Positive,0.73732203,0.19587386,0.0668041,0.73732203
waiting queue new world play game game anti cheat program thought cheating banned good many people like issue new anti cheat program many account permanently banned mailed time said fault made waiting queue new world prove cheated say anything didnt cheat ea customer service terrible paid game played minute game shut terrible beginning fix somehow youtube video waiting queue new world banned lot people problem writing reddit,Negative,Negative,0.9058218,0.9058218,0.005153554,0.08902464
,Neutral,Neutral,0.8198435,0.08540768,0.8198435,0.09474888
dogshit game take shelf thing last fucking year absolutely terrible would never play,Negative,Negative,0.86619425,0.86619425,0.014966,0.118839785
hey,Neutral,Neutral,0.80511296,0.116214044,0.80511296,0.07867301
cannot play update fuck ea,Negative,Negative,0.9053397,0.9053397,0.008469548,0.086190805
addict,Neutral,Neutral,0.91015476,0.05066781,0.91015476,0.0391774
noice,Neutral,Positive,0.55640423,0.14402531,0.29957053,0.55640423
one favorite game awesome,Positive,Positive,0.9827539,0.013800496,0.0034456144,0.9827539
shittiest game ive ever played,Negative,Positive,0.5236786,0.46492052,0.011400892,0.5236786
sometimes wouldnt start thanks ea,Negative,Positive,0.7028873,0.19124922,0.105863445,0.7028873
worst game ever ultimate team trash hell division rival match ups trash division get marched division guy show stupid skill move end match end scoreline kindly improve matchmaking worst compared game,Negative,Negative,0.9867512,0.9867512,0.0005577574,0.012690953
game babiiii passing kek kontol,Neutral,Neutral,0.99284524,0.002275702,0.99284524,0.0048790923
fun game performance though really bad cutscenes corner etc drop much fps,Positive,Negative,0.5179809,0.5179809,0.014186395,0.4678327
da bian,Neutral,Neutral,0.9666489,0.0193831,0.9666489,0.013967961
apart game released late launch not starting people without ridiculous roundabout method due eaac even guarantee work slow menu awful ping playing rival no cross play function co op game mode ea releasing hero pack tradable user put mile front current power curve awful pack weight inability buy point want using interface finally unfathomable amount dda overcome short coming extremely mentally ill hate life think game,Negative,Negative,0.9390289,0.9390289,0.0072812703,0.053689796
game impossible play constant lagging cut scene play laggy,Positive,Negative,0.9329458,0.9329458,0.0018642514,0.06519008
worst could ever buy,Negative,Negative,0.946498,0.946498,0.008375827,0.04512621
game suck update wont launch anymore,Negative,Negative,0.8357264,0.8357264,0.074673064,0.0896005
kolo kolo kolo kolo kolo kolo toure yaya yaya yaya yaya yaya yaya toure,Neutral,Neutral,0.6214789,0.3343289,0.6214789,0.04419215
kut game,Neutral,Neutral,0.96888953,0.01382131,0.96888953,0.01728908
dont buy pc love play online not working give shit not fixing issue joystick online,Positive,Negative,0.76036143,0.76036143,0.026088204,0.2135504
j good,Positive,Positive,0.9037402,0.067529745,0.02873005,0.9037402
,Neutral,Neutral,0.8198435,0.08540768,0.8198435,0.09474888
crash every game make high end gaming laptop run like oven degree avg iconsistent gameplay sometimes maybe good sometimes maybe sheeet,Positive,Positive,0.8041489,0.17059687,0.025254253,0.8041489
game year no question,Negative,Negative,0.49001202,0.49001202,0.11422925,0.39575872
new year game,Neutral,Neutral,0.9782215,0.0099906325,0.9782215,0.011787962
week play week not even login hell ea robbing money,Negative,Negative,0.9403717,0.9403717,0.0039085117,0.055719864
hi,Neutral,Neutral,0.8788656,0.025227174,0.8788656,0.09590717
gameplay super fun rest,Positive,Positive,0.9946897,0.0046958327,0.0006144933,0.9946897
always log make lose fut champ,Neutral,Negative,0.8226886,0.8226886,0.018020244,0.15929116
shit,Positive,Negative,0.9486215,0.9486215,0.009606186,0.041772336
simply love no clue,Positive,Positive,0.8843265,0.10429155,0.011381934,0.8843265
game start issue anti cheat worked self around game infinitely stuck loading screen,Negative,Negative,0.88981265,0.88981265,0.01646682,0.09372051
posting win autumn sale badge game suck,Negative,Positive,0.550334,0.3836014,0.06606464,0.550334
cant run update,Neutral,Neutral,0.9774239,0.014689755,0.9774239,0.007886308
okok,Neutral,Neutral,0.9720357,0.013054964,0.9720357,0.014909259
soo good fun,Positive,Positive,0.9882875,0.010519453,0.0011930808,0.9882875
game made gay,Neutral,Neutral,0.90981823,0.036147576,0.90981823,0.054034185
nu va jucati copii nu bun pentru sanatatea voastra mintala si pentru portofelele dumneavoastra,Neutral,Neutral,0.94581765,0.024201928,0.94581765,0.029980436
overall gameplay fps come cutscene corner celebration penalty fps drop not recommend ea always thing money,Negative,Negative,0.89586306,0.89586306,0.013261846,0.09087516
shittiest game ever played whole entire life honestly way better trash game,Positive,Positive,0.9899122,0.0089481305,0.0011396541,0.9899122
good game cap,Positive,Positive,0.91350406,0.06960103,0.016894922,0.91350406
sheer amount bug player team career mode make game unplayable anyone like listed offline mode,Positive,Negative,0.87420774,0.87420774,0.017735194,0.10805703
full mistake,Negative,Negative,0.82953113,0.82953113,0.0639216,0.106547296
another year worse game ready get robbed ea like always,Positive,Negative,0.71489877,0.71489877,0.016813017,0.26828817
crash game suck get unrecoverable error fixing worked broke forgot mention besides game awful worst game ever,Negative,Negative,0.98961186,0.98961186,0.00046556536,0.009922655
dogshit game let launch,Neutral,Neutral,0.9914404,0.0038495476,0.9914404,0.0047100573
bad game purchasing game get issue played purchase,Negative,Negative,0.8179921,0.8179921,0.012137808,0.16987002
game shit trying launch hour still not working,Negative,Negative,0.8842374,0.8842374,0.05390553,0.061857183
fun cross play,Positive,Positive,0.9771557,0.020018512,0.0028258371,0.9771557
nerf dembele,Neutral,Neutral,0.91654116,0.033698086,0.91654116,0.049760774
trash cant even open game,Neutral,Neutral,0.913588,0.061340917,0.913588,0.02507106
paid early access game crash startup day still install origin administrator every time want launch game week,Negative,Positive,0.740128,0.214469,0.045403086,0.740128
game sui man,Neutral,Neutral,0.9893667,0.00512988,0.9893667,0.0055034207
fun make rage fun indeed love sbcs,Positive,Positive,0.99237275,0.007371541,0.00025578268,0.99237275
nice graphic good game,Positive,Positive,0.99529403,0.0043875305,0.0003183975,0.99529403
anti cheat bug still thing aside worse date gameplay terrible think last time ever trust company ea currently no rival football game world show game legal know basically pay win gambling choose play investment mode ultimate team,Neutral,Negative,0.83823,0.83823,0.016550986,0.14521906
buggy borderline unplayable,Neutral,Neutral,0.8639712,0.036603406,0.8639712,0.09942542
worst not optimized pc totally waste money ultimate team lag like hell,Negative,Negative,0.99222904,0.99222904,0.000107412874,0.0076634954
fun ea fix anticheat issue tip might help running anticheat administrator uninstalling installing back,Positive,Positive,0.98361796,0.013047563,0.0033344056,0.98361796
ikahdpiahwd,Neutral,Neutral,0.9720357,0.013054964,0.9720357,0.014909259
baddest graphic ever seen always not let play game fun always crash fucking broken game af,Negative,Negative,0.82954794,0.82954794,0.014847528,0.15560453
suck game still fun,Positive,Positive,0.54396176,0.44047007,0.015568142,0.54396176
vo aidimas,Neutral,Neutral,0.9905715,0.0045749354,0.9905715,0.0048536155
played till week bought little hard launch beacuase anticheat method better gameplay good smooth lot mode play fun hesitated whether buying not waste time hope useful,Positive,Positive,0.98333687,0.015552232,0.0011108934,0.98333687
not bad people said,Positive,Negative,0.9407147,0.9407147,0.012076365,0.04720892
geart game,Neutral,Neutral,0.96888953,0.01382131,0.96888953,0.01728908
glad gave refund ea money world not mine would rather get manhandled buff man support garbage company joke game,Positive,Positive,0.9801365,0.015626095,0.0042374167,0.9801365
ljhgchj,Neutral,Neutral,0.9720357,0.013054964,0.9720357,0.014909259
good mbappe not goat messi ronaldo nomal player aka mr pay pal,Positive,Positive,0.5736644,0.21878946,0.20754607,0.5736644
seweyyyyyyyyyyyyyyyyyyyy,Neutral,Neutral,0.9720357,0.013054964,0.9720357,0.014909259
total money wasted useless piece crap could not even see loading screen money paid thanks ea giving title library cannot anything ripped never buying ea game easier even run crack game game lucky atleast cousin able play farewell ea,Positive,Negative,0.5116579,0.5116579,0.013261172,0.47508097
asdrf,Neutral,Neutral,0.9720357,0.013054964,0.9720357,0.014909259
ez goal,Positive,Positive,0.87767696,0.065173976,0.057149123,0.87767696
numerous bug unplayed every game pro club trash game,Neutral,Neutral,0.8151863,0.120485604,0.8151863,0.06432812
nigga,Neutral,Neutral,0.9816782,0.008105347,0.9816782,0.010216408
nice game anger issue recommend not play still nice game nice game,Positive,Positive,0.99058914,0.009210127,0.00020078059,0.99058914
realistic,Neutral,Neutral,0.9500598,0.015374368,0.9500598,0.034565873
sometimes laggy cool,Positive,Positive,0.7379213,0.22087362,0.041205127,0.7379213
thankfully got refund doggyyy doodoo game,Positive,Neutral,0.8212047,0.030092316,0.8212047,0.14870292
need workarounds start game anti cheat problem latest update fixed lot bug,Neutral,Negative,0.9170623,0.9170623,0.016754776,0.06618303
blow harder mia khalifa prime,Negative,Positive,0.372585,0.33310148,0.29431355,0.372585
ea,Neutral,Neutral,0.8803578,0.057872884,0.8803578,0.061769363
b waste money,Negative,Negative,0.54777586,0.54777586,0.1187454,0.33347878
amazing,Positive,Positive,0.99158174,0.00610085,0.0023173888,0.99158174
almost unplayable laggy even ti overclocked ryzen,Neutral,Negative,0.7270382,0.7270382,0.115275025,0.1576868
ea fix crappy antiplay service workarounds resolve issue work temporarily new workarounds needed get game working whenever fix suddenly stop working even worse play game single player career mode even due broken launcher break every time patch game fut duplicate card next gen feature like no gen since lucky launch game,Negative,Negative,0.85563797,0.85563797,0.027430123,0.116931915
real game,Neutral,Neutral,0.9667777,0.016457403,0.9667777,0.016764889
another year another mistake never learn,Negative,Negative,0.7848146,0.7848146,0.024479937,0.1907055
no se prende el juego,Negative,Negative,0.8332997,0.8332997,0.07010235,0.096597984
like,Positive,Positive,0.8539407,0.11380052,0.032258756,0.8539407
uninstall anti cheat reinstall everytime want launch game make work ffs,Negative,Negative,0.8648834,0.8648834,0.011559337,0.12355731
iskreno im iprishiate game,Neutral,Neutral,0.9343762,0.043394543,0.9343762,0.02222927
,Neutral,Neutral,0.8198435,0.08540768,0.8198435,0.09474888
,Neutral,Neutral,0.8198435,0.08540768,0.8198435,0.09474888
intuitive puzzle game make search around internet level think solved puzzle still even start,Positive,Negative,0.813762,0.813762,0.047103107,0.13913485
fun guy need improve anti cheat cuz full cheater game,Negative,Positive,0.8142193,0.17446202,0.011318705,0.8142193
ping displayed green play game player lag like shit hacker around,Negative,Negative,0.92509717,0.92509717,0.0030089596,0.071893804
game absolute dog shit would not recommend free kick absolutely fucked corner super bad ai way bad honestly worse garfield kart glad ea gone next year wont shitty money grab,Negative,Negative,0.9458858,0.9458858,0.0041731447,0.049941026
working decided start free week know happen game work,Positive,Positive,0.95126915,0.028557444,0.02017345,0.95126915
garbage,Neutral,Neutral,0.96990776,0.012577371,0.96990776,0.017514903
shitttttttttttttttttttttt,Neutral,Neutral,0.9720357,0.013054964,0.9720357,0.014909259
game launch,Neutral,Neutral,0.9406022,0.024505805,0.9406022,0.034892056
buyer beware pc version incompatible purchaser believe go check community discussion page,Neutral,Negative,0.7654427,0.7654427,0.029875573,0.20468171
still drag play pc,Positive,Positive,0.7275649,0.21928428,0.053150848,0.7275649
harry maguire goat,Neutral,Negative,0.4883736,0.4883736,0.141663,0.36996332
cant keep letting ea get away making billion dollar simultaneously one laziest company world game decent cant even play unless go loop uninstalling mid anti cheat half time trick doesnt even work cant play game wasted money wont refund even though defective,Negative,Negative,0.9146283,0.9146283,0.019871827,0.065499805
full bug need patched believe paid even sale expensive experience provides,Neutral,Positive,0.5183436,0.24610783,0.23554857,0.5183436
expensive game purchased also worst game issue cyberpunk console positive thing say soundtrack good literally everything else shambolic anti cheat crap useless creates far issue literally cannot even startup co op season friend game crash every single time join lobby together discord completely crash game connection always show lag indicator literally every game perfect internet speed worst game ever spent money unacceptable ea far big company dish poor poor trash super disappointed cannot put word sick billion dollar company bare minimum getting away time time fix game ea,Negative,Negative,0.91442037,0.91442037,0.012568687,0.07301098
kul spel,Neutral,Neutral,0.95781666,0.018969256,0.95781666,0.02321404
game wont evrn open,Neutral,Neutral,0.96703553,0.018367251,0.96703553,0.014597212
terrible optimased,Negative,Negative,0.9466269,0.9466269,0.011317793,0.042055264
seems game even finished already released load bug slow hell start half time stay away one complete garbage money steal,Negative,Negative,0.9133795,0.9133795,0.023936085,0.06268448
ehh actually get play game fun game start not,Positive,Positive,0.92591375,0.058366135,0.01572024,0.92591375
nice game,Positive,Positive,0.9640249,0.02851659,0.0074586337,0.9640249
best soccer game term realism includes competitive gameplay graphic content physic decent tutorial tip life like simulation make feel like real champ competing world cup cup stadium futsal female team list go not mention amazing soundtrack dnb house whatnot one masterpiece plus legendary trio messi neymar jr mbappe real life triple aaa game ea playing casually friend shared screen blast sure could amazing online match exclude cheater exist unfortunately,Positive,Positive,0.99437594,0.0049929484,0.00063107815,0.99437594
pro next gen version con buggy overpriced piece shit game problem anti cheat stuttering online mode not working every hotfix make break thing new way unimaginable,Negative,Negative,0.9410596,0.9410596,0.010795292,0.048145153
nice game little laggy not optimized good physic question music copied,Negative,Positive,0.9939693,0.005426319,0.0006043908,0.9939693
good improvement previous,Positive,Positive,0.9980956,0.0016605854,0.00024384375,0.9980956
wtf wrong game every game keeper shit dones dive lay ground,Negative,Negative,0.9615452,0.9615452,0.003200918,0.035253838
kicka fotbal,Neutral,Neutral,0.9970187,0.0011843548,0.9970187,0.0017969771
simplesmente melhor jogo pra quebrar controle passar tempo,Positive,Neutral,0.98210984,0.006868063,0.98210984,0.01102201
game start day many bug,Neutral,Neutral,0.9776855,0.009476835,0.9776855,0.012837706
good game similar minor improvement increased gameplay fun high level,Positive,Positive,0.99256647,0.0068926807,0.0005408584,0.99256647
siuu,Neutral,Neutral,0.958071,0.017940374,0.958071,0.023988692
today bought via skrill receive,Neutral,Neutral,0.5199579,0.32934004,0.5199579,0.15070198
game ton problem failure update process keep happening hopefully doesnt happen ur might well refund tried every fix,Positive,Negative,0.72054636,0.72054636,0.04205604,0.23739758
ig,Neutral,Neutral,0.70755446,0.072545975,0.70755446,0.21989955
dont get game game never start take day fixed game ok suck,Negative,Negative,0.7942066,0.7942066,0.03153946,0.17425387
gooodf,Neutral,Neutral,0.9720357,0.013054964,0.9720357,0.014909259
much b,Neutral,Neutral,0.9646694,0.0079375375,0.9646694,0.027393091
tyrryertwretyutxuyzstuz tfuytfyusdfuysegtdfiluaseft,Neutral,Neutral,0.9905715,0.0045749354,0.9905715,0.0048536155
,Neutral,Neutral,0.8198435,0.08540768,0.8198435,0.09474888
cutscene lagging bad gameplay smooth transition cutscene not well gameplay get fps cutscene get fps,Negative,Negative,0.9419336,0.9419336,0.009290931,0.04877548
multiplayer incredibly laggy,Neutral,Neutral,0.74168795,0.07975401,0.74168795,0.17855799
exactly expect ea sport franchise,Neutral,Neutral,0.39271998,0.39129162,0.39271998,0.21598838
still get game week,Neutral,Positive,0.41989964,0.3458173,0.23428304,0.41989964
hey ea th birthday get gift way maybe point happy birthday would,Positive,Positive,0.98569995,0.009219841,0.0050801462,0.98569995
communication incredibly bad,Negative,Negative,0.9114964,0.9114964,0.015578226,0.07292542
game great siuuuuuuuuuuuuuuuuuuuuuuuuu,Positive,Positive,0.9671688,0.02311891,0.009712301,0.9671688
yes,Positive,Positive,0.9446036,0.03465889,0.020737512,0.9446036
madarchod game,Neutral,Neutral,0.9766149,0.010041951,0.9766149,0.01334316
market place sniping fun ive game,Positive,Positive,0.98885286,0.008761823,0.002385293,0.98885286
abusrdly bad even go menu without bit lag,Negative,Negative,0.9596326,0.9596326,0.0019759643,0.038391396
game fails launch time counting play time even though exe even show task manager,Negative,Negative,0.85806507,0.85806507,0.027409134,0.1145258
good need time get used new control otherwise nice game,Positive,Positive,0.9911465,0.007657007,0.001196534,0.9911465
bad optimization bug,Negative,Negative,0.89510584,0.89510584,0.014506696,0.09038748
terribly lagging stuttering launched disaster year,Negative,Negative,0.9840433,0.9840433,0.00078796723,0.015168694
zg,Neutral,Neutral,0.95168465,0.021913242,0.95168465,0.026402136
eroor anti cheat,Negative,Negative,0.8329162,0.8329162,0.09212162,0.07496223
could play normally first got game try play online cant move player player annoying want play game cant cu glitch not great far im editing bit later launch game somehow got even worse start game unplayable try play sort online mode basically go game look normal cant move player no fucking reason move ffs player run pitch like idiot no control anything pause game thats frustrating unreal fine loading screen everything aside online game mode everything else work really ever play online annoying cant play friend honestly annoying thing ever happen game fuck game fuck life fuck ea fuck people actually play game without type bullshit happening,Negative,Negative,0.918487,0.918487,0.0027855865,0.0787274
game getting worse every year buy like worst part drug keep buing telling gonna stop next year even get good feeling using atleast drug guess saying worse drug dont kid not even,Negative,Negative,0.9515428,0.9515428,0.003932981,0.044524312
lot people voting cause start bunch bios stuff run ea launcher download play no problem normally write fun game see many vote know issue no problem running cause already ea launcher,Negative,Negative,0.8238778,0.8238778,0.025212558,0.15090962
good multiplayer,Positive,Positive,0.92080355,0.058915067,0.020281337,0.92080355
lot issue despite yes recommendation tbh less hassle like jumping hoop get working work install modify o version go past loading screen window frequent crash freeze lot recently especially frustrating mid game progress lost seem able play friend try connect hang drop nice team promoted stadium built first time not camera angle show behind stand etc ht replay please resolve quit restart freeze ea tell find save data wait min trying find save game work quite enjoyable fun play especially volta,Positive,Positive,0.9966497,0.0029714168,0.00037886662,0.9966497
always better graphic skull,Positive,Positive,0.8908592,0.065185614,0.043955173,0.8908592
rufhg,Neutral,Neutral,0.9720357,0.013054964,0.9720357,0.014909259
best game ever,Positive,Positive,0.98960555,0.008226541,0.0021679762,0.98960555
game good little game bug sure get fixed soon regarding anti cheat problem say failure try launching game work lol,Negative,Positive,0.6967767,0.28977707,0.013446164,0.6967767
cant play fucking origin game,Negative,Negative,0.53468674,0.53468674,0.07800075,0.3873126
ball kick goal,Neutral,Neutral,0.87506557,0.053500075,0.87506557,0.07143428
keep getting unrecoverable error launch game anticheat fails open half time dont get unrecoverable error happy preordered wow grape,Positive,Negative,0.78961605,0.78961605,0.011330624,0.19905327
put mom debt get haaland fut pretty fun haaland top,Positive,Positive,0.97814894,0.019751897,0.0020992272,0.97814894
good game,Positive,Positive,0.9314501,0.050152954,0.018396938,0.9314501
game never properly launched since bought ive always find new way get work seems new update impossible get game launch dont waste time money get console instead,Positive,Negative,0.7235473,0.7235473,0.04487691,0.23157583
good realistic others problem sometimes delay server play maximum level play mean okay pretty much every game give game,Positive,Positive,0.88191104,0.1108408,0.0072482545,0.88191104
fun,Positive,Positive,0.94990575,0.03613055,0.013963655,0.94990575
best game ever played far didnt really like football tried game played hour straight still want play make sure dont get angry easily,Positive,Positive,0.99739754,0.0024375864,0.00016495131,0.99739754
expect join ea scam year pure disappointment worse usual disappointment coming ea pre order bonus wasted due technical issue side week release issue still persist hope company go bankrupt fast oh well feed money wish come true anyway buy spend money something useful book give homeless person alcohol gonna buy piss afterwards worth shitshow right,Positive,Negative,0.8344828,0.8344828,0.013642559,0.15187468
ctrl ctrl,Neutral,Neutral,0.9914938,0.003538577,0.9914938,0.0049675545
bought game never got even launch reinstalled no help also ea support gave saying restart computer basically absolutely horrifying experience thankfully got refund,Positive,Positive,0.66913414,0.28062347,0.05024239,0.66913414
game insane,Negative,Negative,0.84885067,0.84885067,0.04382157,0.10732781
game suck optimization game pc horrendous even low setting game run fps,Negative,Negative,0.96071404,0.96071404,0.0036457165,0.035640273
good sale thank merci,Positive,Positive,0.99180084,0.0062509244,0.001948173,0.99180084
better,Positive,Positive,0.952345,0.028355421,0.019299623,0.952345
overpriced game every year pc game even launch half time,Neutral,Neutral,0.7155407,0.1652804,0.7155407,0.119178854
tum garib ho paisa nahi de sakte,Neutral,Neutral,0.7531763,0.19132139,0.7531763,0.055502266
addicting game escape still,Positive,Neutral,0.83993876,0.035168618,0.83993876,0.124892585
daylight robbery finesse wallet hard give gambling addiction time game every year braindead try something else money,Negative,Negative,0.67623866,0.67623866,0.06529817,0.2584632
unoptimized piece shit game ive ever played,Negative,Negative,0.8466844,0.8466844,0.007236075,0.14607953
full bug recommend buying,Negative,Negative,0.582996,0.582996,0.10744791,0.30955613
addicting especially different game mode,Neutral,Neutral,0.9800852,0.006490551,0.9800852,0.01342431
ti gb ram core th gen still worst performance ever anti cheat error finally played game keep lagging offline online feel like made worst mistake buying game,Negative,Negative,0.98487824,0.98487824,0.00095623266,0.014165484
didier drogbaaaaaaaaa,Neutral,Neutral,0.9905715,0.0045749354,0.9905715,0.0048536155
best game,Positive,Positive,0.98675436,0.009997923,0.0032477726,0.98675436
not buy least,Neutral,Neutral,0.9590181,0.02577575,0.9590181,0.01520621
game doesnt work dont buy,Neutral,Neutral,0.96674025,0.017700935,0.96674025,0.015558823
hate game,Negative,Negative,0.8905108,0.8905108,0.020192828,0.08929646
run game unfathomablely bad client origin dealing new eaanticheat bullshit top make annoying experience amount time wait try even make game launch crazy write spent last hour trying make work not hard super annoyed gameplays sick packed untradable vvd not bad,Negative,Negative,0.9801027,0.9801027,0.001067626,0.018829625
need icon,Neutral,Neutral,0.6497178,0.19501267,0.6497178,0.15526949
horribile optimization lost hour fix ac patch fixed direct issue opening package cannot even start fucking game broken fucking theft fuck ea stole money going stole,Negative,Negative,0.943052,0.943052,0.0056593074,0.051288627
career mode fun ultimate team disappointing however considering fun playing career game decent try avoid playing ultimate team anger issue xd,Positive,Positive,0.92404264,0.07207042,0.0038868838,0.92404264
game look like coming straight ultra setting look blurry texture omg tried hr fix game look like,Positive,Positive,0.9283023,0.061523672,0.010174027,0.9283023
clocked almost hour game confirm addicting,Neutral,Neutral,0.9869664,0.0069831647,0.9869664,0.006050435
love ittttt,Positive,Positive,0.98044467,0.014980122,0.0045752497,0.98044467
bad anticheat,Negative,Negative,0.87835324,0.87835324,0.027012264,0.09463457
qqqq,Neutral,Neutral,0.9720357,0.013054964,0.9720357,0.014909259
anticheat took least day figure download sketchy software bypass also play around bios game start game start graphic card would think id able play least low graphic ever gpu load play lag glitch everywhere play around graphic setting play minute time say pc shut im lucky open loop water build recommend wait unless like troubleshooting every time open game pay update hr game open want open play offline game want no option continue saved offline career mode,Positive,Positive,0.8619566,0.115241274,0.022802206,0.8619566
rage quit,Negative,Negative,0.674044,0.674044,0.18602732,0.13992862
pc required pec yet doesnt load game,Neutral,Neutral,0.9811369,0.009594175,0.9811369,0.009268868
tq,Neutral,Neutral,0.43428162,0.33979604,0.43428162,0.22592229
probably worst date going perfectly honest really saying something wanting quick yes no answer question buy answer absolutely not depth look whole heatedly recommend stay away current state look no point gameplay passing feel extremely weak compared recent iteration make possession play unnecessarily difficult maintain one ineffective play style crossing also terrible year not good last year either somehow made worse since either go straight keeper cross weak powerful effectively received target man leave u play fluid passing football play cross wing well probably guessed leaf u aggressive counter attacking football one end certainly fun play style player not everyone want play way not every team built play way irl football not every game finishing average not work sunday league professional football yes plenty game ridiculous scorelines irl not every single game stated happens due fact support type play style end end aggression oh top set piece overhaul personally not biggest fan either know changed corner system worked well last year complaint wider community free kick somewhat understand gone idea broken fix ironically made broken typical ea fashion performance really lose patience ea not pc port atrocious still core issue factor since maybe even earlier first played pc switching console oh need turn vsync via nvidia control panel game even run slightly acceptable level performance game start dying inside begin stuttering uncontrollably moment pass fps question one might reply going past fps issue turn frame limiter setting oh no wait second fucking frame limiter even work said earlier exact issue thing since least different game released since issue still persists recent release little must care fan base even fix frame limiter actually blow mind level disrespect even possible even end makeshift fix vsync fix every single cut scene game running like fps whether pitch manager career mode even random bloke walking stadium game fix shit ea cry loud stupid online play played much online yet mainly performance combined lag hurt eyeball make want stop playing update section fully descended pit hell ea anti cheat not going dwell section long since not really much say probably already read time seen long short ea anti cheat bad enjoys preventing people accessing game probably root cause aforementioned performance issue final thought game huge middle finger pc community probably ea way throwing tantrum lost right next year release lie though good part game far make entire section dedicated quickly list career mode extra love put personally really appreciate game engine stuttering like jimmy south park look beautiful tackling feel strong responsive cool see woman club football added yeah good thing could think time spent within far everything else car crash speaking car crash another sport brand ea sport recently acquired full right funnily enough recent release also one worst series cough cough think honestly speaks end day fault keep buying game every year since know expect ea course no alternative football game even worth mentioning right guess stuck burning heap poo next year hoping licence get picked company actually passion care fan oh also no disrespect derek rae bringbackmartintylerthegoat,Positive,Positive,0.8333519,0.14663099,0.020017056,0.8333519
game even launch good job ea nonsense anti cheat one worst drm ever created history gaming lucky get game minute anticheat load game still buggy usual simple stuff like trainer timed finishing kept resetting even turn annoying scoreboard sometimes show partial information sometimes blank player also bald no reason graphic wise look good environment improved course everything come cost every cutscenes cinematics replay fps dip fps,Negative,Positive,0.82241434,0.13942166,0.03816399,0.82241434
sweet,Positive,Positive,0.45417556,0.118082665,0.42774177,0.45417556
cannot run game,Neutral,Neutral,0.90748006,0.05966265,0.90748006,0.032857243
stupid fucking game used play competitively gotta say one worst football knowledge wont work anymore pure stupid,Negative,Negative,0.9872732,0.9872732,0.000827948,0.011898815
best,Positive,Positive,0.9867975,0.010052772,0.0031497076,0.9867975
game perfect wish better latency server still no better choice,Positive,Positive,0.99447966,0.004787879,0.000732467,0.99447966
not bad not great,Positive,Negative,0.7348996,0.7348996,0.0090876855,0.2560127
no,Negative,Negative,0.7393352,0.7393352,0.08560752,0.17505729
game buggy po wait week half launch anti cheat buggy game made far kind failure astonishing really update cup back old sh uninstall run way run way game run save money wish could get money back one time working half update back searching internet way figure fix play really able hit execute play game,Positive,Positive,0.7060189,0.27222723,0.021753881,0.7060189
anticheat error cannot run game,Negative,Negative,0.91091955,0.91091955,0.021671472,0.06740904
play good,Positive,Positive,0.9709293,0.026945075,0.002125652,0.9709293
best siak game ni,Positive,Positive,0.9713946,0.0203069,0.008298474,0.9713946
let go everybody rise stand time come got portugal got mexico france england brazil belgium tar germany iran canada argentinia australia crotia switzerland ghana japan urugay morocco sauda arabia ecudor wale poland tsunsia cameroon serbia korea netherlands senegal costa rico let play football world cup uh world cup uh world cup uh world cup uh world cup uh world cup uh world cup uh world cup uh world cup time play football world cup time play football world cup uh world cup uh world cup uh world cup uh arf arf arf arf uh ayy hell nah man let get right got portugal come nightlight mexico come right italy yeah come right like cameroon came pipe uh ayy mexico comin right like world cup time fight til die field finna hit til die kick til die hunt die header die like hattricks finna try hey hold finna win twenty two ban world cup tar know hoppin jet hah mexico got lil fan like hell nah dance hah arf like play football ronaldo finna win gon get hit like tofall argentinia man messi finna messi messi bout huh huh hattricks manm turnt ben messi not finna win ronaldo bout win siuu siuu siuu siuu foi na onda da droga foi foi foi na onda da droga foi na onda da droga foi foi foi na onda da droga world cup uh world cup uh world cup uh world cup football world cup uh world cup uh world cup uh world cup siuu world cup uh time play football uh world cup uh time play football uh world cup uh world cup uh world cup uh world cup uh todo foto football football oh football oh football mexico turnin portugal turnin uh uh brazil turnin cameroon turn uh uh switzerland turnin oh argentinia turnin uh uh got england yeah burnin uh uh let get turnin ah ah ah let get world cup uh uh let get let get uh uh papa yeah turnin papa yeah turnin uh uh give paya turnin uh uh world cup man yeah turnin uh uh come man world cup time know bout win christian ronaldo portugal portugal versus argentinia ronaldo versus messi last stage ronaldo score free kick game three two gg rest country man brazil might win mexico not winnin switzerland chance uh france might got chance england chance germany might got chance know hey tss let get man world cup time man cant sex mbappe,Positive,Positive,0.98061484,0.0117924865,0.0075926282,0.98061484
go jim,Neutral,Neutral,0.96110135,0.022345424,0.96110135,0.01655326
nice game,Positive,Positive,0.9640249,0.02851659,0.0074586337,0.9640249
fun game got glitch funny,Positive,Positive,0.9838088,0.012814676,0.0033765798,0.9838088
dog shit pc,Negative,Negative,0.9458128,0.9458128,0.012450455,0.041736685
game absolute disgrace apart fact many people launch crappy anti cheat even though one lucky people could actually launch game lag spike make game completely unplayable pc way past minimum spec get random lag spike make game completely unplayable could attack boom everything running great suddenly get fps game recover forcing exit game pathetic really shame ea sport finally decided add new fresh gameplay mechanic completely screw player worst optimisation ever seen many update issue resolved refund game left hole wallet broken mess game play yeah thanks ea way say goodbye franchise milking many year incompetent idiot,Negative,Negative,0.96723336,0.96723336,0.0029074063,0.029859243
love kicking ball sorry unrelated good game,Positive,Positive,0.9977543,0.0019622783,0.00028343542,0.9977543
get full contnet ultimate edition conection shit crossplay shit get coin try contact customer service account month nothing happend waste money game shit,Negative,Negative,0.99132204,0.99132204,0.00042949503,0.008248475
shit game cant even launch shit no refund fuck ea shitty fucking game design,Negative,Negative,0.99653155,0.99653155,0.00013367481,0.0033347819
payed dollar game start say alot good ea would like response ea bought lot game used love ea sport title not anymore,Positive,Positive,0.9813541,0.012633649,0.0060122535,0.9813541
fav game time,Positive,Positive,0.82505745,0.084854946,0.090087645,0.82505745
game bug anticheat bug want play sometimes cant open game shit,Negative,Negative,0.9121341,0.9121341,0.004756438,0.08310959
packed mbappe neymar pack,Neutral,Neutral,0.992784,0.0029740264,0.992784,0.0042419494
good game no,Positive,Positive,0.76651037,0.22340317,0.0100865085,0.76651037
,Neutral,Neutral,0.8198435,0.08540768,0.8198435,0.09474888
happened pay shit ton money pre purchase game wait launch day run game boom throw stupid anti cheat error devs paid enough bloody ignorant make sure launch smooth thank ea absolutely great reward pre purchasing half hearted creation,Negative,Negative,0.67774546,0.67774546,0.039673418,0.28258106
shown hour played maybe played like rest hour met trying get either ea app anti cheat app not reset crash whatever might never seen company make much fail miserabely making game even available play especially amount paid pls fix,Positive,Negative,0.6570181,0.6570181,0.014190627,0.32879123
best game ever frfr,Positive,Positive,0.985892,0.008892332,0.0052156667,0.985892
hr carnt play anymore,Positive,Positive,0.8785679,0.08968207,0.031750064,0.8785679
horrible cant even load game cause anticheat error dont get ea shit job,Negative,Negative,0.9922545,0.9922545,0.00040768896,0.0073377765
game broken bought game pro club no crossplay ai pro club woefully bad please give money back ea,Negative,Negative,0.9316122,0.9316122,0.0064893514,0.06189846
haaland trivela direct corner,Negative,Neutral,0.850269,0.09533373,0.850269,0.05439718
okay game pretty bad changed mid season,Positive,Positive,0.8603847,0.13390379,0.0057114647,0.8603847
great game packed henry,Positive,Positive,0.9874406,0.009492632,0.0030667689,0.9874406
dont buy trash wreck nerve ruin day fuck shit,Negative,Negative,0.9916562,0.9916562,0.00033457036,0.008009314
giving shitt wasting day dogshit anticheat,Negative,Neutral,0.65098983,0.24826346,0.65098983,0.10074671
really need pro con not play,Negative,Positive,0.68136805,0.22184089,0.09679107,0.68136805
made hard asf,Negative,Negative,0.6955919,0.6955919,0.06820258,0.23620547
wont open,Neutral,Neutral,0.9390561,0.031979967,0.9390561,0.028963966
broken game dont buy fix,Negative,Negative,0.8687563,0.8687563,0.070177495,0.06106624
best yet love game,Positive,Positive,0.9988091,0.0010718241,0.00011911231,0.9988091
hour game good,Positive,Positive,0.89138895,0.06959241,0.039018683,0.89138895
bought bellingham,Neutral,Neutral,0.8620108,0.076857604,0.8620108,0.0611316
boycott ea game,Negative,Neutral,0.72377443,0.19998963,0.72377443,0.07623595
many bug launchng,Neutral,Neutral,0.97859573,0.012127469,0.97859573,0.009276797
wanted free trial good brought demo installed wont let save career mode restart career spending hr worth solution fix pls help,Positive,Positive,0.9988771,0.0010012055,0.000121676465,0.9988771
thing keep saying many computer accessed account version not recommended dont want waste sweet time trying start game wont work,Positive,Negative,0.65847427,0.65847427,0.067200996,0.27432472
hkjmn,Neutral,Neutral,0.9720357,0.013054964,0.9720357,0.014909259
many problem glitch,Negative,Negative,0.884839,0.884839,0.033143792,0.082017235
suck game said running nothing happen,Negative,Negative,0.8916789,0.8916789,0.033273812,0.075047135
great game tbh,Positive,Positive,0.96647984,0.029037064,0.00448302,0.96647984
got litmanen icon pack gg,Positive,Positive,0.72445905,0.22766986,0.047871,0.72445905
bought work unrecovable error refunded bought ea app work unrecovable error spent hour trying fix watched yt vids eventually refunded ea app still isnt refunded ea heck done bro stop,Neutral,Negative,0.8159731,0.8159731,0.012744371,0.17128257
yannicks fault,Negative,Neutral,0.9724735,0.009660211,0.9724735,0.017866248
bullshit game really low optimization really laggy af,Negative,Negative,0.961542,0.961542,0.003378463,0.03507952
shit game dont buy champ give fucking headache ea pay win game delete please give moni back,Negative,Positive,0.5332714,0.442443,0.024285562,0.5332714
defending shit,Negative,Negative,0.92018056,0.92018056,0.01774801,0.06207137
even launch,Neutral,Neutral,0.8117018,0.119490124,0.8117018,0.06880817
,Neutral,Neutral,0.8198435,0.08540768,0.8198435,0.09474888
game make cry,Negative,Negative,0.7378555,0.7378555,0.04651218,0.21563232
game doesnt work bruh im dissapointed really wanted try,Neutral,Neutral,0.8336579,0.07206788,0.8336579,0.094274156
good career mode,Positive,Positive,0.9158237,0.052315272,0.031860955,0.9158237
game not work say running no game screen appears big disappointment buy game expecting work right bat fails even enter game,Negative,Negative,0.942969,0.942969,0.012903167,0.04412781
like installs,Positive,Positive,0.8707904,0.09406242,0.035147112,0.8707904
straight doo doo butter far always crashing lagging half time majority game hud even show play another hour still complain,Negative,Positive,0.711604,0.2630063,0.025389673,0.711604
thing prevent playing game anti cheat software keep crashing whilst booting even start game disappointed edit game worse expected huge career mode fanatic fan ever since gameboy finally able start game started career mode immediate effect control wonky controller no longer able make input game something recognized wrong input everything delayed input collected second used time impossible start game even impossible continue career timeline hope get fixed soon glad bought cuz would infuriating,Negative,Positive,0.6333723,0.3245743,0.04205334,0.6333723
garbage fps optimization problem,Neutral,Negative,0.8678356,0.8678356,0.019738365,0.11242604
vari gud,Neutral,Neutral,0.9965172,0.00082009216,0.9965172,0.002662756
please sort game even open play disappointing not recommend,Negative,Negative,0.55034703,0.55034703,0.0053218855,0.44433108
dont waste time money controller worst gameplay year brought developer consistently refuse care quality game instead want nothing return horrible company horrible game,Negative,Negative,0.9906561,0.9906561,0.00034484096,0.008999065
ea sport game pay lot money,Negative,Positive,0.5264033,0.24911748,0.22447926,0.5264033
dxgi error device hung know feel pain error also happen trust try every fix google find work like hour not work game eventually crash game crash like even cyberpunk never crashed ea need fix fix good,Negative,Negative,0.79217577,0.79217577,0.011192262,0.196632
garbage,Neutral,Neutral,0.96990776,0.012577371,0.96990776,0.017514903
best game played would recommend,Positive,Positive,0.9973653,0.0025171344,0.00011762732,0.9973653
winrar better,Positive,Positive,0.9355965,0.034505427,0.029898128,0.9355965
every time play online always lagg stutering dont know player doesnt move moving around like idiot fucking hell already using high speed wifi happen fut rival dont buy game indonesia rupiah fuck,Negative,Negative,0.95103866,0.95103866,0.0047210166,0.044240266
fun play football multiplayer option steep learning curve,Positive,Positive,0.9886728,0.006948503,0.0043786606,0.9886728
vyugg bioiufdyxtsryxcfghbjnkmoigfydsrawazscfhujikpojgyfdazdxfghiopiufx dzsxfghijokphugyffdsdfgvhiojipuyfdzxcgyuj tsr tr ersdtf upuy rerdfy ut resraertuyuytytrdsdsrtguhiuyytfdyguiyutdrsgiojkhjgftr yui bvcxfste tugfhgdfsretr ftyre ugi,Neutral,Negative,0.8079712,0.8079712,0.043337077,0.14869171
buy every year lol,Positive,Positive,0.8229021,0.0778386,0.0992593,0.8229021
absolutely despise get tricked friend get game every year hate mount bug ea never fix game since point hate still clock hour every installment stupid franchise buy,Negative,Negative,0.9493123,0.9493123,0.005100692,0.045587007
never buy ea game trust,Positive,Negative,0.5498078,0.5498078,0.26180643,0.18838575
ea care continuous connection problem,Negative,Negative,0.95834637,0.95834637,0.0027069582,0.038946643
ball go net,Neutral,Neutral,0.90443546,0.044014517,0.90443546,0.05155006
game not working second opening home screen crash fix,Neutral,Neutral,0.73828965,0.22688855,0.73828965,0.03482178
fabulous game keep crashing,Positive,Neutral,0.99541974,0.0021636647,0.99541974,0.0024165849
ea pile turd,Neutral,Neutral,0.9531361,0.023377638,0.9531361,0.023486203
inconsistant gameplay script scam ea trash ai com stupid get big score make feel heavy movement script pussy trash company ever,Negative,Negative,0.9365754,0.9365754,0.014823884,0.04860074
awful,Negative,Negative,0.9316182,0.9316182,0.01765943,0.050722282
great game fut amazing,Positive,Positive,0.99925965,0.0006871669,5.3092896e-05,0.99925965
divisional rival suck unbalance matchmaking,Negative,Negative,0.85793686,0.85793686,0.03323052,0.10883267
xbox controller move like crazy playing game make game foot slander sport soccer not wwe,Positive,Negative,0.49063003,0.49063003,0.100829795,0.40854016
played hour fine today frame rate dropped fps unplayable worst purchase year,Negative,Negative,0.6927406,0.6927406,0.012035059,0.29522434
seeing people rage quit amazing,Positive,Positive,0.9317803,0.06288305,0.005336653,0.9317803
update game impossible launch system got recent system date driver no support devs waste money,Negative,Negative,0.6905946,0.6905946,0.037122194,0.2722832
,Neutral,Neutral,0.8198435,0.08540768,0.8198435,0.09474888
ea motherfucker even get game launch correctly dance bubo time summon satan make feces work,Neutral,Negative,0.6304363,0.6304363,0.084145665,0.28541803
fix damn physic,Negative,Negative,0.8142014,0.8142014,0.04269431,0.14310424
plug controller,Neutral,Neutral,0.70828694,0.22696579,0.70828694,0.06474729
shit game become suicidal everytime play,Negative,Negative,0.9546727,0.9546727,0.0014098556,0.04391748
pro club always crashing validate local file everytime want enter proclub,Positive,Positive,0.76754916,0.16327779,0.06917307,0.76754916
game different box cover pay win,Positive,Positive,0.8833371,0.04172591,0.07493696,0.8833371
luv,Neutral,Neutral,0.8212653,0.06506341,0.8212653,0.11367134
no word,Positive,Negative,0.698428,0.698428,0.16132894,0.14024313
ok good gameb,Positive,Positive,0.98164696,0.015869183,0.0024838604,0.98164696
stil shitefr wqa tyeisd czxo pwq,Neutral,Neutral,0.85285103,0.12124366,0.85285103,0.025905307
fantastic game run smoothly get negative tbh,Neutral,Negative,0.8312874,0.8312874,0.024389837,0.14432287
trash game worked fro hour stuck performing install ea anti cheat thats already installed ffs ea,Negative,Negative,0.7614146,0.7614146,0.034532614,0.20405276
game litterelly wont pop click play not even menu screen waste cash grab game play,Positive,Negative,0.8337048,0.8337048,0.010359349,0.15593588
abashei game,Neutral,Neutral,0.96888953,0.01382131,0.96888953,0.01728908
mean say added new motion already also changed visuals make game run wayy worse used able run no problem pre match cut scene fps stutter match ck changed manager mode crap waste money buy mod new kit stuff,Negative,Negative,0.92311466,0.92311466,0.010497485,0.0663878
good rounder,Positive,Positive,0.9269501,0.0508543,0.022195708,0.9269501
enjoy game cause enjoy beating friend,Positive,Positive,0.99696904,0.0026466274,0.00038437988,0.99696904
work well,Positive,Positive,0.622092,0.16942878,0.20847926,0.622092
preordered game even play day released get error loading game able get game consistently crash leaving game unplayable,Negative,Positive,0.5169575,0.43317673,0.04986569,0.5169575
zz,Neutral,Neutral,0.9720357,0.013054964,0.9720357,0.014909259
people sweaty game,Neutral,Positive,0.40864566,0.23089176,0.36046252,0.40864566
always close second,Neutral,Neutral,0.9844906,0.009707825,0.9844906,0.0058015883
never fucking launch open heart injury shit open,Negative,Negative,0.9027836,0.9027836,0.012764112,0.0844524
este ok,Positive,Positive,0.82990223,0.096947886,0.07314987,0.82990223
didnt even run pc,Neutral,Neutral,0.6632907,0.2409678,0.6632907,0.09574157
cannot open please help,Negative,Positive,0.9391629,0.05332673,0.007510251,0.9391629
goat,Neutral,Neutral,0.94102716,0.026217127,0.94102716,0.032755747
hit,Neutral,Neutral,0.67968994,0.22181691,0.67968994,0.09849322
griddy celebration losing goal fut,Negative,Neutral,0.9317702,0.0392975,0.9317702,0.028932229
game steaming pile hot garbage playing since hot garbage,Positive,Neutral,0.6047708,0.09543083,0.6047708,0.29979837
good game,Positive,Positive,0.9314501,0.050152954,0.018396938,0.9314501
would much like play game due anti cheat error start,Negative,Negative,0.77052164,0.77052164,0.011200678,0.2182777
buy want play ultimate team,Positive,Positive,0.6477193,0.33356458,0.018716104,0.6477193
application encountered unrecoverable error,Negative,Negative,0.7566526,0.7566526,0.057019588,0.18632776
lot money worth realism crazy love favorite player,Positive,Positive,0.96672297,0.03112048,0.0021564988,0.96672297
football soccer,Neutral,Neutral,0.93431395,0.0067249844,0.93431395,0.058961026
game several bug poor pc optimization hour total playtime spent hour trying make ea anti cheat launch furthermore also game breaking bug game would freeze fut store trying get pro club name giving no option force quit app additionally faced bug pro club could not add archetype player selection menu would not respond input either controller keyboard shame gameplay far superior one last fifas played proceeding refund however keep eye case proper optimization pc might repurchase game sale,Positive,Positive,0.5671913,0.35127708,0.08153165,0.5671913
tolong saya tidak bisa memulai permainan saya baru beli di sini,Neutral,Neutral,0.9968346,0.00017773786,0.9968346,0.0029877585
surreal,Neutral,Neutral,0.9720357,0.013054964,0.9720357,0.014909259
game ver bad doesnt let get ea anti vcheat istnt working s need restart ive done atleast likw time andd im still aa problem game think thats quite good game,Negative,Negative,0.71520644,0.71520644,0.016744751,0.26804873
fuck virgil van dick sucker stupid rat ultimate team make wanna km,Negative,Negative,0.9911965,0.9911965,0.0004470643,0.008356371
not buy game window pain as start game,Negative,Negative,0.9191526,0.9191526,0.01233653,0.06851084
gsy,Neutral,Neutral,0.9720357,0.013054964,0.9720357,0.014909259
complete trash game every year time extra dogshit coded,Neutral,Neutral,0.99503386,0.001874782,0.99503386,0.0030913423
hallo,Neutral,Neutral,0.9720357,0.013054964,0.9720357,0.014909259
vry good,Positive,Positive,0.9037402,0.067529745,0.02873005,0.9037402
much bug game also often disconnected,Neutral,Positive,0.6531233,0.2607865,0.086090185,0.6531233
yh,Neutral,Neutral,0.97433156,0.011363109,0.97433156,0.014305338
bad game,Negative,Negative,0.898392,0.898392,0.024206897,0.077401176
jebem li vam seme krvavo kad ste ovako mutavu igricu napravili kad nadju ameri da prave fudbalsku igricu,Neutral,Neutral,0.73532563,0.19513655,0.73532563,0.06953782
hoy pa por fuera del liceo no qu est comiendo estas ni itas tan desarrolladas los uno no e de palo deber estar legalizadas jajajaj,Negative,Negative,0.7933575,0.7933575,0.029207712,0.17743485
week since bought still unplayable due damn anticheat,Negative,Negative,0.7988103,0.7988103,0.027602214,0.17358752
anticheat kek kambing busuk,Neutral,Neutral,0.97904885,0.010444492,0.97904885,0.010506647
game build high end pc play offline mode setup online mode fps,Positive,Negative,0.66352844,0.66352844,0.051400278,0.28507128
cash grab,Neutral,Negative,0.7518478,0.7518478,0.14137045,0.10678174
dsadwadasd,Neutral,Neutral,0.9720357,0.013054964,0.9720357,0.014909259
fact use ea launcher second launch game enough not recommend,Negative,Negative,0.85198414,0.85198414,0.039547842,0.10846799
best far,Positive,Positive,0.9954085,0.0035630323,0.0010284601,0.9954085
back play break mental health even play game already break mental health ea better go psychologist,Positive,Negative,0.767643,0.767643,0.01410636,0.21825065
bad full crash bug game freeze wont even start got hour guess online lunch game crach didnt play single game soo bad game,Negative,Negative,0.9302614,0.9302614,0.0036556674,0.06608288
pro club mod stationary energy decrease time opposite side not decrease,Positive,Positive,0.6328956,0.29091346,0.07619093,0.6328956
well done ea fix great,Positive,Positive,0.9581536,0.038514413,0.0033319434,0.9581536
not save progress,Negative,Negative,0.5644979,0.5644979,0.07502961,0.36047256
gamemode get attention game mode pay win luck based basically must spend grand get player without significant hindrance compete weekend weekend basis avoid,Positive,Positive,0.98691654,0.011076519,0.0020070397,0.98691654
jo,Neutral,Neutral,0.9579685,0.018390493,0.9579685,0.02364109
keep crashing,Neutral,Neutral,0.9878804,0.005488276,0.9878804,0.0066313217
buggy,Neutral,Neutral,0.8237896,0.071635365,0.8237896,0.10457513
pretty shit,Negative,Negative,0.7253959,0.7253959,0.006850045,0.26775405
kick ball win ez,Positive,Positive,0.98823816,0.007913889,0.003847926,0.98823816
op af,Neutral,Neutral,0.95003396,0.024852242,0.95003396,0.025113799
suioiiiii,Neutral,Neutral,0.9720357,0.013054964,0.9720357,0.014909259
game crash opening pack asked refund didnt get maybe next year patch finger crossed also electronic art know football rule goalkeeper make foul no penalty guy need rtfm football,Negative,Positive,0.80789685,0.14814651,0.04395658,0.80789685
instead downloading game epic game downloaded cant open problem not know,Negative,Negative,0.8926428,0.8926428,0.018680794,0.08867641
career mode fun not like ecuador country left career mode,Negative,Positive,0.92662334,0.052383784,0.02099293,0.92662334
two goalkeeper field crush everytime minute,Negative,Negative,0.78638923,0.78638923,0.06377199,0.14983878
pure waste quid save money buy toaster bob chuck tap bath yeet save time pain heartbreak game brings crap every year pointless feature added make sink money game,Negative,Negative,0.8540168,0.8540168,0.014371265,0.13161197
multiplayer almost completely unplayable unable move except volta offline work fine want single player management game better option football manager way better management game fact aaa game life much release complete joke ea fix game,Positive,Positive,0.9542014,0.03307138,0.012727192,0.9542014
not working,Neutral,Neutral,0.97801185,0.012418263,0.97801185,0.009569894
good shit,Negative,Negative,0.84473634,0.84473634,0.004336213,0.15092736
dont buying game im not recommend bad ever seen server connection many stuff thats year last year ever not company also make bad stupid mistake putting wrong price wrong image card no update skin character example nunez bald ronaldo doesnt look look bad staff not working fot staff need money giving new content pack price need point like dont buy game go game said shit ever,Negative,Negative,0.93970466,0.93970466,0.004931941,0.055363357
goat game,Neutral,Neutral,0.9514912,0.019691901,0.9514912,0.028816866
game wont launch week launch ea moneygrabbing,Neutral,Negative,0.79812986,0.79812986,0.063666865,0.13820325
sex added best game time brexit tackle top class fut champ however cost headset already worth tho got haaland,Positive,Positive,0.9862351,0.011610255,0.0021546527,0.9862351
game fun,Positive,Positive,0.93654996,0.045158114,0.018291835,0.93654996
,Neutral,Neutral,0.8198435,0.08540768,0.8198435,0.09474888
este juego no e saludable,Negative,Negative,0.6263613,0.6263613,0.17454591,0.19909272
good game fun,Positive,Positive,0.9938731,0.0055211117,0.0006058165,0.9938731
not good game freezez everytime corner im ti shouldnt,Negative,Positive,0.55363834,0.36017472,0.08618695,0.55363834
fucking know bought shit,Negative,Negative,0.9459617,0.9459617,0.008489481,0.045548763
hypermotion deeeceeent,Neutral,Neutral,0.9093051,0.047570124,0.9093051,0.043124758
took long time load game time launching ea anti cheat forced loaded downloaded game like last year ctrl ctrl,Negative,Negative,0.694203,0.694203,0.100776516,0.20502055
trash game doesnt launch complete scam ea,Positive,Negative,0.861546,0.861546,0.03304866,0.10540534
really need frame patch really need optimization partch frame drop severe even though meet specification severe frame drop certain arena,Negative,Negative,0.8173616,0.8173616,0.016423644,0.16621487
world cup,Neutral,Neutral,0.5368124,0.07287929,0.5368124,0.39030826
dosen load fix game ea actully stupid dumb somethihg,Negative,Negative,0.97543585,0.97543585,0.0036822394,0.02088186
game work pc,Neutral,Neutral,0.93317574,0.020813374,0.93317574,0.046010908
bad game wish money back dumbass ever,Negative,Negative,0.842325,0.842325,0.011745631,0.14592946
dead game,Negative,Negative,0.84249175,0.84249175,0.05309598,0.104412265
update feb since ea changed ea app game no longer launch tried every fix posted line game not launch absolutely unacceptable ridiculous anti cheat not allowing play game desktop run fine laptop not boot desktop people anti cheat stop playing game people going cheat anyway waste time stutter poor framerates well fairly poor performance fairly high end laptop ti bother using adaptive resolution cause massive frame issue crash frame drop mid single digit game celebration sad issue good game flawed like many improvement last year,Negative,Positive,0.5544606,0.38053083,0.06500857,0.5544606
dont buy game cant even play spending worked fine first week try open keep saying ea anti cheat error wasted time trying fix game thought one kind problem,Negative,Negative,0.9591422,0.9591422,0.0029998443,0.037858028
bagabas pulaen gat,Neutral,Neutral,0.9937496,0.0030452863,0.9937496,0.0032051364
graphic cool enjoying,Positive,Positive,0.9839003,0.013557114,0.0025425593,0.9839003
stupidest shit ever bought poorly optimized time wont even get launch game cause ea play suck as thank god discount please buy shit,Negative,Negative,0.75639665,0.75639665,0.0041107354,0.23949267
trash game,Neutral,Neutral,0.9674065,0.011187458,0.9674065,0.021406094
game doesnt even start,Neutral,Neutral,0.91515326,0.052760072,0.91515326,0.032086622
game good think gona like,Positive,Positive,0.9705673,0.02572567,0.0037070226,0.9705673
good play real manager cm soundtrack slightly player face scan bad passing absolutely terrible strength meter fill much slower often pass go nowhere near intend go played since undoubtedly worst passing game since power shot either useless insta goal player run back net scoring goal anywhere within yard far often like time hypermotion replay annoying completely unnecessary almost no new commentary line ui buggier slower last year ea anticheat make starting game take second time gianni infantino made game would look like series may well dead anyone main fut hour still recommend unless get least passing terrible experience generally minimize insane direction power time per game menu bug stupid celebration glitch still persist seems like game momentarily freeze fairly often running ryzen,Negative,Negative,0.8351322,0.8351322,0.003858626,0.16100909
every time start game select trainer language favorite team setting list go tab game cause get controller glitch stuck going right left stick wth going crap man steamfacepalm,Negative,Negative,0.6342771,0.6342771,0.06107883,0.304644
good mann,Positive,Positive,0.9269501,0.0508543,0.022195708,0.9269501
not pc thats,Neutral,Neutral,0.73591846,0.16936073,0.73591846,0.09472076
bought since last ea game love career mode absolutely ruined potential dreadful gameplay even worse never switch right player ai player wander away ball fixed no point buying game,Negative,Negative,0.8621024,0.8621024,0.016222311,0.121675216
cant open fuckuo game,Neutral,Neutral,0.96734905,0.021307128,0.96734905,0.011343882
updated bottom game load running ea origin exe admins work reinstalling ea anticheat work allowing everything thru firewall antivirus even turning work changing bios secure boot work reinstalling game work combination not work requested refund played maybe hour right came small update pushed stopped able load tried reverting initial version work said played hour refund even though work told talk ea requested refund ea said talk game work ea wont fix steal money filing report better business bureau deceptive practice report state ag office ea thieving update filed bbb report ea said cannot offer resolution refund since purchased ask refund state even though game no longer work past refund window cannot refund filing bbb report fails refund filing deceptive practice report state attorney general office update potential class action lawsuit work also rating bbb wonder update finally got game play worked may not others uninstall uninstall ea app uninstall ea anticheat program folder delete ea folder program folder close right click property compatibility tab run administrator used ccleaner delete temporary file clean registry error setting gaming xbox control bar turn slider restart install origin app login close set run administrator reinstall set run administrator steamapps folder set ea anticheat run administrator location program folder ea program folder restart open open origin run worked finally note running secure boot mode whole time arent set secure boot also set still dont recommend game took month figure run po zero help ea also dropped price sh game like paid early access couldnt play month think refund extra fk no done ea never buying,Positive,Negative,0.8349055,0.8349055,0.027872372,0.13722207
ksmkm,Neutral,Neutral,0.9720357,0.013054964,0.9720357,0.014909259
trash trash trash trash trash trash trash trash trash trash trash trash trash trash trash trash trash trash trash trash trash trash trash trash trash trash trash trash trash trash trash trash trash trash trash trash trash trash trash trash trash trash trash trash trash trash trash trash trash trash trash trash trash trash trash trash trash trash trash trash trash trash trash trash trash trash trash trash trash trash trash trash trash trash trash trash trash trash trash trash trash trash trash trash trash trash trash trash trash trash trash trash trash trash trash trash trash trash trash trash trash trash trash trash trash trash trash trash trash trash trash trash trash trash trash trash trash trash trash trash trash trash trash trash trash trash trash trash trash trash trash trash trash trash trash trash trash trash trash trash trash trash trash trash trash trash trash trash trash trash trash trash trash trash trash trash trash trash trash trash trash trash trash trash trash trash trash trash trash trash trash trash trash trash trash trash trash trash trash trash trash trash trash trash trash trash trash trash trash trash trash trash trash trash trash trash trash trash trash trash trash trash trash trash trash trash trash trash trash trash trash trash trash trash trash trash trash trash trash trash,Neutral,Neutral,0.9997652,5.3898084e-06,0.9997652,0.00022934643
fix server,Neutral,Neutral,0.9590409,0.024505092,0.9590409,0.016454004
anti cheat totally messed game stay stuck loading screen forever ever personally find way fix problem game unplayable unless extremely high end pc,Negative,Negative,0.9273851,0.9273851,0.008688917,0.063926
game pre ordered never even worked launch play custom built year old pc scam pc player really excited play game guess sticking great way end ea waited age fix yet ea fail pc community,Negative,Positive,0.7786861,0.17102745,0.050286394,0.7786861
app cant open ck paid un working app software,Neutral,Negative,0.8118567,0.8118567,0.05661872,0.13152458
goofy game work lmaoooooo,Neutral,Neutral,0.9951462,0.0014475419,0.9951462,0.0034062765
,Neutral,Neutral,0.8198435,0.08540768,0.8198435,0.09474888
much issue game need fix overall,Neutral,Neutral,0.7880028,0.083663024,0.7880028,0.12833418
scream pinche golazo wey score hit griddy,Negative,Neutral,0.8592914,0.10964185,0.8592914,0.03106672
best video game,Positive,Positive,0.98868084,0.0088233715,0.002495757,0.98868084
much problem,Negative,Negative,0.8721631,0.8721631,0.026083885,0.10175295
help,Positive,Positive,0.8748366,0.09368784,0.031475585,0.8748366
pe,Neutral,Neutral,0.7069301,0.065176375,0.7069301,0.22789356
ai worst,Negative,Negative,0.96776664,0.96776664,0.0056665293,0.026566768
no bad everyone saying carrer mode year really good,Negative,Negative,0.6970754,0.6970754,0.0072967587,0.29562777
buy game cant play game refund,Negative,Positive,0.59570205,0.31715664,0.08714132,0.59570205
,Neutral,Neutral,0.8198435,0.08540768,0.8198435,0.09474888
fun game laggy though pc like damn old xbox p ran game better time like come,Positive,Positive,0.99718165,0.0025458303,0.00027259515,0.99718165
cant even launch game,Neutral,Neutral,0.8056496,0.15101132,0.8056496,0.0433391
bought game play lol,Negative,Positive,0.94582105,0.050067194,0.0041117608,0.94582105
worst product ever ea sport game not run hundred user reported forum no avail give back money,Negative,Negative,0.946227,0.946227,0.004052108,0.0497209
game many bug even launch game,Neutral,Neutral,0.67500395,0.2315191,0.67500395,0.09347696
game not able start due bug known month no fix except uninstalling anticheat application pc not intend application willing uninstall play recommend not buy game honestly absurd aaa provider error,Positive,Negative,0.73445,0.73445,0.0331954,0.23235467
hey guy thats first play apart one basically ive playing year changed lot lot stuff like shooting passing technique changed defending system hard defend player especially attacking side used play hardest option ai reduce difficulty since waaaaay improved ai ability defend attack sometimes wont even catch ball ai since playing fast precise short pass fro long time tbh played player career enjoyed like new feature added skill thing coming substitue want buy game get sale dont think worth full buck also didnt experience launching problem sometimes doesnt wanna open keep openeing eventually open,Positive,Negative,0.7812907,0.7812907,0.015425272,0.20328404
football not soccer,Neutral,Neutral,0.98582166,0.003930763,0.98582166,0.010247615
,Neutral,Neutral,0.8198435,0.08540768,0.8198435,0.09474888
,Neutral,Neutral,0.8198435,0.08540768,0.8198435,0.09474888
great game content shitty ea anticheat,Negative,Positive,0.7312245,0.26081944,0.007956108,0.7312245
no optimization nothing ea make new game yearly basis thats expect nothing year put anticheat wont let enter game,Positive,Negative,0.82550377,0.82550377,0.044070467,0.13042589
cant fucking log damn game,Negative,Negative,0.88593644,0.88593644,0.031291485,0.082772
terrible look like p game run like cyberpunk many bug crash even name minimum change career mode still cant add voice interview answer goalkeeper useless,Negative,Negative,0.93669367,0.93669367,0.0015570854,0.06174916
mollested kid ragequit funny,Neutral,Positive,0.77647173,0.13516776,0.08836049,0.77647173
imbadly addicted,Neutral,Neutral,0.48492056,0.22132422,0.48492056,0.29375517
massive improvement past two title best year,Positive,Positive,0.9851089,0.012343183,0.0025480117,0.9851089
piece sh,Neutral,Neutral,0.96291786,0.020778785,0.96291786,0.016303388
nais,Neutral,Neutral,0.9720357,0.013054964,0.9720357,0.014909259
think good game like better graphic stuff,Positive,Positive,0.9945116,0.0047787772,0.0007095984,0.9945116
genuinely worst released ive tried force like due expensive nature game ive finally given uninstalled ive elite every season find giving easier every season champ literally easier rival nobody ever leaf going minute game not worth penny never mind pound stay clear piece shit,Positive,Negative,0.7090133,0.7090133,0.008392793,0.2825939
love game,Positive,Positive,0.98149717,0.014524994,0.00397793,0.98149717
game joke possible every year something similar every single time cant even get refund cu trusted ea bought game freaking july buy company game rest life waste money fix trash publishing ea decency,Negative,Negative,0.5180856,0.5180856,0.05682042,0.42509395
start updating ea app sad,Neutral,Negative,0.71964073,0.71964073,0.06964522,0.21071406
yessss,Neutral,Neutral,0.9705904,0.012882418,0.9705904,0.016527241
rivaldinho,Neutral,Neutral,0.9720357,0.013054964,0.9720357,0.014909259
scam ea,Negative,Negative,0.90236694,0.90236694,0.023410961,0.074222066
yeah,Positive,Positive,0.8506165,0.070086986,0.07929646,0.8506165
huyna,Neutral,Neutral,0.9720357,0.013054964,0.9720357,0.014909259
,Neutral,Neutral,0.8198435,0.08540768,0.8198435,0.09474888
darwin nunez bald help,Neutral,Positive,0.9091094,0.042515047,0.048375532,0.9091094
ea anticheat program shiit always making problem,Negative,Negative,0.867557,0.867557,0.014279131,0.11816396
run like potato advanced rig nice optimization computer ea,Positive,Positive,0.9481994,0.047216848,0.004583743,0.9481994
bugging much regret bought shit even sale price fy ea sport,Negative,Negative,0.9213917,0.9213917,0.013011219,0.06559708
realistic,Neutral,Neutral,0.9500598,0.015374368,0.9500598,0.034565873
,Neutral,Neutral,0.8198435,0.08540768,0.8198435,0.09474888
year thing bit different pay big gun pack also bit giving easily build solid team icon playing ultimate team regular basis giving negative game still scripted hell thing still frustrates never worth original price fine sale price,Negative,Positive,0.7434219,0.22757126,0.029006802,0.7434219
cant anymore,Neutral,Neutral,0.95398676,0.025074495,0.95398676,0.020938728
wanna waste money controller fun playing,Positive,Positive,0.7800873,0.21477665,0.005136043,0.7800873
lionel messi,Neutral,Neutral,0.99654514,0.0013525297,0.99654514,0.002102353
ea anticheat keep telling restart computer work,Neutral,Neutral,0.9957669,0.0007649505,0.9957669,0.0034681228
game poopy dont play game everyday hr day,Negative,Negative,0.5744647,0.5744647,0.041873965,0.38366127
game fun come goalkeeper player stats shit,Negative,Negative,0.75920624,0.75920624,0.014445937,0.22634783
getting game run difficult entire dark soul series,Negative,Negative,0.5588296,0.5588296,0.09837281,0.3427976
played little longer confirm game shit waste money thank ea like game year please ea explain every time someone quits playing season not getting point winning like get anything game disgusting,Positive,Positive,0.6404951,0.34721467,0.012290256,0.6404951
retarded ai,Negative,Neutral,0.7531142,0.18926457,0.7531142,0.057621215
not even launch game denied refund ffs,Negative,Negative,0.883433,0.883433,0.03640547,0.0801615
squad battle mode broken double standard player team sqb default team mode gonna feeling darkest side football spending money time squad helpless like ea done previously rd nov patch updating player performance like sliding ground no punishment vicious tackle th nov connection error last day sqb mode th nov not try upgrade sbc unworthy make broke max hero upgrade squad traded crouch ea mean player,Negative,Positive,0.72705483,0.1882183,0.08472684,0.72705483
,Neutral,Neutral,0.8198435,0.08540768,0.8198435,0.09474888
not gppfy,Neutral,Neutral,0.9679481,0.021795642,0.9679481,0.010256215
seek mental therapy buying title every year insane,Negative,Negative,0.9306416,0.9306416,0.017210988,0.052147407
female trainer hot,Neutral,Neutral,0.9749687,0.0054734144,0.9749687,0.019557886
thx wasting money recommend cutscene replay fps drop hard good jooob,Positive,Positive,0.601113,0.3927366,0.006150371,0.601113
prerelease horrible webapp wasnt even page actual game ea money hog guess,Negative,Negative,0.86283237,0.86283237,0.02013557,0.11703208
hate decided hate even,Negative,Negative,0.97923285,0.97923285,0.00074268854,0.020024445
anticheat make game unplayable game launch half time several workarounds get game working way anticheat error consistent end dealing multiple workarounds embarrassing refuse issue refund despite knowing game broken not buy trash,Negative,Negative,0.9221734,0.9221734,0.01591777,0.061908863
one best ea product played great installment wish could,Positive,Positive,0.99871933,0.001109525,0.00017122325,0.99871933
game freeze loading screen tried step mentioned online still cannot get pas loading screen better pirate game still need edit antivirus setting open legal game every fucking time game get worse every year still buy fucking shit,Negative,Negative,0.6109703,0.6109703,0.020717734,0.36831188
always app still running game never open,Neutral,Negative,0.58993393,0.58993393,0.28293976,0.12712637
guess ok,Positive,Positive,0.9510942,0.032247756,0.016658021,0.9510942
,Neutral,Neutral,0.8198435,0.08540768,0.8198435,0.09474888
recommend higher ai skill basically lower player ai skill make seem harder defender move unless actually select little none defensive play alt tabbing mean game jesus christ ea make hate working even awful performance cinematic view gameplay sluggish,Negative,Negative,0.9682976,0.9682976,0.0012512092,0.030451123
waste,Negative,Negative,0.74604124,0.74604124,0.052272253,0.20168647
not optimized pc,Negative,Positive,0.5802592,0.2547694,0.1649713,0.5802592
wish could play deck,Positive,Positive,0.93017775,0.048087027,0.021735288,0.93017775
dont save,Negative,Negative,0.6506001,0.6506001,0.094394214,0.2550057
launch watched lot video get launch,Neutral,Positive,0.7131188,0.07282831,0.21405292,0.7131188
hi guy get discount game halloween event many game got discount including ea title,Neutral,Positive,0.87839895,0.0867376,0.034863435,0.87839895
gave u new gen graphic gameplay brought back live look play like cheek compared smooth stuff dislike game right,Positive,Positive,0.60604906,0.3152826,0.0786683,0.60604906
pathetic game,Negative,Negative,0.7184367,0.7184367,0.11187714,0.1696861
ea anti cheat program game game launch time even game barely run save hassle buy game even see sale numerous connectivity issue crappy pack rate constantly changing gameplay forget getting back played day user experience bad criminal offence pc player always get shat ea last year even know bothered give money buy football manager looking realistic simulation looking pas time however looking control player want experience like guess no alternative pe know genuinely hope ea lose footballing right disgrace,Negative,Negative,0.8046875,0.8046875,0.023729283,0.1715832
not good,Negative,Positive,0.73732203,0.19587386,0.0668041,0.73732203
even launch,Neutral,Neutral,0.8117018,0.119490124,0.8117018,0.06880817
gameplay feel weird compared title defender suddenly stop running defending pc based luck start game not game not worth,Neutral,Negative,0.6117381,0.6117381,0.027251234,0.3610107
sewwwy,Neutral,Neutral,0.9720357,0.013054964,0.9720357,0.014909259
messi goat,Neutral,Neutral,0.99932396,0.00028268425,0.99932396,0.00039341074
get ginola give good,Positive,Positive,0.7929124,0.133384,0.07370366,0.7929124
game nice ac fucking piece shit lost hour trying play fucking game trash,Negative,Negative,0.830876,0.830876,0.010343999,0.15878002
good graphic online lag sometimes,Negative,Negative,0.73078394,0.73078394,0.010393143,0.25882292
masih eror pa launch biasanya,Neutral,Negative,0.5821002,0.5821002,0.1741478,0.24375196
wait fix issue prevents even starting game buy took hour last night get around issue get game today ea anticheat service encountered error please restart game want play career mode lol,Positive,Positive,0.92191267,0.06450764,0.013579622,0.92191267
gud,Neutral,Neutral,0.98084545,0.0047817817,0.98084545,0.014372767
wont load box shit game,Negative,Negative,0.865835,0.865835,0.034745038,0.09941996
overall like game many issue need fixed better balance offense defense using playstation wireless controller game strangely display xbox button shooting corner free kick fps drop somehow get limited,Positive,Positive,0.948393,0.047535546,0.004071393,0.948393
easily worst video game ive ever played not buy scam no matchmaking new player nothing casual player every player incredibly sweaty toxic never play someone equal skill level fun match disgusting terrible,Negative,Negative,0.9835105,0.9835105,0.00025082094,0.016238738
everyday issue whether launching game controller disconnecting mid game,Neutral,Negative,0.6744402,0.6744402,0.08616782,0.23939201
ea bullshit,Negative,Negative,0.8719618,0.8719618,0.038397975,0.08964024
sheeeeeeeeeeeeeeeeet dont work,Neutral,Neutral,0.9835855,0.009088496,0.9835855,0.007326013
pc port like shit,Negative,Negative,0.91055894,0.91055894,0.004046814,0.08539418
game always crash pc pc spek gen gpu rtx,Negative,Neutral,0.74541324,0.09703171,0.74541324,0.15755498
game cant launch,Neutral,Neutral,0.96351063,0.022340637,0.96351063,0.014148749
buy broken piece crap controller work period played one game started controller b absolute joke warning not buy game,Negative,Negative,0.6923418,0.6923418,0.035123616,0.27253452
game worked hour one day tried open open reinstalled nothing sure wont give money back ive played hour shit game fun lasted simply wont open,Neutral,Positive,0.6954652,0.25049976,0.054035086,0.6954652
verry god,Positive,Positive,0.97261953,0.019064644,0.008315859,0.97261953
gg bro,Positive,Positive,0.8494627,0.07508222,0.07545513,0.8494627
playtime already minute waiting ea anticheat bug worst game ever bought,Negative,Negative,0.91003907,0.91003907,0.012003559,0.07795738
owner haaland sayinggggggg,Neutral,Neutral,0.9935179,0.0032241635,0.9935179,0.0032580276
game launch literally tried every resolution secure boot tpm everything ran administrator uninstalled anticheat reinstalled game folder official ea website restarted pc multiple time disabled anti virus reinstalled whole entire game tried ssd hdd no faceit nothing working happens launch game open origin even though already launched admin ea anti cheat pop close pop close origin window pop noticed service eaanticheatservice stopped cannot start server task manager starting go straight back stopped actual service msc trying start get error really would like help one,Negative,Positive,0.8144569,0.17200506,0.013538063,0.8144569
lot bug yeah not recomend,Positive,Positive,0.7275245,0.14350575,0.1289697,0.7275245
stroke inducing game,Neutral,Neutral,0.93793017,0.032795988,0.93793017,0.029273905
game crash soon start playing game,Positive,Positive,0.75136524,0.15842888,0.09020597,0.75136524
zz,Neutral,Neutral,0.9720357,0.013054964,0.9720357,0.014909259
pretty good ngl,Positive,Positive,0.98738134,0.011261403,0.0013572382,0.98738134
dont,Neutral,Neutral,0.8496161,0.097351015,0.8496161,0.053032912
lool,Neutral,Neutral,0.92623156,0.03423301,0.92623156,0.03953546
fked game fun,Positive,Positive,0.9342638,0.046014655,0.019721592,0.9342638
fun play no issue,Positive,Positive,0.92369884,0.07418964,0.0021115714,0.92369884
cant launch shit game,Negative,Negative,0.9495832,0.9495832,0.010565367,0.039851528
rtfetgrf,Neutral,Neutral,0.9720357,0.013054964,0.9720357,0.014909259
surely worst ever worst start lot problem game cant event launch extremely laggy server crash every minute anti cheat fails time big shame ea showed u yet true face,Negative,Negative,0.98190236,0.98190236,0.0010710798,0.017026622
not bad,Positive,Negative,0.9169938,0.9169938,0.0230408,0.059965365
game make mexican blood run wild,Neutral,Negative,0.5547658,0.5547658,0.14042225,0.30481192
ea anti cheat still big issue game,Negative,Negative,0.8396387,0.8396387,0.061352197,0.099009074
bdtry,Neutral,Neutral,0.9720357,0.013054964,0.9720357,0.014909259
game not fucking launch spend hour deleting shit restarting finally work game update fucked buy garbage please,Negative,Negative,0.784325,0.784325,0.040291946,0.17538303
enjoying lot learn great fun building ultimate team playing comp,Positive,Positive,0.9988783,0.0009697099,0.0001518924,0.9988783
ginola,Neutral,Neutral,0.97191614,0.012619658,0.97191614,0.015464237
much mucking around trying get game work anti cheat since latest update work arounds stopped working working gameplay alright tend get every year look bit better ive previously played still havent got one wait next one might even beable load game ea doubt,Negative,Positive,0.6651648,0.2289331,0.10590203,0.6651648
tatti game bc,Neutral,Neutral,0.9805511,0.005594106,0.9805511,0.013854769
grafic not worth lot bug worse gameplay game crases sometimes overal bad experiance,Negative,Negative,0.97590625,0.97590625,0.0014139995,0.022679748
make worse,Negative,Negative,0.92341,0.92341,0.011648374,0.06494169
game still broken unavailable play day ultimate edition release shamble,Negative,Negative,0.7903268,0.7903268,0.017289966,0.19238336
terrible game term run controller input dosent work game freeze close every run game better p pc,Negative,Negative,0.5110456,0.5110456,0.017447513,0.4715069
best far no bug encounter,Positive,Positive,0.98372847,0.014765203,0.0015063077,0.98372847
not surprising issue right gate talking ea took hour research solve ea anti cheat error introduce anti cheat last iteration literally prevent people accessing game btw issue first try uninstalling faceit anti cheat applicable secondly try unistalling anti cheat via eaanticheat installer exe installing anti cheat manually website attempting least allowed launch game sat main menu loading screen several minute game actually launched hour later trying although optimization make game virtually unplayable atm knew expecting poorly skinned version minor not outright unnoticeable change game waste money probably know purchasing game absolutely still pay game still likely put hour game sadly yes edit flagged link malicious absolutely not directly copy pasted ea help site,Negative,Positive,0.54869705,0.40373328,0.047569748,0.54869705
game many issue cant start lag crasher wont start not buy waste not buy,Negative,Negative,0.93779224,0.93779224,0.013921241,0.048286594
cpu eater,Neutral,Neutral,0.7682779,0.15600969,0.7682779,0.07571244
dahora,Neutral,Neutral,0.9720357,0.013054964,0.9720357,0.014909259
shit game,Negative,Negative,0.9479616,0.9479616,0.009790499,0.042247955
really good quality nest ever,Positive,Positive,0.97328657,0.02097167,0.005741684,0.97328657
,Neutral,Neutral,0.8198435,0.08540768,0.8198435,0.09474888
every day new problem dont know ea anti cheat error day im another problem launch game press load file contionue crash no error fix reinstalled installed reinstalled origin installeg origin installed driver graphic cart dont know eles pls fix game cant even refound purchase bought already august late ea anti cheat origin yo,Negative,Negative,0.95218736,0.95218736,0.0075449487,0.040267624
bloody lag gpu cant make like no power,Negative,Negative,0.9429223,0.9429223,0.0017462705,0.055331375
fantastic game many glitch,Positive,Positive,0.47012982,0.07397224,0.45589796,0.47012982
biji orca,Neutral,Neutral,0.9905715,0.0045749354,0.9905715,0.0048536155
game scam full hacker not optimized,Negative,Negative,0.9023058,0.9023058,0.014481051,0.083213225
really enjoy,Positive,Positive,0.85317063,0.09639628,0.050433133,0.85317063
,Neutral,Neutral,0.8198435,0.08540768,0.8198435,0.09474888
another shit game like every year,Negative,Negative,0.8871679,0.8871679,0.0075572324,0.1052749
,Neutral,Neutral,0.8198435,0.08540768,0.8198435,0.09474888
game well amazing ut experience player cheap easily make great team without investing much time game thank ea hand year gameplay change awful recall attacking option low term variety previous game thing guaranty goal running line flank passing gk box no option relevant year autodefending strong unbearable situation make dumb situation described earlier not passing game not dribble agile player punish defender fast tackle not working jokkey absurd fuck game trash gameplay plz fix,Positive,Positive,0.65158486,0.33491117,0.013503954,0.65158486
every year,Neutral,Neutral,0.97699624,0.01127242,0.97699624,0.011731369
super elitte,Positive,Positive,0.9830221,0.011037462,0.0059404676,0.9830221
,Negative,Neutral,0.8198435,0.08540768,0.8198435,0.09474888
good game opinion good graphic good gameplay really fun,Positive,Positive,0.9985877,0.0013408639,7.1435425e-05,0.9985877
bot throw game pro club,Neutral,Negative,0.42363372,0.42363372,0.37845963,0.19790661
super fun create friend career mode,Positive,Positive,0.9992067,0.0007042927,8.898645e-05,0.9992067
negro,Neutral,Neutral,0.9720357,0.013054964,0.9720357,0.014909259
want lose sanity buy,Positive,Negative,0.8640039,0.8640039,0.009499724,0.12649632
great game specially world cup career mode,Positive,Positive,0.99171865,0.0059096366,0.0023716525,0.99171865
damn amount license ea doesnt game called fi licensing ruined game not able play favourite team deal breaker especially sport game,Negative,Negative,0.7722763,0.7722763,0.022659443,0.20506431
not bad first last ever,Positive,Negative,0.84971386,0.84971386,0.03079022,0.11949599
unfortunately trial hour ended,Negative,Neutral,0.99122626,0.0038083727,0.99122626,0.0049654157
game launch anti cheat let play scam buy honestly fixed,Negative,Negative,0.8324349,0.8324349,0.008807468,0.1587576
game koooonnnnnttttttoooooollllllll,Neutral,Neutral,0.969813,0.013410536,0.969813,0.01677642
important dribbling difficult goalkeeper like amateur dive jump catch ball poor usual reffree like defend com player stupid decision passing direction poorr doesnt match directed joypad player switch slow difficult anticipate counter attack,Negative,Negative,0.95817244,0.95817244,0.0028041694,0.03902338
number bug infinite loading screen game ridiculous,Negative,Positive,0.64083797,0.21827148,0.14089058,0.64083797
buna olumlu yorum yapanlar bir doktora n durum ok vahim olmal,Neutral,Negative,0.42080635,0.42080635,0.2191727,0.3600209
gameplay not smooth pc game stutter hard game scripted asf fuck ea not buy game,Negative,Negative,0.94967335,0.94967335,0.008587138,0.04173963
za,Neutral,Neutral,0.9853103,0.0058310046,0.9853103,0.008858616
game doesnt start week none fix forum work ea ac horrible since launch,Negative,Negative,0.92308927,0.92308927,0.013782456,0.06312826
may honestly worst gaming experience ever found pc spending hour time unlinking old account current one ea launcher use modifying launch code via notepad actually allow game start hour post purchase finally able boot game unplug every usb device pc leave playstation controller connected pc use controller however not done yet game continuously recognize controller randomly stop responding slow response time auto lock player running pitch tldr extremely unplayable spent time settting game not crash playing,Positive,Negative,0.6291532,0.6291532,0.016628277,0.35421854
trash game long ea keep making,Neutral,Negative,0.47987273,0.47987273,0.32512894,0.19499834
stay away stole money dont work,Neutral,Neutral,0.98675144,0.006097814,0.98675144,0.007150775
lot script handicap,Neutral,Neutral,0.9980101,0.0010033222,0.9980101,0.0009865963
buggy love messi ronaldo enemy team division,Positive,Positive,0.7376693,0.22447501,0.037855696,0.7376693
na parte cnica horr vel crash slowdown game stutterings delay no comandos sem falar pre game tem meses duvido que esses problemas ser resolvidos continue no ou jogue no console,Negative,Negative,0.9167199,0.9167199,0.011053799,0.0722262
game boot,Neutral,Neutral,0.76503146,0.054912247,0.76503146,0.1800563
get game wont let lunch,Neutral,Neutral,0.83123124,0.12373842,0.83123124,0.04503035
better horrible still not worth buying fuk russia btw,Negative,Negative,0.8445594,0.8445594,0.0058108876,0.14962974
unoptimized game ive ever played grandmother run faster piece rubbish,Positive,Positive,0.63022643,0.3007208,0.069052815,0.63022643
glitchy,Neutral,Neutral,0.95408356,0.018581834,0.95408356,0.027334565
fuckin make ur server stable dog game dog ai scripted not logic fucking game improve unpack crash issue doggggggggggggggggg,Positive,Negative,0.83264285,0.83264285,0.08733398,0.08002314
bvruh,Neutral,Neutral,0.9720357,0.013054964,0.9720357,0.014909259
unable play keep crashing dx error,Negative,Negative,0.8528617,0.8528617,0.01247063,0.13466768
nothing real football,Neutral,Neutral,0.9760549,0.011028779,0.9760549,0.012916285
fuck shit sold soul devil want die cuz champ,Negative,Negative,0.97481924,0.97481924,0.000628478,0.024552269
veri na nojs,Neutral,Neutral,0.9819657,0.004417575,0.9819657,0.013616714
box game force go bios enable secure boot else game start know either probably anti cheat run wonder game like even need anti cheat enjoy single player career mode manager comment fut online season nightmare player get paired consistently high ping imagine pressing pas button see player releasing ball second later unplayable play local multiplayer friend save hair tearing frustration pc player finally getting next gen version like p god know long major optimisation issue patch fail fix date talking abnormally high cpu usage cpu temp hitting temp range sport simulator hell use much cpu resource good reason game fire sale month launch game worth sale say go mind extremely high cpu usage temp high cpu usage alone find really hard recommend game ea get shit together patch annoying issue,Negative,Positive,0.47696316,0.47518146,0.047855396,0.47696316
game shit not buy get mod save money,Negative,Negative,0.93283945,0.93283945,0.0072970893,0.059863523
not good,Negative,Positive,0.73732203,0.19587386,0.0668041,0.73732203
thanx ea,Neutral,Neutral,0.967611,0.01605902,0.967611,0.016329968
trash kaka,Neutral,Neutral,0.9762598,0.0064335545,0.9762598,0.017306687
kkiokjojjjjjjjjjjj,Neutral,Neutral,0.9720357,0.013054964,0.9720357,0.014909259
jas sneuvelt alot controller goed game,Neutral,Neutral,0.9641387,0.020757152,0.9641387,0.015104214
doesnt work online,Neutral,Neutral,0.98444504,0.005966748,0.98444504,0.009588207
absolute garbage pc controller bug fixed restart game fails start constantly,Negative,Neutral,0.49339342,0.4269239,0.49339342,0.079682715
,Neutral,Neutral,0.8198435,0.08540768,0.8198435,0.09474888
different,Neutral,Neutral,0.95607513,0.01696709,0.95607513,0.026957726
kick ball ball go,Neutral,Neutral,0.6673337,0.15004757,0.6673337,0.18261865
pro club better fun ever rest game pretty okay,Positive,Positive,0.999079,0.00083039457,9.062532e-05,0.999079
great world cup let gooo,Positive,Positive,0.9890182,0.008793536,0.00218824,0.9890182
wont let play game anymore,Negative,Positive,0.6088782,0.32538936,0.06573244,0.6088782
odu,Neutral,Neutral,0.9720357,0.013054964,0.9720357,0.014909259
buy sale avoid full price still afterall,Negative,Neutral,0.9001498,0.054639336,0.9001498,0.045210797
nice game,Positive,Positive,0.9640249,0.02851659,0.0074586337,0.9640249
game made gay people hang no one would care fucking died,Negative,Negative,0.8783277,0.8783277,0.011403749,0.11026851
online unplayable laggy heavy sudden right new patch game not responding control player move way intend,Neutral,Neutral,0.784548,0.15188633,0.784548,0.06356574
psdanii togloom,Neutral,Neutral,0.9905715,0.0045749354,0.9905715,0.0048536155
waste money litreally trash pay win nothing new game broken want ur ur child mental peace dont buy piece trash bad rarely game reviewing good thing last ea bring thank god,Positive,Positive,0.9294887,0.06775282,0.0027584343,0.9294887
anti cheat spoil game,Negative,Negative,0.840641,0.840641,0.06910806,0.09025091
yea lad,Neutral,Neutral,0.9574152,0.019286307,0.9574152,0.02329845
fucking disgusting game,Negative,Negative,0.84406805,0.84406805,0.057481937,0.09845007
siuuuuuuuuuuuuuu,Neutral,Neutral,0.9720357,0.013054964,0.9720357,0.014909259
best last yet career mode best ever sure download revolution database editor change player age include classic player david beckham roy keane etc team no issue ea anti cheat moaner first read instruction work around throwing toy graphic optimisation sound effect soundtrack feature gameplay updated graphic best ever game feature rich soundtrack depends taste dont listen genre flow gameplay almost perfect comeback ai little wonky edit update yeah playing legendary ai definitely not good first game year actually adjust gameplay slider actually make playable game football,Positive,Positive,0.995342,0.0038795245,0.00077843305,0.995342
well disaster come expect ea started secure boot error ea solution change bios setting pretty sure vast majority player knowledge patience good job curiosity proceeded secure boot enabled excitedly loaded game kicked teeth anti cheat error great managed get around deleting anti cheat loading admin though go oh nooo controller not working quick google search sadly yet another common issue managed resolve changing controller setting happy day one time glitchy main menu nothing usual button completely black screen no image buy ea title hopeless going refund one avoid cost,Negative,Negative,0.6995536,0.6995536,0.012434645,0.2880118
game genuinely terrible dont play,Negative,Negative,0.8706969,0.8706969,0.0058298456,0.12347328
sh different name,Neutral,Neutral,0.98730564,0.006650941,0.98730564,0.006043393
guess,Neutral,Positive,0.6367523,0.087619945,0.2756277,0.6367523
,Neutral,Neutral,0.8198435,0.08540768,0.8198435,0.09474888
finally next gen gameplay,Neutral,Neutral,0.9782081,0.00879171,0.9782081,0.013000178
didnt know swear many time one breath,Neutral,Neutral,0.71339405,0.23725592,0.71339405,0.049350034
shite constantly decides doesnt want open still shit,Negative,Negative,0.914841,0.914841,0.014574014,0.07058495
as cross play dosent even work,Negative,Negative,0.87220937,0.87220937,0.013170338,0.11462031
good update,Positive,Positive,0.90721405,0.061140835,0.031645156,0.90721405
good graphic great gameplay,Positive,Positive,0.994591,0.0050889417,0.00032017668,0.994591
honestly want play career offline gamemodes great game pro great animation great graphic good ai gameplay feel realistic con sometimes glitch game lose progress maybe thats sometimes keyboard get blocked restart game maybe thats also,Positive,Positive,0.98282653,0.016167425,0.0010060361,0.98282653
game seems quite fun felt needed refund due constant stutter frustrating sport game no time resolve hardware ddr gig installed nvme ssd likely may issue system game also required configuration change bios never encountered recommend novice pc user wait gamepass release next year,Negative,Negative,0.6651839,0.6651839,0.040223476,0.2945926
worst gameplay ever,Negative,Negative,0.9773267,0.9773267,0.002297537,0.020375757
pala ez kaya palkon fix,Neutral,Positive,0.758623,0.07777184,0.16360518,0.758623
literally cannot launch game pc,Neutral,Neutral,0.91348624,0.046959452,0.91348624,0.03955433
dogshit new year pay win,Positive,Positive,0.6063001,0.044889018,0.34881088,0.6063001
well even like football world cup time man,Positive,Positive,0.90714616,0.07930782,0.0135460785,0.90714616
not launching,Neutral,Neutral,0.96735686,0.021296598,0.96735686,0.011346598
like game fun cheap great playing,Positive,Positive,0.9995017,0.00047692808,2.130015e-05,0.9995017
game not launch show message ea anticheat detected unacceptable configuration please ensure no cheat related tampering software active restart game,Positive,Negative,0.60777384,0.60777384,0.050865576,0.34136063
well not bad,Positive,Negative,0.91916645,0.91916645,0.011117535,0.06971608
not recomended bad previous cpu intelligence really bad annoying play,Positive,Negative,0.95591354,0.95591354,0.0011153251,0.042971037
ocaj,Neutral,Neutral,0.9720357,0.013054964,0.9720357,0.014909259
another one,Neutral,Neutral,0.52606595,0.28670764,0.52606595,0.18722634
fun,Positive,Positive,0.94990575,0.03613055,0.013963655,0.94990575
get lengthy body type,Neutral,Neutral,0.7820865,0.14065933,0.7820865,0.07725419
shit game cannot launch,Negative,Negative,0.9590855,0.9590855,0.008872167,0.032042343
bought wont even open promise computer stronger enough push idk,Negative,Negative,0.6565669,0.6565669,0.047119465,0.2963137
footy,Neutral,Neutral,0.6575917,0.12469678,0.6575917,0.21771148
game fun considering make game every year im confused many bug crash,Negative,Positive,0.7098359,0.22320455,0.06695953,0.7098359
hard,Negative,Negative,0.7208352,0.7208352,0.055451035,0.22371377
game crashed open pack pls help,Positive,Positive,0.9594585,0.035708386,0.004833132,0.9594585
hmmm career mode buy game got one even dare buy release price,Neutral,Neutral,0.8483642,0.06840953,0.8483642,0.08322628
optimization suck fuck game dont buy,Negative,Negative,0.9786471,0.9786471,0.0018824047,0.019470472
get stuck moment menu cant move,Negative,Negative,0.7632864,0.7632864,0.042703994,0.1940096
win champion league manchester united,Positive,Positive,0.9846185,0.012722219,0.0026592382,0.9846185
game suck as player pace somehow faster player game lag every min,Negative,Negative,0.9847494,0.9847494,0.0012193843,0.0140313385
one best long long time better imo cross platform,Positive,Positive,0.97963494,0.013345821,0.0070193224,0.97963494
make game bad year year let forget new feature atleast make game non glitchy beta test game releasing wanna test glitch bug customer astounding little care customer disappointing quality work put,Negative,Negative,0.89094824,0.89094824,0.012132735,0.09691907
always buggy,Neutral,Neutral,0.77638286,0.14084326,0.77638286,0.08277385
many bug not even talking gameplay,Neutral,Negative,0.65850186,0.65850186,0.2221608,0.11933733
absolutely shocking triple game suffers much bug literally cannot play since crash launch stay far away game first pc regret purchasing,Negative,Negative,0.8165641,0.8165641,0.01683897,0.16659684
sorry game many many bug please fix,Positive,Positive,0.7158896,0.18155374,0.10255664,0.7158896
not start every single time try play,Positive,Negative,0.470716,0.470716,0.07390606,0.45537794
good sorry bad english,Negative,Negative,0.6406272,0.6406272,0.008698057,0.35067475
peace,Positive,Neutral,0.9748404,0.008484944,0.9748404,0.016674673
meannnn alrighttt,Neutral,Neutral,0.9905715,0.0045749354,0.9905715,0.0048536155
getting worse every year,Negative,Negative,0.91938275,0.91938275,0.020787524,0.059829727
rage inducing machine,Negative,Negative,0.8465126,0.8465126,0.043124415,0.11036297
ragey hate love im addicted help,Positive,Positive,0.8741036,0.1243883,0.0015080607,0.8741036
bought game like since turkish going positive yes price game working fine no ac issue anything like know really could better mean game look like bad animation graphic also could better gameplay offline mod kinda boring look cheap fair game look cheap like literally copied content previous version not surprise everyone know must say ok no,Positive,Positive,0.98852974,0.010402621,0.0010676527,0.98852974
doesnt turn co anti cheat,Negative,Negative,0.79087055,0.79087055,0.096770726,0.112358764
not bad game run background thing actually played hour whatever playtime say,Negative,Negative,0.8488219,0.8488219,0.024553206,0.12662484
good one,Positive,Positive,0.8917481,0.08022882,0.028023032,0.8917481
not,Neutral,Neutral,0.8759116,0.08259656,0.8759116,0.0414918
many bug problem price,Negative,Negative,0.82959896,0.82959896,0.047233894,0.123167135
good fun fun,Positive,Positive,0.999091,0.0008617833,4.7161502e-05,0.999091
game stop opponent internet interrupted,Negative,Negative,0.77418363,0.77418363,0.024537306,0.20127906
funn,Neutral,Neutral,0.9720357,0.013054964,0.9720357,0.014909259
long dont play champ decent,Negative,Positive,0.81653404,0.14416319,0.039302777,0.81653404
fuck vancouver rat,Negative,Negative,0.9269969,0.9269969,0.024542412,0.04846068
suck fat dick ya ea,Negative,Negative,0.94013023,0.94013023,0.01910957,0.04076022
game cant launch try hour still cant play trash try refund trash rejected dissapointed,Negative,Positive,0.44595808,0.35122225,0.20281965,0.44595808
matchmaking horrible,Negative,Negative,0.9217203,0.9217203,0.01866243,0.05961731
fun game start,Positive,Positive,0.9541888,0.025813118,0.019998074,0.9541888
good game wab nt play offline better,Positive,Positive,0.98764145,0.012007302,0.0003511478,0.98764145
brrrr,Neutral,Neutral,0.9720357,0.013054964,0.9720357,0.014909259
best,Neutral,Positive,0.9867975,0.010052772,0.0031497076,0.9867975
idk,Negative,Negative,0.6028601,0.6028601,0.14285138,0.2542885
buy pc ever dont care,Negative,Negative,0.63272583,0.63272583,0.07616592,0.29110828
realistic,Neutral,Neutral,0.9500598,0.015374368,0.9500598,0.034565873
literally one worst ive ever played life scripting right face would either win every game lose every game entire day literally see bad team playing decided not let win entire team doesnt cooperate every player free roam tactic wont work no matter day would win every single game even opponent much better better team every shot go no matter who shooting,Positive,Positive,0.8407759,0.1390392,0.020184895,0.8407759
game keep crashing start match think wasted money mind blowing,Negative,Negative,0.7878841,0.7878841,0.10888063,0.103235245
trash game even launch enter game anti cheat suck,Negative,Negative,0.95761883,0.95761883,0.008053637,0.03432746
recently downloaded cannot run,Neutral,Negative,0.6986883,0.6986883,0.13566324,0.16564843
game run half time server failure update load understand not anything improve game yet every year make worse addition concerning game play not changed since issue switching player lag time switch player no near position issue make game harder make player perform computer stats player walk around circle nothing hold button put pressure use help lot basic function without holding button time set squad press issue option quite honestly not anything different maybe slightly pitch sold game different skin year would describe lazy incompetent greedy paying skin updated number except crash crash opening pack mean want pay money open pack even care making work,Negative,Negative,0.7411944,0.7411944,0.037690803,0.22111471
good bad game,Negative,Negative,0.6268841,0.6268841,0.007912354,0.36520356
great new graphic p era lost lot right use team around world like south america mexico japan thats huge miss,Positive,Positive,0.9915332,0.0077758073,0.00069095386,0.9915332
,Neutral,Neutral,0.8198435,0.08540768,0.8198435,0.09474888
kick ball,Neutral,Neutral,0.780835,0.07527191,0.780835,0.1438931
not worth much work even start game since ea anticheat want work,Negative,Negative,0.5166907,0.5166907,0.042626638,0.44068262
bad mind,Negative,Negative,0.89595985,0.89595985,0.032591525,0.07144863
good game plz ea fix fps drop input lag,Negative,Negative,0.92981637,0.92981637,0.0021924418,0.06799114
game not lunch,Neutral,Neutral,0.9256107,0.05590844,0.9256107,0.018480873
okay refund recent update month late game release issue launching contacting bank dispute payment,Negative,Positive,0.6923365,0.21530786,0.09235572,0.6923365
omg fking anticheat fking as bruv fix goddammit needed fking install shit every update,Negative,Negative,0.96316206,0.96316206,0.004201345,0.03263659
gameplaynya ajib bener,Neutral,Neutral,0.9938465,0.0031811744,0.9938465,0.002972361
pay win no fun without money,Positive,Positive,0.9609008,0.036036663,0.003062548,0.9609008
un cacat de joc nu recomand,Neutral,Neutral,0.98183584,0.0018550942,0.98183584,0.01630902
general aspect game awful amount negative game dosent help positive much negative icon fut dosent real face game show low effort server god awful im pretty sure not connection cause game get average ping get ping get game lag like crazy im assuming opponent connection god awful getting punished shit connection well not shit server ea practice arena also awful im pretty sure version better thats concerning camera god awful giving option free kick camera also dosent work dosent give camera take free kick actual match camera picked either play view normal view corner there chance corner taker stuck inside camera man interfere core gameplay another reason show ea care game cross play non existent yes play people xbox series p not people xbox p ridiculously stupid tried play friend xbox one found minute researching realized extremely fucking pissed bought game discount god forbid buy full price thank god yes im still annoyed bought gaming black friday sale christmas got cheaper wtf bought christmas probably gonna updating shit thing find game positive addicting hate keep playing especially fut keep coming back kinda annoys lot fut content give prop amount content card bringing give reason come back game world cup addition nice much know sure debating not adding world cup content honestly thats positive say lot little thing would like add sad people spend money game cost game come god awful people crazy team understand pay win aspect always game frustrating unfair advantage game thats fuck everyone work ea people development team super obvious care making good game want money obvious,Positive,Positive,0.78985995,0.19364226,0.0164978,0.78985995
game lot issue comparing game crap,Negative,Negative,0.7520061,0.7520061,0.074264,0.1737299
big time suck crashed every time played,Negative,Negative,0.8175889,0.8175889,0.018478815,0.1639322
sexy,Positive,Positive,0.7781936,0.095710866,0.12609547,0.7781936
ololk kl,Neutral,Neutral,0.9905715,0.0045749354,0.9905715,0.0048536155
unrealistic getting worse year milking franchise bother wasting money,Positive,Negative,0.9228787,0.9228787,0.004693767,0.072427556
game worst played no doubt shit game,Negative,Negative,0.9920047,0.9920047,0.0001511098,0.007844159
glad parting way guy cheer,Positive,Positive,0.98544914,0.009288477,0.005262442,0.98544914
best,Positive,Positive,0.9867975,0.010052772,0.0031497076,0.9867975
fun,Positive,Positive,0.94990575,0.03613055,0.013963655,0.94990575
honestly pretty good game mechanic great minor improvement alright buggy though crash occasionally often launch run administrator usually fine,Positive,Positive,0.99982136,0.00016055518,1.8175238e-05,0.99982136
dont even think even sale,Neutral,Neutral,0.91215163,0.06894076,0.91215163,0.018907659
cool game,Positive,Positive,0.9435927,0.044483893,0.011923391,0.9435927
dont get addicted rage every second player moving like truck not pass inggggggg time not running infront goalie addicted rage every second,Negative,Negative,0.94202393,0.94202393,0.0099148275,0.048061293
game suck not function well lot error,Negative,Negative,0.9640987,0.9640987,0.0024848727,0.03341643
stupid matchmaking think let people stay play game tf matchmaking noob player like pro one find fair fight idiot pay win game ea suck,Negative,Negative,0.93992144,0.93992144,0.0032552804,0.056823287
not lunch,Neutral,Neutral,0.9145098,0.063664235,0.9145098,0.021826006
first time playing love career mode could build character loved could upgrade stats,Positive,Positive,0.9938983,0.0044948603,0.0016068431,0.9938983
wham,Neutral,Neutral,0.9720357,0.013054964,0.9720357,0.014909259
esse jogo trava,Neutral,Neutral,0.9225386,0.040476434,0.9225386,0.036985006
start,Neutral,Neutral,0.96127766,0.014380651,0.96127766,0.024341635
game bug ever experienced ea continues say working game launch half time profile setting never save create new career load career money grab best ea product delivery not remotely close promised scam say least,Positive,Negative,0.6900797,0.6900797,0.03656412,0.27335626
mind game,Neutral,Neutral,0.97418934,0.012249114,0.97418934,0.0135615785
im play min fut champion always disconect game many bug,Positive,Negative,0.520645,0.520645,0.036724187,0.44263083
difficulty level year old grandmother play easy normal difficult hardcore graphic designed paint poor okay beautiful masterpiece excluding graphic error music fire spotify background nothing special okay fire spotify find soundtrack game story minecraft story high school essay okay well written tolkien learned write screenwriter hardware requirement go microwave average high end nasa computer would nice length time hour short hour average hour long hour long hour fun watching paint drying interesting repeatable pretty cool remember warmly remember game replay one time experience forget miss little wonder would happened done otherwise want worth buying no buy wait discount,Positive,Positive,0.7575033,0.22710922,0.015387557,0.7575033
trash not even launching menu unresponsive ea even make copy paste game work,Neutral,Negative,0.6399951,0.6399951,0.17413254,0.18587238
comprem merda desse jogo eu ignorei todos o coment rio avalia e fudi ele foi otimizado para pc simplesmente torra processador cracha fecha de isso se voc conseguir vencer todos o problemas de anticheat programas da ea etc rio mesmo rid culo absurdo valve manter isso venda,Neutral,Negative,0.69406015,0.69406015,0.14784686,0.15809304
dont buy,Neutral,Neutral,0.9479497,0.027587382,0.9479497,0.024462901
crash,Positive,Neutral,0.6718089,0.20753276,0.6718089,0.12065838
since new update literally wont launch ea awful want money time back,Negative,Negative,0.913491,0.913491,0.013972074,0.07253685
loan mbappe suck mum pretty bonkers game,Positive,Negative,0.62482625,0.62482625,0.027754297,0.34741947
good game better update,Positive,Positive,0.9927402,0.0059476825,0.001312136,0.9927402
graphic forget reality beautiful good decent bad look long paint exe gameplay good good gameplay mehh starring wall better audio eargasm good good not bad bad earrape audience kid teen adult human lizard pc requirement check run paint potato decent fast rich boiiiiii ask nasa spare computer difficulity press easy significant brain usage easy learn hard master difficult dark soul grind nothing grind care leaderboards rank isnt necessary progress average grind level much grind need second live grinding story story text audio floating around average good lovely replace life game time long enough cup coffee short average long infinity beyond price free worth price spare money left not recommended could also burn money bug never heard minor bug get annoying ark survival evolved game big terrarium bug,Positive,Positive,0.9568575,0.03793906,0.005203495,0.9568575
game not optimizing play smooothly,Negative,Positive,0.48543516,0.44663808,0.06792674,0.48543516
suey,Neutral,Neutral,0.9720357,0.013054964,0.9720357,0.014909259
kick ball repeat,Neutral,Neutral,0.81735474,0.04513858,0.81735474,0.13750675
incredibly laggy whatever resolution setting try ti want good looking football game play manager mode much ask especially considering budget ea,Positive,Positive,0.88045895,0.09596554,0.023575483,0.88045895
wewww,Neutral,Neutral,0.9720357,0.013054964,0.9720357,0.014909259
not buy game trying play not working fix not wokr,Positive,Negative,0.549991,0.549991,0.33551383,0.11449518
vhmghfghghnghnghnghnghnghnghnghnhngghnghn,Neutral,Neutral,0.9720357,0.013054964,0.9720357,0.014909259
like torture,Negative,Positive,0.69487846,0.27932996,0.025791604,0.69487846
chance even fucking starting lmfao ea outdone managed make even shittier game decade existing paid shit refund cu played hour first decided open reinstalling twice,Negative,Negative,0.46868372,0.46868372,0.06338076,0.46793547
neat,Positive,Neutral,0.46030244,0.083367154,0.46030244,0.4563304
noice anticheat,Neutral,Positive,0.65908587,0.11883578,0.22207841,0.65908587
playing game skipped received free still lost intrest playing year got tempted world cup buyed game since skipped game kinda feel new added video scene career mode added information improved gameplay mechanism good graphic like etc everyone saying game problem launching day ive started playing didnt faced issue yet hope game developer fix problem soon possible,Positive,Positive,0.9446961,0.051638994,0.0036649078,0.9446961
bug lot halland not god ref shit offside not thing woman ref fake henry shit overall,Negative,Negative,0.98459804,0.98459804,0.001042107,0.014359793
game pay win due team matched people spend maw money abomination hard ledgend pack cost pound game mechanic worse nan fuckign microwave ea scamming bastard,Negative,Positive,0.5337276,0.43570828,0.03056412,0.5337276
pc game freeze anywhere five twenty second time every match even offline overkill pc game run without figured give chance update fixed could get refund instant game run like steaming pile shit,Negative,Negative,0.91122067,0.91122067,0.0070838137,0.08169555
bad game type run no salem aldawsari card alowais,Negative,Negative,0.9826477,0.9826477,0.0016765896,0.015675709
terrible change setting bios work still launch half time constant glitch crash performance bad menu laggy setting save think might need go mental hospital dealing game,Negative,Negative,0.9673648,0.9673648,0.0032652465,0.029369935
fix menu bug,Neutral,Neutral,0.65868366,0.15904073,0.65868366,0.18227556
anticheat,Neutral,Neutral,0.8035442,0.07264,0.8035442,0.12381574
aaaaaaaaaaaaaaaaaaaaaaaaa,Neutral,Neutral,0.9720357,0.013054964,0.9720357,0.014909259
worked couple day stopped booting disappointed,Negative,Negative,0.68740267,0.68740267,0.03899846,0.27359888
game fucking terrible save money,Neutral,Negative,0.93568647,0.93568647,0.0047303806,0.059583105
unfair matchmaking,Negative,Neutral,0.67946297,0.24327599,0.67946297,0.077261046
really laggy sometimes severs always crash,Negative,Negative,0.8465384,0.8465384,0.088649556,0.06481199
game nice ea anti cheat complete dog launch game since patch even run origin administrator pathetic even remotely think ok sell game full release title even work,Negative,Negative,0.57950354,0.57950354,0.03712411,0.38337237
not launch another ea money grab releasing broken game,Negative,Negative,0.9380107,0.9380107,0.012332362,0.049657
please fucking nerf haaland big strong family please help,Positive,Positive,0.9866822,0.012692303,0.0006255465,0.9866822
best ai system triple aaa title update game broken release game working decade decade still come many bug glitch game made people bare forced,Negative,Negative,0.78377265,0.78377265,0.010393236,0.20583417
tebak ne,Neutral,Neutral,0.99639916,0.0014376384,0.99639916,0.0021632123
best need little bit free play,Positive,Positive,0.99945945,0.0004949908,4.545847e-05,0.99945945
gameplay changed way make feel playing game published year ago even sloppiness player smoothness motion well momentum gameplay lot problem playing ultimate team mode year row game shit man,Negative,Negative,0.9534713,0.9534713,0.002956127,0.04357261
many glitch start damn game,Negative,Negative,0.7056145,0.7056145,0.1125596,0.18182588
might nice game unfortunatly start see marvel gaming yet allowed seen elite eligible player themselfs legend say developer seen ingame menu themselfs,Positive,Positive,0.9222744,0.07068937,0.007036131,0.9222744
absolutely loved world cup mode edit hour playing game say best game ever made,Positive,Positive,0.99455255,0.004453512,0.0009940371,0.99455255
ea app big headache need troubleshooting everyday every week,Positive,Negative,0.6622705,0.6622705,0.031197632,0.30653188
game serf purpose knowing still ea still bug microtransactions think safe say still enjoy game whatsoever fan footbal general think best get term sport would recommend getting promotion rather full price,Positive,Positive,0.9618612,0.024391953,0.013746761,0.9618612
fun game play friend family great online mode thing would change sometimes feel like player given advantage half also ea anti cheat take minute load even start game,Positive,Positive,0.9658351,0.030988082,0.0031768982,0.9658351
best game ever addictive,Positive,Positive,0.99065524,0.006222554,0.003122245,0.99065524
yetryur,Neutral,Neutral,0.9720357,0.013054964,0.9720357,0.014909259
people bombing game probably console honest listened open origin admin anti cheat problem sorted big deal game seems run fine far actual gameplay go mean lol certainly enough stubtle change make feel new really enjoying far like buy,Positive,Positive,0.978374,0.017146133,0.004479948,0.978374
mentally hurt,Negative,Neutral,0.84248114,0.08625412,0.84248114,0.071264744
trash anti cheat game go play maincraft,Positive,Negative,0.8403456,0.8403456,0.022803009,0.13685139
run like dog shit no reason,Negative,Negative,0.95539993,0.95539993,0.0015464545,0.0430537
ctrl ctrl repeat,Neutral,Neutral,0.99378455,0.0021553384,0.99378455,0.0040601348
buggy,Neutral,Neutral,0.8237896,0.071635365,0.8237896,0.10457513
chase ball,Neutral,Neutral,0.9458955,0.023672162,0.9458955,0.03043235
football,Neutral,Neutral,0.90585774,0.022650972,0.90585774,0.07149123
definitely enjoying game got sale first might influencing like many also could not run game first launch attempt verifying game file reacquiring one still not work reinstalled drive worked perfectly fine,Positive,Positive,0.9898403,0.008798679,0.0013609467,0.9898403
banana,Neutral,Neutral,0.97140133,0.012005,0.97140133,0.016593669
cant even play game bcoz anticheat title update doesnt solve anything,Negative,Negative,0.50579685,0.50579685,0.04292626,0.4512769
cutscenes fucking laggy,Neutral,Neutral,0.92252904,0.023184618,0.92252904,0.054286316
everything feel like miss someone play hour per year incredibly disappointed installment biggest problem game pacing responsiveness least responsive version yet game incredibly slow pass terrible dribbling useless tackling rng time make tackle fall back opponent gameplay general feel incredibly mudded making simple input feel like eternity actually see effect screen pc performance issue even worse previous installment run graphic card no matter game sitting afk menu bedroom office degree know stuttering issue still carry gameplay uncap frame rate game setting similar previous fifas pc best thing play higher frame rate reduce stuttering cap game fps nvidia control panel like need every ea game cross platform cross platform may well not exist pc player yes able play game console player great finding match certain friendly draft game mode previously hard find opponent core game mode gameplay see no benefit adding cross platform pc player even left shared transfer market even google stadium player access reason getting cross platform pro club coming month insane backlash ea got not implementing first place overall incredibly frustrated installment feel like tried half implement buzz word would make good marketing cross platform one biggest addicted like u player favor skip installment,Positive,Positive,0.90008193,0.090783216,0.009134866,0.90008193
laggggggggg,Neutral,Neutral,0.9720357,0.013054964,0.9720357,0.014909259
tournament cup mode user change kick time weather choose tournament cup seems enter underworld saying good bye sun beautiful green grass would drive mad remedy play friendly game play virtual cup manually calculate score really sad,Positive,Positive,0.961476,0.030118564,0.008405439,0.961476
good graphic gameplay nunez bald also ea add another commentator english language,Positive,Positive,0.69425905,0.2820062,0.023734782,0.69425905
si,Neutral,Neutral,0.98005563,0.009928269,0.98005563,0.010016058
need anticheat thing cant load game really wanna play anyone help please cant run game,Positive,Positive,0.8189214,0.16177633,0.019302348,0.8189214
fuckin lag bitch bro cant,Negative,Negative,0.974003,0.974003,0.0046028392,0.02139414
first time playing since going pe great stuff like animation slider extent someone like simulation game game far slider adjusted biggest issue every update game not want play nice since latest update game want launch ive tried many method using live editor bypass ea anti cheat dont play online since game massive scam online dont care anticheat ea anticheat like ea antiplay hope community start realise game not meant heavy buying pack meaningless next game come,Negative,Positive,0.7983754,0.17588654,0.025738038,0.7983754
top,Positive,Positive,0.8510707,0.10776264,0.04116672,0.8510707
fun game,Positive,Positive,0.9529934,0.033758637,0.01324801,0.9529934
ball go kick like score stuff,Positive,Positive,0.81780285,0.12971883,0.052478325,0.81780285
gud,Neutral,Neutral,0.98084545,0.0047817817,0.98084545,0.014372767
game,Neutral,Neutral,0.8953033,0.045139335,0.8953033,0.059557382
good game shit optimization stop crashing pc mid game,Negative,Negative,0.83363116,0.83363116,0.004708846,0.16165996
,Neutral,Neutral,0.8198435,0.08540768,0.8198435,0.09474888
game take time open opening gaming stream opean first ea game tooks much time,Neutral,Positive,0.7434579,0.11834405,0.13819812,0.7434579
cant play trial keep saying memory dump error need help,Negative,Negative,0.84679365,0.84679365,0.004197065,0.14900938
ghgdhg,Neutral,Neutral,0.9720357,0.013054964,0.9720357,0.014909259
addict,Neutral,Neutral,0.91015476,0.05066781,0.91015476,0.0391774
ballin,Neutral,Neutral,0.9720357,0.013054964,0.9720357,0.014909259
ea dog shit company dont shit,Negative,Negative,0.99488527,0.99488527,0.00028011075,0.004834566
many bug no good player come order come put lot money pay win game,Positive,Positive,0.95867527,0.031449333,0.00987547,0.95867527
playing year worst game played yet buying game ultimate team dont buy spend time money game shitty one worst purchase life could get refund would get heart beat,Negative,Negative,0.92122644,0.92122644,0.0052655432,0.07350792
worst experience ever purchased pre order today cannot run ever start start origin waiting ok sound good pop appears telling crashed error happened let choose want generate dump file send developer not crash even freeze time since restart pc worst purchase ever next time gonna buy directly origin processing refund,Negative,Negative,0.9653619,0.9653619,0.0038735208,0.03076454
would like tell short story experience awesome swagalicious game first bug load speed terrible thought never play game fut logging countless hour hour account hacked contacted support time order get account back finally got back account banned hacker using modified client needing contact support unbanned player gone everything acquired erased restart scratch fut people ea told nothing could jurisdiction fut even experience game already buggy enough along using animation menu uninstalled guy pls dont support horn glazer ea,Positive,Positive,0.93457806,0.05744127,0.007980706,0.93457806
good improvement still bug like ball scoring cillesen face one time restart match nothing happen restart,Positive,Positive,0.99634296,0.0028658798,0.0007911026,0.99634296
mbappe suck argentina forever messi goat,Negative,Neutral,0.90191543,0.08747316,0.90191543,0.010611413
worst game ever even fun tryhard time start career menager end fired worst club possible fuck game,Negative,Negative,0.98627275,0.98627275,0.00032515806,0.013401978
horrible game,Negative,Negative,0.93959403,0.93959403,0.012059448,0.04834646
not bad game get launch reinstall anticheat million time delete setting game latest update plainly refuse launch really poor big company wont buying,Negative,Negative,0.9791747,0.9791747,0.0025687858,0.01825649
got free still cannot recommend laggy want launch time still piece shit moneygrab always,Negative,Negative,0.7785729,0.7785729,0.010956264,0.21047077
kick ball good game,Positive,Positive,0.9231741,0.058273602,0.018552277,0.9231741
best played took break many year waiting chance get back game went child grown man im ready rock game brings dream reality riveting gameplay huge epic twist ready unexpected yes ofcourse back baby,Positive,Positive,0.9986168,0.0012054391,0.00017768041,0.9986168
great,Positive,Positive,0.98601264,0.01149851,0.0024888637,0.98601264
extremely jittery cutscenes plus still many bug performance issue even high end pc plus said already said past shit every year slight improvement,Negative,Negative,0.8203174,0.8203174,0.018325416,0.16135722
no issue game downside severs ea move,Negative,Negative,0.88238657,0.88238657,0.05663856,0.06097492
faker no mom kr dog happy chinese new year,Positive,Negative,0.50430834,0.50430834,0.12475929,0.3709324
got game even start fix felt like open heart surgery computer not fell like aaa game not buy game unless free not worth,Positive,Positive,0.8983594,0.09230356,0.009336998,0.8983594
always start ai behaves questionably time either not taking ball right front passing team no player mouse cursor always reset causing menu not allow move moved mouse screen later reset back center possibility changing control adding modifier asking pas rb avoid saved button prompt input receiving pas included improve player experience game not worth full price barely worth,Positive,Negative,0.7042076,0.7042076,0.050228477,0.24556392
fdddd,Neutral,Neutral,0.9720357,0.013054964,0.9720357,0.014909259
credit card well spent pog,Positive,Neutral,0.840255,0.06930865,0.840255,0.09043633
good game bot perferct,Positive,Positive,0.935824,0.052006047,0.012170017,0.935824
wno chuj freeizak,Neutral,Neutral,0.995742,0.0017612905,0.995742,0.0024966768
paid ea play monthly subscription payment confirmed not subscription game wont launch,Positive,Positive,0.68756735,0.22821365,0.08421889,0.68756735
najissss,Neutral,Neutral,0.9720357,0.013054964,0.9720357,0.014909259
got play game age trying fix anticheat error come update fix error give different error cant play good job ea,Negative,Negative,0.86784446,0.86784446,0.0058428682,0.12631267
zl jhbc vsdioavv kljsfdghv iuhswiouvhsiopudhsopihjdsol uibhwevhnvsodvih,Neutral,Neutral,0.97493345,0.017058475,0.97493345,0.008008116
imagine reskinning exact game every year changing ui make look different cutscenes new feature adding crossplay next gen console keep people buying imagine releasing game bug even counted game breaking game launch first place cheer ea glad last deserve making game anymore,Positive,Positive,0.9783698,0.011669248,0.009960977,0.9783698
not big difference worth worldcup mode,Positive,Negative,0.67321306,0.67321306,0.07296008,0.25382686
please not buy game dogshit wayyy many bug ea cant make good game save life game completely unplayable pc ea care enough fix damn bug player career mode wont load get stuck investing screen game crash get game none save setting save cause game act like first time opening please waste time money way know fix glitch add discord papi shampoo,Positive,Positive,0.67664325,0.27255318,0.05080359,0.67664325
woaas,Neutral,Neutral,0.9720357,0.013054964,0.9720357,0.014909259
wtf kilometer,Negative,Negative,0.8673477,0.8673477,0.041066624,0.09158575
actually not game year good,Positive,Positive,0.760475,0.15377802,0.08574696,0.760475
absolutely love game beginner game extremely easy understand command basic movement looking forward see game,Positive,Positive,0.9413694,0.05069541,0.00793521,0.9413694
basically clone last year problem last year well weakest aspect game passing unable tell want ball go time also career mode suck ai god awful keep mind hyper motion tech gimmick used two real full match train hyper motion model hardly anything go,Negative,Negative,0.86995184,0.86995184,0.015025985,0.115022205
user interface laggy slow responsive game keep crash opening pack game not running smoothly match,Neutral,Negative,0.782942,0.782942,0.07810667,0.1389513
uyeerdtywdjywg,Neutral,Neutral,0.9720357,0.013054964,0.9720357,0.014909259
dit hele spel mag dood,Neutral,Neutral,0.9953701,0.0023919004,0.9953701,0.0022379993
open till good job ea,Positive,Positive,0.83982676,0.13122022,0.02895302,0.83982676
bought game twice lol first time blackfri game wont start application unrecoverable error yesterday bought becuz sale even cheaper blackfri error tried literally method reinstall anticheat run administrator secure boot reinstall game turned overlay game never start not even watching world cup everyday cant play hmm hate ea,Negative,Negative,0.84681886,0.84681886,0.007639332,0.14554185
first blast even started watching soccer lose lot care great fun,Negative,Positive,0.9378635,0.060483243,0.0016531792,0.9378635
fucking piece shit,Negative,Negative,0.9566928,0.9566928,0.008268265,0.035038903
safe gambling side side small child,Positive,Positive,0.8824049,0.10590374,0.0116913635,0.8824049
scripting finest got ronaldinho mbappe vinicius jr pedri kounde team let win match impossible get win trying hour ball somehow end back net suckass game since forever unnecessary new feature every year meanwhile wipe as opinion,Positive,Negative,0.72151417,0.72151417,0.027005974,0.25147983
broken half time tbh,Negative,Negative,0.9075043,0.9075043,0.028285846,0.064209804
best,Positive,Positive,0.9867975,0.010052772,0.0031497076,0.9867975
yesssssir diddd skrrrrr brrrr aah,Neutral,Neutral,0.9898309,0.006105544,0.9898309,0.004063567
game good way better last year model recommend everyone love play,Positive,Positive,0.99874437,0.0011725625,8.297192e-05,0.99874437
good game sadly last ever,Neutral,Positive,0.9469775,0.04490507,0.008117524,0.9469775
sukmadik,Neutral,Neutral,0.9720357,0.013054964,0.9720357,0.014909259
ofc ea fuck thing day eary access no hour trial fuck no stupid company,Negative,Negative,0.9929276,0.9929276,0.00021907546,0.006853326
not waste money game not load due anti cheat tried many troubleshooting idea youtube none work biggest waste time,Neutral,Negative,0.9361578,0.9361578,0.0066632475,0.05717891
worst paid early day access game didnt start cant play anti cheat bug asked refund refused unbelievable,Negative,Negative,0.96264404,0.96264404,0.00304472,0.034311287
hour career mode game randomly reset lost bare mad bun bruv hour able reinstate origin cloud save however done world cup progress awful game buggy cash grab developed game hope nan get mugged lidl,Positive,Negative,0.50239474,0.50239474,0.054869592,0.4427357
refund game wont even fucking launch,Neutral,Neutral,0.6808787,0.24674626,0.6808787,0.072375044
dont buy product,Neutral,Neutral,0.9363405,0.022832925,0.9363405,0.04082656
enjoying game not working offline traveling alot place internet access need one ea team fix problem anti cheat loading internet access bought game people hacking enjoying offline not fair,Negative,Negative,0.9241456,0.9241456,0.007306049,0.068548426
terrible engine reset setting every time start game say controller one idek im playing game still think im braindead point,Negative,Negative,0.715014,0.715014,0.02366644,0.2613195
little bit issue install took maybe extra minute fiddle fun next hour fut extreme pay win say buy career mode not fut really nonsense,Positive,Positive,0.95580477,0.026514389,0.017680874,0.95580477
always not launching,Neutral,Neutral,0.935237,0.05133437,0.935237,0.013428712
doesnt even fkn start,Neutral,Neutral,0.9758321,0.01273446,0.9758321,0.011433401
fun game lad,Positive,Positive,0.9474269,0.038405884,0.014167261,0.9474269
cant buy point error,Negative,Negative,0.883596,0.883596,0.040681917,0.075722046
right think getting good father play game professionally come get hat trick minute,Positive,Positive,0.93680686,0.052245293,0.010947819,0.93680686
big shit,Negative,Negative,0.95179313,0.95179313,0.008523742,0.039683122
fire always,Negative,Negative,0.8698544,0.8698544,0.045164336,0.084981225
pretty underated addictive,Positive,Positive,0.9520988,0.01801264,0.029888572,0.9520988
good game bug,Positive,Positive,0.92600113,0.052351914,0.021646965,0.92600113
game crash nd half,Negative,Neutral,0.7794157,0.14256866,0.7794157,0.07801562
yes get backup controller,Positive,Positive,0.9177583,0.05091287,0.03132891,0.9177583
game always issue launching odd reason click play pray launch wont launch,Positive,Positive,0.70510113,0.22984007,0.0650588,0.70510113
ball going foot right kick ball little go sky go goalkeeper go net player go absolutely mental canny believe man,Neutral,Negative,0.80579245,0.80579245,0.049710255,0.14449729
launch,Neutral,Neutral,0.9238844,0.03402831,0.9238844,0.04208726
,Neutral,Neutral,0.8198435,0.08540768,0.8198435,0.09474888
game dumpster fire figured company ea would competent enough least provide support game not work no everyone constantly met sorry excuse explaining error occur not fault ea fault user cannot optimize product run powerful computer sell product pc user lucky even get game launch without destroying pc game damn near boiled liquid inside cpu cooler not buy game,Positive,Negative,0.69943106,0.69943106,0.03786024,0.2627087
ea anticheat working perfectly play game cheat,Positive,Positive,0.7830157,0.1807411,0.036243223,0.7830157
game wont open ok ok,Negative,Positive,0.93070996,0.05607784,0.013212181,0.93070996
cant play anti cheattttttttttttttttttt,Neutral,Negative,0.79988647,0.79988647,0.039351266,0.1607622
halland cracked,Neutral,Neutral,0.9816405,0.01150002,0.9816405,0.0068594376
game constant trouble input issue constant since triple game input issue even possible consider ea talking ux input probably team yet starting game detected one input locked wrong one remember game used input selector screen would slide input wanted column yeah ancient system would better modern aaa game implemented want ea tell smoking need get,Negative,Negative,0.7684206,0.7684206,0.03761979,0.1939596
best game world,Positive,Positive,0.99016994,0.0076371296,0.0021928912,0.99016994
played game hour enjoyed playing ultimate team career mode game play feel good compared opinion since dribbling feel smooth new feature extremely well done especially new highlight mode career mode issue cannot make sub take second load section highlight,Positive,Positive,0.8873996,0.093258336,0.01934212,0.8873996
il ike game sooo mush wish smoother like,Positive,Positive,0.9002528,0.08619053,0.013556702,0.9002528
boring game forlan huge one,Positive,Negative,0.5048385,0.5048385,0.082427464,0.41273403
launch,Neutral,Neutral,0.9238844,0.03402831,0.9238844,0.04208726
qqqa,Neutral,Neutral,0.9720357,0.013054964,0.9720357,0.014909259
ki zbi wlah,Neutral,Neutral,0.9978854,0.0008862524,0.9978854,0.0012283655
addikctive week hr,Neutral,Positive,0.38561466,0.23165189,0.3827335,0.38561466
error message simulator,Negative,Negative,0.7275497,0.7275497,0.024031278,0.24841902
playing hour say dont buy game extremely laggy update make impossible play cant play rn latest download destroyed file dont buy game unless like laggy game,Positive,Positive,0.7476519,0.22843824,0.023909865,0.7476519
ea new anti cheat suck,Negative,Negative,0.97189957,0.97189957,0.0051197344,0.022980666
working fine decided stop working tried everything fix wasting hour time not work absolute dog,Negative,Negative,0.6357647,0.6357647,0.06372063,0.3005147
,Neutral,Neutral,0.8198435,0.08540768,0.8198435,0.09474888
,Neutral,Neutral,0.8198435,0.08540768,0.8198435,0.09474888
first game like fun playing co op get people upset lootbox system new player think cool people leaving negative must not job,Negative,Positive,0.8939728,0.09924099,0.006786279,0.8939728
perfect,Positive,Positive,0.84898514,0.06312774,0.08788713,0.84898514
game great use discussion run game properly otherwise gonna face lot issue running,Positive,Positive,0.859772,0.0734329,0.06679507,0.859772
little bit laggy ok game amazing graphic gameplay,Positive,Positive,0.99086154,0.007742294,0.0013961825,0.99086154
like allows cross platform capability make easier find opponent game improves last year edition especially acceleration part bad part still many bug controller stop working midway setting reset every restart etcs not minor major bug unless fan wait stable patch buy,Positive,Positive,0.8880353,0.094347775,0.01761692,0.8880353
fed getting bummed jairzinho mbappe really starting take toll mental health cant deal please nerf would not recommend seriously not worth pain,Positive,Negative,0.9257135,0.9257135,0.00588383,0.068402655
jos,Neutral,Neutral,0.9720357,0.013054964,0.9720357,0.014909259
realistic,Neutral,Neutral,0.9500598,0.015374368,0.9500598,0.034565873
game ini sangat seru,Neutral,Neutral,0.9996972,0.00010680202,0.9996972,0.0001959611
fun play,Positive,Positive,0.9816742,0.016859125,0.0014666236,0.9816742
gvkddsadasdd,Neutral,Neutral,0.9720357,0.013054964,0.9720357,0.014909259
server connection bad many many time disconnect,Neutral,Negative,0.8953687,0.8953687,0.012335717,0.09229558
feel good destroy pay win kid,Positive,Positive,0.9512914,0.04392728,0.004781366,0.9512914
uma bosta,Neutral,Neutral,0.9965061,0.0012963065,0.9965061,0.002197585
pain get game started go lot unnecessary step even get running first time still guarantee run second time,Negative,Negative,0.83291453,0.83291453,0.037682742,0.12940267
cant open,Neutral,Neutral,0.9513577,0.030246621,0.9513577,0.01839571
abre,Neutral,Neutral,0.9030583,0.056419265,0.9030583,0.04052247
fun ig,Positive,Positive,0.9721299,0.02009203,0.007778099,0.9721299
shit product still not working month,Negative,Negative,0.91811395,0.91811395,0.027375307,0.05451076
time played hour say total confidence game biggest waste money time ever invested anything ever note playtime ultimate team played career mode couple pro club match friend playtime ultimate team ultimate team requires either incredibly lucky go purchase buttload point overpriced go buy pack even still lucky get playable card let alone card want problem available every single since dawn ultimate team thing outright buy player want earn game grinding spend hard earned money point spend point gamble pack falsely advertised chance could pull pack even pity system available think every game includes gambling aspect like genshin impact imagine spend thousand dollar get chance getting one card want maybe ea wish might get card imagine every year single year life cycle newest end go spend another newest game since old one stop receiving support oh also spent money current well go fuck since team reset know secret knowledge something everybody know sad person might pour heart soul team get reset level newest previously talking even gameplay imagine better opponent good bit team relatively level unknown reason player playing much better player pass never get cut every shot make go back net defender even try press player player automatically tackle every opportunity get controlled unknown factor pack luck game insane one player could get best available player beginning game till end lifecycle people get dogshit pull year even guaranteed pack ultimate team reward investing time money playerbase allow case ofcourse telling could saying spent much time game however case game highly addictive negatively impact mental health purpose plead whoever thinking buying future trust worth better getting game also game promotes gambling child keep mind,Positive,Positive,0.90301406,0.07479421,0.022191687,0.90301406
worst far,Negative,Negative,0.945066,0.945066,0.0051091537,0.04982489
need free please dont money,Positive,Positive,0.9712696,0.022542022,0.006188342,0.9712696
playing actual match terrible no smart ai defending player not mark not step attack ball stand either way trash game spend not even roster update gameplay worse previous would stay,Negative,Negative,0.9253368,0.9253368,0.0051805605,0.069482654
good game,Positive,Positive,0.9314501,0.050152954,0.018396938,0.9314501
ball go brrr,Neutral,Neutral,0.7161524,0.088181555,0.7161524,0.19566602
fix game ea,Neutral,Neutral,0.95159405,0.026866531,0.95159405,0.021539422
good game play need bit squad like extra team make fun english national league,Positive,Positive,0.9902355,0.009091314,0.00067319436,0.9902355
still play,Negative,Positive,0.76880914,0.1701321,0.061058838,0.76880914
bullshit game got scammed game wont open wasted cent nothing couldve gotten fucking food im starving thanks ea go fuck,Negative,Negative,0.983818,0.983818,0.0007697484,0.015412259
nice good,Positive,Positive,0.9953578,0.004312995,0.00032912675,0.9953578
although like game play thing ruin never launch may launch day row update come launch even uninstalling reinstalling anticheat everything else people online say luckily got game sale cannot imagine frustration people dropped game launch worst part not seem like ea care enough anything since problem since time game launched,Positive,Negative,0.8923413,0.8923413,0.0030550798,0.104603596
crash simulator,Negative,Neutral,0.6212119,0.16006275,0.6212119,0.2187254
fk game,Neutral,Neutral,0.9732372,0.013744582,0.9732372,0.013018198
terrible game terrible stability terrible company avoid not buy not run two day row troubleshoot every time want play shameful company several hour later another update another time game load fix not buy,Negative,Negative,0.9702251,0.9702251,0.0030344916,0.026740408
career mode get stuck whenever try start new career keep selecting create new manager player nothing game unplayable lag lot got gtx th gen unplayable spec,Negative,Negative,0.7479877,0.7479877,0.041320466,0.21069187
no issue high spec pc rtx ti,Negative,Positive,0.5534002,0.31127733,0.13532238,0.5534002
great fun great way shooting penalty free kick,Positive,Positive,0.9996853,0.0002961602,1.8618184e-05,0.9996853
lunch game,Neutral,Neutral,0.9306765,0.039653823,0.9306765,0.029669706
gut,Neutral,Neutral,0.98986065,0.0041304315,0.98986065,0.006008889
definitely see improvement term graphic certainly gameplay movement feel realistic compared previous game overall nice game nice new feature career mode,Positive,Positive,0.99779284,0.0018466793,0.00036053755,0.99779284
buka game sangat susah,Neutral,Neutral,0.9978808,0.0008146923,0.9978808,0.0013045731
ea anticheat,Neutral,Neutral,0.8403675,0.06274936,0.8403675,0.09688311
da baieti recomand acest joc este genial te bate toata lumea dar practice make perfect,Positive,Positive,0.8481172,0.12399181,0.02789097,0.8481172
server shit,Negative,Negative,0.94297725,0.94297725,0.011668898,0.04535381
called soccer,Neutral,Neutral,0.9972256,0.00094512483,0.9972256,0.0018292897
cant even open game anymore say running bought ultimate edition cant even get money back team spent long working horrible experience,Negative,Negative,0.9362473,0.9362473,0.012164426,0.051588364
crossplay club market,Neutral,Positive,0.70563513,0.20633642,0.08802853,0.70563513
ius fun,Positive,Positive,0.9504696,0.034636993,0.014893453,0.9504696
fghfg,Neutral,Neutral,0.9720357,0.013054964,0.9720357,0.014909259
not launch game error anticheat like ea anticheat service encountered error please restart game program file ea ac eaanticheat gameservice exe,Negative,Negative,0.7327789,0.7327789,0.03315237,0.23406877
shit mechanic bug high end pc still laggy wireless controller always dc,Negative,Negative,0.9527098,0.9527098,0.006964147,0.04032608
point fucking embarasing rd year row buy wont fucking launch done want play game open restarts whole pc always need go find solution fuckoff ea,Positive,Positive,0.59729826,0.31599897,0.08670275,0.59729826
dwadaw,Neutral,Neutral,0.9720357,0.013054964,0.9720357,0.014909259
bewry gud,Neutral,Neutral,0.9965172,0.00082009216,0.9965172,0.002662756
noic game,Neutral,Neutral,0.96888953,0.01382131,0.96888953,0.01728908
game not work ea cant fix app gonna pay game not even run,Negative,Negative,0.9007762,0.9007762,0.037084855,0.06213891
waste money,Neutral,Negative,0.76522076,0.76522076,0.05051855,0.18426076
hueta,Neutral,Neutral,0.9720357,0.013054964,0.9720357,0.014909259
awful optimization useless anti cheat laggy menu setting reset launch gameplay used better nothing else market come close deal much recommend,Positive,Negative,0.76714563,0.76714563,0.0068308553,0.22602351
good game better hawe small problem restart window help good imprssions,Positive,Positive,0.997877,0.002029221,9.3737486e-05,0.997877
game great load hardly happens always error rubbish development sort ea,Positive,Negative,0.81881213,0.81881213,0.009524312,0.17166358
kudos person said uninstall anti cheat run game admin right far liitle bro like physic since closer pe style gameplay especially free kick not super close player still feel float like skating pitch menu music match plus hate disables commentary ea make audio available match adding setting music audio played lower volume form hollow reverb sound like music come stadium bummer last title ea release well kinda fault anyway since pay super duper minor fraction earnings game licensing fee future expect game like pe better physic crap licensing,Neutral,Positive,0.97660613,0.020714609,0.002679353,0.97660613
buggy,Neutral,Neutral,0.8237896,0.071635365,0.8237896,0.10457513
great game nice graphic,Positive,Positive,0.9983936,0.0015149978,9.1410555e-05,0.9983936
launch game tried load time,Neutral,Neutral,0.9841538,0.0052055106,0.9841538,0.010640697
ronaldo ronaldo ronaldo ronaldo ronaldo,Neutral,Neutral,0.9294527,0.039051026,0.9294527,0.031496294
nice game enjoy playing not even minimally annoying,Positive,Positive,0.87823725,0.11905525,0.00270752,0.87823725
,Neutral,Neutral,0.8198435,0.08540768,0.8198435,0.09474888
game doesnt launch lol,Negative,Positive,0.84431136,0.106531695,0.049156953,0.84431136
released month prepurchased game well date still unable play game insane created update issue still update still play basically stolen money committed fraud not providing reimbursement purchase thus stealing money buy game,Negative,Negative,0.67773145,0.67773145,0.03938613,0.28288245
hate game start rigged ea worst company world people winning game row reason start making ur player play like crap start losing every game suppose enjoy game people buy game want fair advantage not rigged crap really glad ea losing licence tired making game love rigged crap,Neutral,Negative,0.9668592,0.9668592,0.00043633213,0.032704383
worst fucking anticheat cant play anymore,Negative,Negative,0.9619421,0.9619421,0.002035573,0.036022358
barely playable read decided test luck not get lucky broken af please fix,Positive,Positive,0.61145115,0.34742522,0.04112361,0.61145115
kocha pi no,Positive,Negative,0.8131056,0.8131056,0.058729976,0.12816434
buy,Neutral,Neutral,0.9166008,0.028973715,0.9166008,0.054425504
waste money online game rubbish advise dont waste hard earned money defender pace shambells,Negative,Negative,0.95987314,0.95987314,0.003728943,0.036397975
window heard people issue good game try fixing fun game play,Positive,Positive,0.99423826,0.0051419036,0.0006198192,0.99423826
game play,Negative,Positive,0.7456918,0.20150897,0.052799307,0.7456918
wont even open not recommend,Negative,Negative,0.7999816,0.7999816,0.04281682,0.15720159
defending broke pc player still got mouse issue playing controller game instant steal horrible,Negative,Negative,0.9357458,0.9357458,0.004225607,0.06002866
kylien mbappaaaaaaaaa,Neutral,Neutral,0.9905715,0.0045749354,0.9905715,0.0048536155
gay as game,Negative,Negative,0.8737893,0.8737893,0.029035464,0.0971752
amazing let free,Positive,Positive,0.998417,0.0013757925,0.00020716996,0.998417
make want cry,Negative,Negative,0.7426922,0.7426922,0.011522282,0.24578547
would say volta best game mode,Positive,Positive,0.9805142,0.014278613,0.005207159,0.9805142
even start game,Neutral,Neutral,0.94271797,0.029962597,0.94271797,0.027319418
,Neutral,Neutral,0.8198435,0.08540768,0.8198435,0.09474888
oct,Neutral,Neutral,0.96933055,0.013202577,0.96933055,0.017466819
get refund cant even run game tried running origin ea nothing game wont even open smh,Negative,Negative,0.78120184,0.78120184,0.06559138,0.15320677
keep saying please enable secure boot keep saying thing,Positive,Positive,0.89105886,0.09296358,0.015977519,0.89105886
stupid anticheat make game lag,Negative,Negative,0.9872765,0.9872765,0.00074296916,0.01198053
anti chaeat suck cant play game no fix ea,Negative,Negative,0.96829826,0.96829826,0.0024824238,0.029219251
good game thing game annoy much first game feel sloppy choppy slow even though pc able run good game max graphic second game basically unplayable due fact choppy laggy broke controller already cause aint really paid almost hundred dollar shit not work feel laggy please fix shit hour trying got working give good game feel realistic love graphic mechanic game love new feature everything added overall great game love,Positive,Positive,0.9991937,0.0007462178,6.0076243e-05,0.9991937
,Neutral,Neutral,0.8198435,0.08540768,0.8198435,0.09474888
game bad dont need cost buy ea play play hour everyday hour thats enough no change better,Positive,Negative,0.5498066,0.5498066,0.0112782605,0.43891507
una pinchila el fut champion ya rompi mandos la cague trompadas mi vieja,Positive,Positive,0.65555274,0.09305958,0.2513877,0.65555274
gfgf,Neutral,Neutral,0.9720357,0.013054964,0.9720357,0.014909259
qwqweqwe,Neutral,Neutral,0.9720357,0.013054964,0.9720357,0.014909259
game literally one best football american like call soccer game ever exist game literally fun play train hand eye coordination faster help learn actual game real life recommend play game free time opinion chance get cracked football,Positive,Positive,0.9969618,0.0024002215,0.0006379767,0.9969618
excellent,Positive,Positive,0.9259951,0.041717276,0.03228763,0.9259951
hating as world made buy dollar not,Negative,Negative,0.7900496,0.7900496,0.04214648,0.1678039
rubbish,Neutral,Neutral,0.9272334,0.029220982,0.9272334,0.043545615
shit awful broken ever,Negative,Negative,0.99602675,0.99602675,0.00012743857,0.0038458852
one worst game ever played played match reached elite divison trash game unplayable gameplay one big trash feeling play problem anticheat loadig screen take hour also great ea congratulation making last trash,Positive,Negative,0.594097,0.594097,0.014123246,0.39177975
fun game,Positive,Positive,0.9529934,0.033758637,0.01324801,0.9529934
copy paste nice,Positive,Positive,0.91860914,0.062577315,0.018813586,0.91860914
not launch refund,Neutral,Neutral,0.95272434,0.030726878,0.95272434,0.016548865
poor server,Negative,Negative,0.93641144,0.93641144,0.020747108,0.04284139
playing game month game worst game ea ever made hell supposed play freaking game every time want open game wont load rate game hand still cant open fucking game,Negative,Negative,0.88403004,0.88403004,0.011376691,0.10459325
happy chinese new year thief korea,Positive,Positive,0.5376067,0.4346743,0.027718984,0.5376067
rashford top,Positive,Positive,0.7268628,0.20791258,0.06522463,0.7268628
ea game launcher headache one day work fine day not launch game hustle work game lot issue well come gameplay sometimes clear foul not given sometimes silly tackle get red card game biased player play less ability keeper not save shot,Positive,Positive,0.8496743,0.12726259,0.023063093,0.8496743
ea complete mess play game known bug anti cheat happened lot people bug known month least prevents playing game instead fixing ea make lot lame update addition make install lot ea junk program like origin ea play fooling pc user,Negative,Negative,0.825089,0.825089,0.012150667,0.16276027
game new grass,Neutral,Neutral,0.9364909,0.037492137,0.9364909,0.026016913
packed haaland,Neutral,Neutral,0.96069026,0.01355432,0.96069026,0.02575545
game dificult cool,Positive,Positive,0.9201766,0.06267348,0.017149925,0.9201766
epik,Neutral,Neutral,0.9720357,0.013054964,0.9720357,0.014909259
great work ea anti cheat glitch not letting load half time havent able get load cant reccomend paying product would great actually figured fix game usable playable,Positive,Positive,0.91907007,0.071944974,0.008984894,0.91907007
nice game changed lot exactly game physic player feel heavier ever,Positive,Positive,0.96290314,0.032631762,0.004465096,0.96290314
not,Neutral,Neutral,0.8759116,0.08259656,0.8759116,0.0414918
thing,Neutral,Negative,0.50073504,0.50073504,0.21708079,0.28218415
sdsd,Neutral,Neutral,0.9720357,0.013054964,0.9720357,0.014909259
fdsdsf,Neutral,Neutral,0.9720357,0.013054964,0.9720357,0.014909259
game kontol,Neutral,Neutral,0.9941005,0.001964407,0.9941005,0.0039350237
game load issue stupid anti cheat system waste money play,Negative,Negative,0.9718536,0.9718536,0.0016895273,0.026456853
sa sugeti de pula ba tristilor,Neutral,Neutral,0.99631006,0.0017154546,0.99631006,0.0019745242
yow fix uno thing no wah work good wit ea cut ea fix uno anti cheat no wah start fix,Negative,Negative,0.8881084,0.8881084,0.01862589,0.093265764
definitely,Positive,Positive,0.7775911,0.085529245,0.13687961,0.7775911
game launch although recommended requirement appear task manager second disappeard,Positive,Neutral,0.80066353,0.10887946,0.80066353,0.090456985
understand game like gone free play yearly monthly roster update alter mechanic heralded new innovation buy dollar version problem gaming,Positive,Positive,0.80200475,0.18614085,0.011854455,0.80200475
bad game,Negative,Negative,0.898392,0.898392,0.024206897,0.077401176
negative game fucking good lmao people skill issue,Positive,Negative,0.71065587,0.71065587,0.013106257,0.2762379
really enjoying game wiped career save,Positive,Positive,0.8764729,0.091336854,0.032190263,0.8764729
crud different year,Neutral,Neutral,0.9968863,0.0011572301,0.9968863,0.0019564163
cannt even loginn,Neutral,Neutral,0.93765056,0.04286522,0.93765056,0.019484302
yessir,Neutral,Neutral,0.9720357,0.013054964,0.9720357,0.014909259
hell ye bro,Negative,Negative,0.7922609,0.7922609,0.12111865,0.086620525
fuck ea,Negative,Negative,0.9242132,0.9242132,0.018207803,0.05757898
around fps game laggy slow,Neutral,Neutral,0.9648117,0.023438286,0.9648117,0.011750096
neeto,Neutral,Neutral,0.9720357,0.013054964,0.9720357,0.014909259
ea please fix game full unplayable bug glitch get menu always crash try play type game mode game need fixed,Positive,Positive,0.7675497,0.18686879,0.045581516,0.7675497
ni game asik banget apalagi bisa mabar di pro club,Neutral,Neutral,0.9819249,0.010615621,0.9819249,0.0074594333
prety good volta mych better,Positive,Positive,0.9961894,0.003290869,0.00051981886,0.9961894
fu ea,Negative,Negative,0.69539404,0.69539404,0.16425502,0.1403509
spend money game dlc contain ea quality control department like nintendo ensure game complete,Positive,Positive,0.92948073,0.04647144,0.024047868,0.92948073
okay game fun dont lose,Positive,Positive,0.79743874,0.19856705,0.003994229,0.79743874
oh boy getting back main wonder ill play,Negative,Negative,0.71901053,0.71901053,0.040010527,0.24097891
look worse also run fps aswell,Negative,Negative,0.954867,0.954867,0.008179748,0.036953185
veramente messo male come ottimizzazione troppo lento il men della modalit fut,Neutral,Negative,0.52245855,0.52245855,0.2277142,0.24982724
great game always unfortunately sad last ea sport little bug not serious definitely recommend,Positive,Positive,0.9053441,0.09198822,0.0026677488,0.9053441
beautiful,Positive,Positive,0.87650806,0.06144503,0.062046953,0.87650806
gd,Neutral,Neutral,0.9720357,0.013054964,0.9720357,0.014909259
great game,Positive,Positive,0.9855278,0.011807299,0.0026649057,0.9855278
,Neutral,Neutral,0.8198435,0.08540768,0.8198435,0.09474888
looking play fun want spend money fine move division rival face player stacked squad higher ranking,Positive,Positive,0.98254573,0.014593741,0.0028604784,0.98254573
not get free game amazing person playing since asked better,Positive,Positive,0.99622005,0.0033632254,0.00041670434,0.99622005
game crash try open pack already regret purchase,Negative,Negative,0.87571144,0.87571144,0.033542965,0.09074564
easm fck mthrfckly,Neutral,Neutral,0.7976458,0.055594068,0.7976458,0.1467601
controller throwing simulater,Neutral,Neutral,0.9279148,0.048998907,0.9279148,0.023086289
yoyoyo,Neutral,Neutral,0.9720357,0.013054964,0.9720357,0.014909259
good game volta squad matchmaking take piss need cross play like gamemodes,Positive,Positive,0.98855853,0.010453475,0.000988066,0.98855853
see ea blessed ya boy key asked stupendous writing woo big follower count curator hour perhaps moustache yeah probably stache pretty magnificent start game finally come equipped anti cheat also kernel level anti cheat aware debate surrounding type software no issue happy share homework folder anyone hacker not besides needing install anti cheat software manually say bug bee optimization running ryzen paired rtx gb ram nicely displayed glorious ultrawide monitor everything maxed peachy last dance first let talk gameplay meta shift short fast agile lean player lengthy lengthy mean well new style sprinting determines kind running animation player also explosive controlled nobody care want lengthy no use lying yet select meet requirement high strength low agility finally player lewandowski van dijk kane fabinho casemiro etc usable seems ea liked joke run like third leg much decided make gameplay feature oh boy lengthy men fast need couple second gain momentum tho still pretty poor tight space not stupidly overpowered like previous meta ying yang boy ying yang like made slower defender pace usable pacey attacker pace something ratty pace merchant would try abuse time time turntable also get new type shot power shot finally smash ball hard possible require manual aiming not easy regular shot please ea begging not make aiming semi assisted future leave risk reward intact another area received love set piece taking giving u control hit ball previously using keyboard could aim without reticle spazzing like crazy simple line showing ball go indicator type shot take feel almost pe like however not fan not able zoom corner free kick like previous entry make set piece local co op way harder execute hope bring option back new stuff besides abundance new animation courtesy hypermotion continued refinement player movement physic little left say perhaps nerfing outside foot shot played game people nothing spam shot type overpowered mode game offer look gonna make quick painless non ultimate team player yet almost nothing changed pro club still pvp time volta feel like cheap street populated selfish player season pvp real life club nation really much improve career mode receive new stuff using real life manager interactive player career latter fun action pitch pushing towards one three personality giving different attribute boost call manager mother hamster buy high end mattress choice way time see gambling simulator addict get year ultimate team fut short better way start segment controversial take lord forgive word say fut live service done right ala no not joking fut perfect example model done right receives healthy stream content throughout year special card daily sbcs weekly objective multiple season season pass grind player card objective always incentivized come back unlike heavy pay win pre era non paying customer good team completely viable game rewarding simply playing year see tectonic change chemistry system boy likey loyalty iconic green yellow red string penalty low chemistry like fart wind gone instead three square fill player stats not getting crucified due low team player chemistry possible magic probably best not dwell instead focus fill square like player gain chemistry nationality league club link need worry slotting player god given position give receive chemistry already love change chemistry system old felt restrictive punishing trying creative reach certain chemistry threshold thankfully no longer case ea spank trying use unique team another new addition secondary position player assign using position modifier said player also get stuff fut moment lie pretty dull thrust specific match scenario tasked completing objective pas ball time score goal concede etc needing accomplished within given timeframe not creative nor interesting ask much player playing football match completing objective net star mode currency spent shop pack squad building challenge build squad submit earn pack player still best part fut like puzzle unique requirement player one nation no league squad rating etc must solve rest well division rival fut champ two main pvp mode see duke player see sweaty immature squad battle would literally give ea money remove reward not great asked play game week earn least point per match world class higher difficulty reach elite usually cut number talk draft ok pvp offline version think time change entry fee crappy reward ea make free allow people enjoy one best aspect fut making fun squad using unique player yeah pretty much innit ea closing book franchise parting way international governing body football truly end era dead long live ea sport fc quote enjoy come read wisdom url sv prolivije url,Positive,Negative,0.5606836,0.5606836,0.060363494,0.37895298
constantly crashing month release get started amazing release pc spec fine buggy asf would nice play full length game,Positive,Positive,0.9928491,0.004874344,0.002276576,0.9928491
absolutely trash bought check world cup mode sucked ea pathetic shameless releasing sh everywhere high price,Negative,Negative,0.72610575,0.72610575,0.08723516,0.18665908
people loading crash issue following go steamlibrary steamapps common installer eaanticheat double click eaanticheater installer uninstall install steamlibrary steamapps common installer vc folder select go redist folder one window double click vcredistx make sure uninstalled install vcredistx instead make sure install latest window update latest version gpu driver fixed personal opinion not worth skip possible lot problem control issue game almost no improvement would ask refund since ea let refund ultimate edition activated not going whine suck loss refund late get sale higher,Negative,Negative,0.7936704,0.7936704,0.029948885,0.17638074
game dont even launch downloading useless stuff ea,Negative,Negative,0.823496,0.823496,0.04769348,0.12881058
piece shit lot bug game biggest one turn game pc freeze restart self happens game,Negative,Negative,0.8588317,0.8588317,0.021479541,0.11968871
good game expensive,Positive,Positive,0.94151694,0.03628983,0.022193223,0.94151694
make mistake every year,Positive,Negative,0.85763216,0.85763216,0.051873907,0.09049394
good game xd,Positive,Positive,0.9936233,0.005502049,0.000874629,0.9936233
chinese new year ea,Neutral,Neutral,0.9875315,0.006161823,0.9875315,0.0063066776
init,Neutral,Neutral,0.9332636,0.037144937,0.9332636,0.02959143
better rust,Positive,Positive,0.9451396,0.034002393,0.020858064,0.9451396
great recreation football irl,Positive,Positive,0.9918646,0.006697244,0.0014381323,0.9918646
actually fun highly recommend,Positive,Positive,0.9468302,0.050623488,0.0025462357,0.9468302
shit hour later still shit,Negative,Negative,0.9865748,0.9865748,0.001225687,0.012199476
not make trail week ea,Neutral,Negative,0.7281747,0.7281747,0.12933494,0.1424904
ojikw ur,Neutral,Neutral,0.96118045,0.016488314,0.96118045,0.022331238
controller problem,Negative,Negative,0.8941059,0.8941059,0.024133772,0.08176033
download free trial pm game wont launch pm uninstall game pm,Positive,Positive,0.95015913,0.039811835,0.010029032,0.95015913
hej,Neutral,Neutral,0.9720357,0.013054964,0.9720357,0.014909259
good old,Positive,Positive,0.9470152,0.03183326,0.021151563,0.9470152
game buggy crap,Negative,Negative,0.8138401,0.8138401,0.0611635,0.12499642
heavy,Neutral,Neutral,0.7235618,0.16694243,0.7235618,0.109495744
played couple hour no problem began act close restart app pray see anti cheat screen pop far nothing please fix give money back,Negative,Positive,0.5310961,0.44239026,0.026513677,0.5310961
every update break game point wont launch,Neutral,Neutral,0.9931463,0.0032848923,0.9931463,0.0035687857
got fix anti cheat problem launch game even though say played xx hour lsh no matter try problem no problem no problem madden game nba etc forget mon ea,Negative,Negative,0.9466455,0.9466455,0.0044471934,0.048907336
lan deli ettiniz lm yor oyun sizin yapaca oyuna acil ye g kadrosunu ncelleme gelmesi laz mertens toreira relim faceiti sildim oyun ld c mi sorusuna sonuna kadar c yallah ne,Neutral,Neutral,0.46309435,0.41336688,0.46309435,0.12353873
waste money time,Negative,Negative,0.78257793,0.78257793,0.044007983,0.1734141
year old father probably one oldest people playing game single father son son recently downloaded less week already played hour terrible already hard enough spend time son always friend watching video tiktok decided make account get game see could maybe play alongside loaded game tutorial stuck supposed asked son help hosted game join loved best time spent son since wife died game ever since brought son closer actually spend time together outside house well game reminded fun everything brought son many happy memory,Positive,Positive,0.99322176,0.005260237,0.0015180532,0.99322176
ea include nhub premium account game user touch themself waiting anticheat fixed,Neutral,Negative,0.7972077,0.7972077,0.051210526,0.15158173
utterly broken current form people often moan first year found game completely unplayable surprised given ea long history pushing buggy product new level incompetence,Negative,Negative,0.8535589,0.8535589,0.011733882,0.13470718
nice not bad,Positive,Negative,0.77401733,0.77401733,0.006715934,0.21926668
allowing people explore new way handle anger,Negative,Negative,0.9566181,0.9566181,0.0049828803,0.03839902
trash game spent money like dumbass wont even start ea stop producing shit like not literally unplayable even could play bad game bug cant even play right controller trash server code suprises trash game not even thousand worker ea make decent game daily ea,Negative,Negative,0.8862528,0.8862528,0.015987685,0.09775949
luu,Neutral,Neutral,0.9720357,0.013054964,0.9720357,0.014909259
oyun guzel zaman ki kalitesinde fakat ara sahneler hypermotion gibi ingame olmayan kisimlarda fps yerlerde gercekten guzel bir hotfix sart onun disinda indirimdeyken alinip yuzlerce saat oynanabilir,Neutral,Negative,0.7085377,0.7085377,0.12188973,0.16957262
cross play big lie cant play friend rival pro club play friendly game againts friend,Positive,Positive,0.9944243,0.004733855,0.00084186235,0.9944243
wont load,Neutral,Neutral,0.98783755,0.005846995,0.98783755,0.0063154763
game aid,Neutral,Neutral,0.95423096,0.0072680097,0.95423096,0.038501102
issue not solve yet still error anti cheat,Negative,Negative,0.9522167,0.9522167,0.0053720316,0.042411324
nothing like setting standard low failing achieve,Negative,Negative,0.8580448,0.8580448,0.0058930186,0.13606218
game randomly not want start not understand ea get sell broken product,Negative,Negative,0.88385594,0.88385594,0.029382959,0.086761095
not able play match game load fine help play without crash,Positive,Positive,0.9595075,0.03771555,0.0027768959,0.9595075
better,Positive,Positive,0.952345,0.028355421,0.019299623,0.952345
unoptimized game gameplay not bad,Positive,Negative,0.93269217,0.93269217,0.016564945,0.050742824
fuck anticheat bad optimization,Negative,Negative,0.97903615,0.97903615,0.0008470871,0.020116748
constant bug anticheat software want play making difficult start game,Negative,Negative,0.8592537,0.8592537,0.006406643,0.1343396
get brain damage game,Negative,Negative,0.8333651,0.8333651,0.050261483,0.11637349
araaaaaa,Neutral,Neutral,0.9720357,0.013054964,0.9720357,0.014909259
yes ea franchinse long tooth still hand best football game year,Positive,Positive,0.9958312,0.003186123,0.0009826419,0.9958312
anti cheat reinstalled constantly count taking minute starting actually playing game unable start offline mode even though downloaded onto device frustration every single time try start game lost hope ea game working cpu update going help desk ea able fix problem minute walking issue work still beyond expected company like ea,Neutral,Negative,0.5680589,0.5680589,0.038805127,0.39313596
cant open game ea anticheat,Neutral,Neutral,0.887648,0.06831138,0.887648,0.044040684
ea link play lock game regular basis benefit ultimate team player career mode unbelievably frustrating no access game payed installed hour change nothing improve experience,Negative,Negative,0.49048558,0.49048558,0.086073376,0.42344105
,Neutral,Neutral,0.8198435,0.08540768,0.8198435,0.09474888
pc isnt optimized like every game origin manages provide bad service classic origin stuff,Negative,Positive,0.59461224,0.37415263,0.031235129,0.59461224
aaa,Neutral,Neutral,0.78710747,0.1190034,0.78710747,0.09388914
minute playtime still able play yet,Positive,Positive,0.9023881,0.05681758,0.040794235,0.9023881
love man spending hour get mugged mbappe,Positive,Positive,0.8962563,0.051963106,0.051780563,0.8962563
raja machi lwydad wydad wlad lqhab thank,Positive,Positive,0.8799247,0.073094755,0.046980582,0.8799247
rage,Neutral,Negative,0.7508773,0.7508773,0.1283346,0.12078803
anticheat doesnt let open game cant open game cant cheat game buy next year,Positive,Negative,0.7317363,0.7317363,0.15253976,0.11572395
footie,Neutral,Neutral,0.9720357,0.013054964,0.9720357,0.014909259
really shoddy game round game win next game lose similar regardless team one playing game feel lacklustre weird whilst ball,Positive,Positive,0.7835151,0.18184505,0.03463982,0.7835151
shit game,Negative,Negative,0.9479616,0.9479616,0.009790499,0.042247955
ay,Neutral,Neutral,0.82712454,0.08628391,0.82712454,0.08659147
still cannot play ea anti cheat garbage game failed launch please try launching game,Negative,Negative,0.61693,0.61693,0.033612642,0.3494573
wanted try free weekend spending hour fighting secure boot origin ea anti cheat reinstalling verifying still could not get run glad buy game,Positive,Positive,0.9892001,0.0071398914,0.0036599184,0.9892001
broken cannot launch two hour play apparent limit not getting refund,Negative,Negative,0.8869649,0.8869649,0.028429214,0.08460581
unplayable game year,Neutral,Neutral,0.982722,0.008086765,0.982722,0.009191259
stupid game ea fix sooner cause wait,Negative,Negative,0.89001757,0.89001757,0.042432107,0.067550234
garbage game garbage company spend much work monetizing game still cant put product work,Neutral,Neutral,0.90019786,0.03271593,0.90019786,0.06708625
,Neutral,Neutral,0.8198435,0.08540768,0.8198435,0.09474888
dis game fun hard good team ultimate team,Positive,Positive,0.86994886,0.12357917,0.006471943,0.86994886
no brazil kick mode many popular player face pure shit not buying year,Negative,Negative,0.96952194,0.96952194,0.005553531,0.024924587
game not start uninstalled installed game time ea suck cant even get game open wont give refund either b,Negative,Negative,0.6777918,0.6777918,0.17741127,0.14479695
hot dogwater game literally unistall anticheat time game maybe open ridiculous,Negative,Positive,0.58934414,0.29672164,0.11393419,0.58934414
never issue launching game know people complaining issue not able fucking point wallet,Negative,Negative,0.7061561,0.7061561,0.116746634,0.17709726
game restricted no reason career mode player level cap limit player skill simply cannot improve player rating reaching max level hit became boring took retirement became manager manager forced retire season simply cannot continue plus started career player played season becoming manager season left play forced retire thirty literally spent time made game worse coding implementing restriction gj buy huge discount,Negative,Negative,0.9463419,0.9463419,0.0042859926,0.049372185
save hairline play minecraft,Positive,Positive,0.79970235,0.1828457,0.017451944,0.79970235
good game not seen bug playing,Positive,Positive,0.8948139,0.09372045,0.01146561,0.8948139
ea cant make game run smoothly cant even launch,Neutral,Negative,0.7745448,0.7745448,0.14745979,0.07799543
bug problem load game take minute load,Negative,Negative,0.68546885,0.68546885,0.18437195,0.13015923
good graphic,Positive,Positive,0.9465221,0.042225398,0.011252488,0.9465221
really looking forward playing next gen engine run really really bad pc every game painful play navigating menu take forever especially fut feel clunky fps stable high input lag common lose control final third list go tried many workarounds like combination different graphic setting nvidia control panel game hopeless spec issue rig able play no issue ran previous pe game no problem something wrong pc even various patch,Negative,Negative,0.789803,0.789803,0.014689983,0.19550702
,Neutral,Neutral,0.8198435,0.08540768,0.8198435,0.09474888
gay,Neutral,Neutral,0.9190733,0.032700468,0.9190733,0.04822626
ea broken anti cheat make pretty much unplayable pc,Negative,Negative,0.8396682,0.8396682,0.015369008,0.14496279
ii de cacat,Neutral,Neutral,0.99373674,0.0025361911,0.99373674,0.0037270868
urge enough stay away game bought game discount looking forward playing completely disappointed refused launch launched ran fine first day started running countless error ea anti cheat even get game looked online tried several method none seemed work eventually though tried running origin admin starting served temporary fix day later work anymore nowadays manage get launch crash within minute making completely pointless sometimes crash soon window pop not even giving chance get match frustrating ea seem care serious problem even considering purchasing game advise hold money either buy game wait ea fix bug make game playable,Negative,Negative,0.79512626,0.79512626,0.029015606,0.17585813
uhhhhhhhhhhhhhhhhhhhhhhhhhhhhh,Neutral,Neutral,0.9720357,0.013054964,0.9720357,0.014909259
game assssssssss ea please stop making game,Neutral,Negative,0.5895866,0.5895866,0.009547933,0.40086538
fun god game,Positive,Positive,0.99238867,0.00627435,0.0013369768,0.99238867
mantep,Neutral,Neutral,0.9720357,0.013054964,0.9720357,0.014909259
always crushing force close even starting first match,Negative,Negative,0.5169866,0.5169866,0.31489277,0.16812065
game joke bug game make game lame unplayable overall suck game not worth price tag,Negative,Negative,0.6194533,0.6194533,0.022150105,0.35839662
take away ur sanity,Neutral,Neutral,0.4876564,0.20104444,0.4876564,0.31129918
game crash start even every fix get application launch,Negative,Neutral,0.8840896,0.085772276,0.8840896,0.030138098
best fucking game ever good im forced buy time p also wished refund money cover cost noooooo whatever reason gave bullshit hope release game payable day get fucked onwards like shit as fuck,Negative,Negative,0.96062213,0.96062213,0.00020889271,0.039168984
good game like football want get football fun especially playing friend play normally im not good football real life lol,Positive,Positive,0.9991227,0.00080695143,7.038217e-05,0.9991227
bad game lot hacker,Negative,Negative,0.9238254,0.9238254,0.018894356,0.057280254
fucking shit game ea balanced suport fucking stupid as shit game tolol anjing game tolol anjinggame tolol anjinggame tolol anjinggame tolol anjinggame tolol anjinggame tolol anjinggame tolol anjinggame tolol anjinggame tolol anjinggame tolol anjinggame tolol anjinggame tolol anjinggame tolol anjinggame tolol anjinggame tolol anjinggame tolol anjinggame tolol anjinggame tolol anjinggame tolol anjinggame tolol anjinggame tolol anjinggame tolol anjinggame tolol anjinggame tolol anjinggame tolol anjinggame tolol anjinggame tolol anjinggame tolol anjinggame tolol anjinggame tolol anjinggame tolol anjinggame tolol anjinggame tolol anjinggame tolol anjinggame tolol anjinggame tolol anjinggame tolol anjinggame tolol anjinggame tolol anjinggame tolol anjinggame tolol anjinggame tolol anjinggame tolol anjinggame tolol anjinggame tolol anjinggame tolol anjinggame tolol anjinggame tolol anjinggame tolol anjinggame tolol anjinggame tolol anjinggame tolol anjinggame tolol anjinggame tolol anjinggame tolol anjinggame tolol anjinggame tolol anjinggame tolol anjinggame tolol anjinggame tolol anjinggame tolol anjinggame tolol anjinggame tolol anjinggame tolol anjinggame tolol anjinggame tolol anjinggame tolol anjinggame tolol anjinggame tolol anjinggame tolol anjinggame tolol anjinggame tolol anjinggame tolol anjinggame tolol anjinggame tolol anjinggame tolol anjinggame tolol anjinggame tolol anjinggame tolol anjinggame tolol anjinggame tolol anjing,Negative,Negative,0.97697806,0.97697806,0.0024792796,0.020542625
alot error not worth price ea form worst company dont care customer fan put game newer version high price try download doesnt work,Negative,Negative,0.9007458,0.9007458,0.012076529,0.08717771
good like om bagus,Positive,Positive,0.9752618,0.021132756,0.0036054829,0.9752618
game fucking horrible even launch removed client computer followed guide etc,Negative,Negative,0.85967577,0.85967577,0.025104677,0.11521955
funny,Positive,Positive,0.79202384,0.110031016,0.09794512,0.79202384
trash,Neutral,Neutral,0.95814013,0.016366702,0.95814013,0.025493177
update fine,Positive,Positive,0.9093031,0.061038986,0.02965784,0.9093031
keep opening pack god keep opening pack god keep opening pack god keep opening pack god keep opening pack god keep opening pack god keep opening pack god keep opening pack god keep opening pack god keep opening pack god keep opening pack god keep opening pack god keep opening pack god keep opening pack god keep opening pack god,Positive,Positive,0.9918418,0.005853815,0.002304464,0.9918418
first downloaded game saying running put really searched online found solution delete eaantichet start game worked downloaded eaanticheat launched one week sayed running deleted eaanticheat not even saying running not person problem lot people problem,Negative,Negative,0.897296,0.897296,0.004157358,0.09854663
game great fun play game launch faulty show running task manager process although nothing running monitor able play game hour troubleshooting help online forum looking help unfortunately not quite good processing purchase taking money matter second requested refund game however automated email reply stated spent many hour game exceeded hour refund policy counting time ea app process running background game play time mind barely played game hour crashed course still would appear running background meticulous scam resolve would strongly suggest considering left game thinking making purchase,Positive,Positive,0.97042626,0.027191795,0.0023819802,0.97042626
love career mode,Positive,Positive,0.97591066,0.016937058,0.007152318,0.97591066
addictive game,Neutral,Neutral,0.9804598,0.0059388066,0.9804598,0.013601377
would like put disclaimer positive played since better played favourite however issue enable secure boot bios strange motherboard took hour figure turn may simpler motherbaords gotta love gigabyte aorus trouble ea anticheat origin another hour every time opened pack would cause error game crashed mean everytime edit work around skip animation gold item soon start play avoid crash plus side found player general soccer intuitive seems smoother one played ui could use work get hang definitely not intuitive example open pack swap player fut reason give positive currently enjoying otherwise issue far great use late early term plug play farthest thing,Positive,Positive,0.99439186,0.005014399,0.0005937674,0.99439186
horrid game bug everywhere,Negative,Neutral,0.9844993,0.007514093,0.9844993,0.007986675
pessi,Neutral,Neutral,0.9502295,0.016518088,0.9502295,0.033252377
favor never buy game play ultimate team ruin life end spending life saving point get chance getting goat rip wallet wish never got ultimate team,Positive,Negative,0.6282278,0.6282278,0.03980829,0.3319639
best game ever lolxd,Positive,Positive,0.98955756,0.008080774,0.0023616743,0.98955756
career mode fan recommend playing moment unplayable match rating bullshit scoring hat trick not give rating especially player career mode hard achieve player rating objective make mode unplayable hype not entirely disappointed graphic amazing hand not fut player,Positive,Negative,0.50651145,0.50651145,0.03505067,0.45843786
ok,Positive,Positive,0.8332216,0.1046668,0.062111508,0.8332216
ea apps bullshit also game bugged,Negative,Negative,0.89456433,0.89456433,0.018564671,0.086871006
,Neutral,Neutral,0.8198435,0.08540768,0.8198435,0.09474888
pro club best gamemode ever,Neutral,Positive,0.9808704,0.015106641,0.0040229587,0.9808704
volta brought back street day good ol day,Positive,Positive,0.8949336,0.077765,0.027301343,0.8949336
great game,Positive,Positive,0.9855278,0.011807299,0.0026649057,0.9855278
game month still need workarounds order launch ck ea would rather burn euro,Neutral,Neutral,0.89354694,0.05229596,0.89354694,0.05415712
trash game cant even optimize using controller kept issue game would infinitely scroll main menu tried using xbox bluetooth controller fuck play using keyboard,Negative,Negative,0.78321457,0.78321457,0.016968898,0.19981652
actual gameplay evolution innovation pretty good make shame many bug bug still present beta ea shown year year not give rat career mode fix cash cow fut almost instantly career mode time time get left wayside control setting save text error sharpness every game despite game scout providing player country scout not really really poorly executed oh raised price,Positive,Negative,0.5644656,0.5644656,0.041761886,0.39377254
shit game cant even pas without intercepted every single time full power pass dont go anywhere low powered pass go mile away goal kick dont go wont trivella shot go every time opponent dont even shoot power shot go corner flag dead game dont reccomend,Negative,Negative,0.9872415,0.9872415,0.0011157801,0.011642641
audience beginner casual gamer normal gamer expert graphic bad alright good beautiful fantastic music bad alright good beautiful fantastic difficulty easy average easy learn hard master hard unfair bug bug destroy game lot bug bug use speedrun nothing encountered story none bad alright good fantastic price quality full price wait sale buy refund,Positive,Positive,0.9849474,0.010232074,0.004820513,0.9849474
pre order didnt work good job,Negative,Positive,0.8978542,0.06875506,0.033390783,0.8978542
bullshit always,Negative,Negative,0.92426157,0.92426157,0.022443326,0.053295154
yep,Positive,Neutral,0.73278064,0.08995466,0.73278064,0.17726474
game represents effort put overcoming technical glitch including go far enable different bios setting allow required anti cheat run fact put horribly inefficient anti cheat no interest playing online reason enough avoid thing set difficulty within game either feature every soccer game going back like ea actually regressing basic game functionality game constantly reset thinking first time playing think annoying another screen click set every single time boot additional cut scene movie click else game navigation ea losing right better thing soccer video game fan around world regret giving ea money game,Negative,Negative,0.70974463,0.70974463,0.071051456,0.21920392
not working,Neutral,Neutral,0.97801185,0.012418263,0.97801185,0.009569894
anti cheat let play game laggy please fix,Positive,Negative,0.72830087,0.72830087,0.016751591,0.2549475
even launch half time ultimate reward otw pack nowhere seen really ea last partnership,Positive,Positive,0.58011967,0.35216454,0.06771577,0.58011967
yo father probably one oldest people playing game single father son son got game christmas uncle installed computer started playing end week hour game horrible already hard find way spend time son always friend watching youtube decided make account get game see could maybe play alongside loaded game started playing stuck supposed asked son help hosted game join loved best time spent son since wife died game ever since brought son closer actually spend time together outside house together well game reminded fun everything brought son many happy memory,Positive,Positive,0.9952254,0.0038715384,0.000902919,0.9952254
know bought game even though know going awful hey ea proved wrong even worse could possibly imagine gameplay choppy af let use control ultimate team worst part game guess ea not give shit pc player community well go money drain,Negative,Negative,0.9341927,0.9341927,0.0075751953,0.05823205
enjoy game,Positive,Positive,0.9047049,0.059514746,0.035780247,0.9047049
game failed launch please fix trash anticheat ea,Negative,Positive,0.69113445,0.2443534,0.06451215,0.69113445
horrible game ever,Negative,Negative,0.9321697,0.9321697,0.010397681,0.057432648
lack packet fps drop stupid engine,Negative,Negative,0.9177683,0.9177683,0.0029001425,0.079331525
hehe,Neutral,Neutral,0.7587199,0.05467033,0.7587199,0.18660976
nigga,Negative,Neutral,0.9816782,0.008105347,0.9816782,0.010216408
pathetic scripted game edit post game doesnt even launch ea aware issue happening random pc player since october yet chose nothing already money dont intend providing refund respectfull ea scum,Negative,Negative,0.9135311,0.9135311,0.018600248,0.06786869
far worst ever game not single improvement money grab not buy,Negative,Negative,0.81377417,0.81377417,0.017110374,0.16911545
made break controller mental stability cool game would recommend,Positive,Positive,0.7985901,0.19127871,0.010131127,0.7985901
underwhelming,Neutral,Neutral,0.95316803,0.018680656,0.95316803,0.028151251
read tread discussion forum stuck loading screen hour tired trying fix game worst ever ea need refund,Negative,Negative,0.95641065,0.95641065,0.0032095478,0.040379766
game got potential improvement noticed hella fun wish better optimised well pc u afford purchase game not upgrade high end pc next gen era arrived developer bare u still enjoyable low setting although fps drop poorly intro cut scene,Positive,Positive,0.828078,0.16385463,0.008067345,0.828078
game not start tried many fix end nothing waste time,Negative,Negative,0.8885395,0.8885395,0.0255514,0.08590916
language not english dificult please helpme change text language,Neutral,Negative,0.68747205,0.68747205,0.08131208,0.23121585
like bug every,Positive,Positive,0.78087425,0.16287586,0.056249846,0.78087425
game crash every time open pack ultimate team,Neutral,Negative,0.6782776,0.6782776,0.17207162,0.14965074
no game force go bios enable secure boot play fuck ea anticheat also setting dont even save every match go readjust,Negative,Negative,0.91266084,0.91266084,0.008583594,0.078755535
best version far,Positive,Positive,0.9930729,0.0055008815,0.001426113,0.9930729
game not even work chug like hell main menu fps crash pc gb ram amd ryzen core processor cannot even get main menu game trash,Negative,Negative,0.87872374,0.87872374,0.019580403,0.10169591
endless crash not worth even trying open game one saving grace got try starting free weekend rather waste money buying absolute crud ea not able even play game spent minute trying start gave check reddit similar issue,Positive,Positive,0.6748148,0.27399045,0.051194757,0.6748148
good game newcomer buggy,Positive,Positive,0.93739873,0.044898767,0.017702417,0.93739873
good enough,Positive,Positive,0.923263,0.06294152,0.013795452,0.923263
awful anti cheat system fair enough issue fixed although annoying however controller scrolling issue unbearable make completing sbc navigating moment whole menu system unusable,Negative,Negative,0.9088105,0.9088105,0.011106037,0.08008347
good enough bad,Negative,Negative,0.67768997,0.67768997,0.0062046736,0.3161053
major doo doo hot garbage game keep playing though unfortunately yes,Positive,Positive,0.94487023,0.019985085,0.035144676,0.94487023
need help not launching dooo,Positive,Positive,0.6852291,0.18964413,0.12512678,0.6852291
make boner,Neutral,Neutral,0.8809152,0.06538101,0.8809152,0.053703707
make no sense playing manager career mode decent solid team league winning league finishing half objective not getting round fa cup remind using league team sacked tried many method avoid getting fired still result disappointed,Negative,Negative,0.8600435,0.8600435,0.006783025,0.13317345
stupid game even want start already running,Negative,Negative,0.95184684,0.95184684,0.0063982937,0.041754838
made fight cousin game recommend want mess family,Negative,Negative,0.8586552,0.8586552,0.0033817182,0.13796301
game ruining life,Negative,Negative,0.55786276,0.55786276,0.34212422,0.10001303
good gam,Positive,Positive,0.91701865,0.061578017,0.021403281,0.91701865
great,Positive,Positive,0.98601264,0.01149851,0.0024888637,0.98601264
download ea play trial even purchased whole game,Positive,Positive,0.69983333,0.24613214,0.054034576,0.69983333
refund,Neutral,Neutral,0.90922636,0.04219531,0.90922636,0.048578367
chill,Neutral,Neutral,0.9528374,0.01662235,0.9528374,0.030540237
many issue bug not able play day software issue suck,Negative,Negative,0.8836119,0.8836119,0.012741223,0.103646874
jh,Neutral,Neutral,0.9720357,0.013054964,0.9720357,0.014909259
crash like muthafucka,Positive,Positive,0.6977949,0.26367983,0.038525265,0.6977949
ol,Neutral,Neutral,0.94015896,0.025387544,0.94015896,0.03445343
said hour trial able continue playing buy game,Positive,Positive,0.916046,0.060759936,0.023193961,0.916046
crash want slap thier mother,Positive,Negative,0.86126834,0.86126834,0.01249105,0.12624055
decent game matchmaking sometimes doesnt go well skill level opponent faced otherwise gaame generous nad fun play,Positive,Positive,0.69330436,0.28942934,0.017266301,0.69330436
best game,Positive,Positive,0.98675436,0.009997923,0.0032477726,0.98675436
issue release day affecting many causing game not load properly released update fix broke game game load standard ea,Negative,Negative,0.74094087,0.74094087,0.09864052,0.16041861
mechanic previous fifas finally introduced hypermotion next gen graphic cutscenes game also reworked career mode fut also fun lucky grind alot issue several bug bug dont affect gameplay one bug particular ruin experience time something new tried previous fifas,Positive,Positive,0.89754766,0.09160808,0.010844296,0.89754766
game fricking fun,Positive,Positive,0.8615684,0.11888624,0.01954538,0.8615684
tbsp vegetable oil butter onion roughly chopped tbsp chicken tikka masala paste use shop bought make see recipe red pepper deseeded cut chunk boneless skinless chicken breast cut cm cube can chopped tomato tbsp tomato pur tbsp mango chutney ml double cream ml natural yogurt chopped coriander leaf serve step heat vegetable oil butter large lidded casserole hob add onion pinch salt cook min soft golden step add tikka masala paste pepper cook min cook rawness spice step add chicken breast stir well coat paste cook min tip chopped tomato tomato pur ml water cover lid gently simmer min stirring occasionally chicken cooked step remove lid stir mango chutney double cream natural yogurt gently warm season set aside whatever want freeze keep airtight container freezer three month scatter rest coriander leaf serve basmati rice naan bread,Positive,Positive,0.5475006,0.4290227,0.023476752,0.5475006
good game need good pc,Positive,Positive,0.99149597,0.007478553,0.0010254381,0.99149597
fu,Negative,Negative,0.6871405,0.6871405,0.15845707,0.15440245
love game love wasting hour life stupid game,Positive,Positive,0.87200844,0.1258769,0.0021146329,0.87200844
hate game give ronaldo suiiiiiiiii,Negative,Negative,0.8959771,0.8959771,0.033152446,0.07087046
jj,Positive,Neutral,0.9720357,0.013054964,0.9720357,0.014909259
unplayable no directx option super laggy,Positive,Positive,0.85060966,0.12790217,0.021488225,0.85060966
butoh nasib pe dh xwujud,Neutral,Neutral,0.9689381,0.0088772485,0.9689381,0.022184646
not launch game,Neutral,Neutral,0.9419887,0.037597895,0.9419887,0.020413436
yayyaya fun play,Positive,Positive,0.9707127,0.026639247,0.002648144,0.9707127
one worst fifas,Negative,Negative,0.9388559,0.9388559,0.0066504823,0.054493606
also rate single release would definitely score high accomplished offered year hand one also owns last year version one involvement series casual purely light entertainment no reason invest year version negative side still present way world class difficulty ai opponent never miss shot pace still potentially game breaking attribute fair say good easily outweighs bad ea time series come close reminder series huge good way bad,Positive,Negative,0.74717003,0.74717003,0.01093503,0.241895
memory dump captured clipboard please share support site also find dump data user sc link appdata local temp hyp tmp,Positive,Negative,0.70358026,0.70358026,0.022784285,0.27363548
love hate game fut champ got world depressed man love rival buy ea get bag job not good job wtv,Negative,Positive,0.9943541,0.005226366,0.00041953032,0.9943541
shit gameplay year ago,Negative,Negative,0.9629026,0.9629026,0.0071250917,0.029972335
much technical difficulty pc,Negative,Negative,0.73815817,0.73815817,0.11076882,0.15107298
love wasting money,Positive,Positive,0.9159229,0.07654547,0.007531697,0.9159229
pain,Negative,Negative,0.6694556,0.6694556,0.14251933,0.18802512
shity game,Neutral,Neutral,0.9485422,0.024260506,0.9485422,0.02719737
fuck shit worst ever,Negative,Negative,0.99781835,0.99781835,4.045323e-05,0.0021412023
game absolute garbage important thing football game passing aspect game broken beyond belief game never want way thing whatever whenever want simple pas within completely messed sometimes impossible ball land striker foot never played inconsistent game life tried make gameplay slow like pe unfortunately polish passing ai movement pe missing huge margin pathetic game,Negative,Positive,0.89108855,0.092080705,0.016830666,0.89108855
grabbed game old fashioned player stopped playing control feel like shit optimization suck bug omg many bug game anti cheat make game crash time struggling minute launch piece sh get trusting shitty vg company like ea never gonna spend single dime ea game product advising person reading comment case rather throw money hot blazing fire,Negative,Negative,0.9615185,0.9615185,0.0033589955,0.035122406
bizt game,Neutral,Neutral,0.96888953,0.01382131,0.96888953,0.01728908
good play experience,Positive,Positive,0.96590334,0.032052185,0.0020444281,0.96590334
game top,Positive,Positive,0.8375885,0.117399395,0.045012146,0.8375885
fun,Positive,Positive,0.94990575,0.03613055,0.013963655,0.94990575
troubleshoot everytime playing game month able play time leave pc open day one time worried would stop working get ea fixed even paid full price crap,Negative,Positive,0.54804474,0.4269133,0.025041953,0.54804474
better,Positive,Positive,0.952345,0.028355421,0.019299623,0.952345
cant play cause trial version despite fact paid game would break monitor,Negative,Positive,0.735874,0.21871132,0.04541477,0.735874
might break controller worth,Positive,Positive,0.7762975,0.18527228,0.038430255,0.7762975
fun like option team,Positive,Positive,0.98189676,0.015178659,0.0029246653,0.98189676
game cant launch update ea still making update game without caring pc server anti cheat sussss,Negative,Negative,0.8832383,0.8832383,0.032357447,0.08440421
like game thing dont know set etings run wiht mouse,Positive,Negative,0.6172546,0.6172546,0.028727554,0.35401785
worst game ever played not even good feel full bug mistake not even playable complete pay win,Negative,Negative,0.8943533,0.8943533,0.003222029,0.10242468
trash game hold mbappe win,Positive,Neutral,0.90056723,0.008995869,0.90056723,0.09043689
dont even try download stupid game gona starting crayzi go mental hospital,Negative,Negative,0.9658977,0.9658977,0.004930889,0.029171325
complete joke ea anticheat stop even coming,Positive,Negative,0.7010563,0.7010563,0.02347028,0.27547348
recommended play ultimate team mode otherwise not recommend gameplay change aspect free kick penalty corner kick although add new animation offline mode irrelevant term improvement graphic new graphic engine notice difference minimum requirementss put everything minimum since game not well optimized ultimate team mode worst optimized also opportunity buy another platform pc argentina champion nothing matter buy messi,Neutral,Positive,0.76856935,0.20057954,0.030851135,0.76856935
make adjustment run game smoothly amazing game,Positive,Positive,0.9705244,0.022784041,0.0066916216,0.9705244
spent extra money play game early found spending time google trying find workarounds bug glitch think say,Positive,Positive,0.62165016,0.08989193,0.28845796,0.62165016
waste time classic trash game ea unless wanna buy couch play friend home online gameplay one disgusting stuff ever see got free gg try still would waste time xd,Positive,Positive,0.9914453,0.0077782776,0.00077635294,0.9914453
game need updated optimized reason take cpu process game feel choppy laggy even though im running fps feel better old gen new gen hopefully fixed soon,Positive,Positive,0.9671997,0.021952774,0.010847628,0.9671997
absolute garbage pc restarted playing never happened game,Positive,Negative,0.58697283,0.58697283,0.11995023,0.2930769
mbappe goat,Neutral,Neutral,0.9874959,0.0058701215,0.9874959,0.006633983
buy want play pc get bullied platform player plus game quite suck,Negative,Negative,0.7262702,0.7262702,0.019306393,0.25442347
enjoyable,Positive,Positive,0.6850128,0.18234533,0.13264188,0.6850128
next gen gameplay,Neutral,Neutral,0.9491026,0.026555395,0.9491026,0.02434205
still cant play take ever load dont know great game look vids,Positive,Positive,0.9455523,0.043836586,0.01061112,0.9455523
good,Positive,Positive,0.92512983,0.054977793,0.019892411,0.92512983
good pay win,Positive,Positive,0.99139696,0.0073942407,0.0012087452,0.99139696
probably one worst sport game ever made,Negative,Negative,0.91485196,0.91485196,0.010270939,0.07487712
garbage game much lag sweat,Negative,Negative,0.84148914,0.84148914,0.02751699,0.13099398
another great game keep good work,Positive,Positive,0.98989385,0.008919934,0.0011862214,0.98989385
old game updated squad,Neutral,Neutral,0.99312794,0.00091471814,0.99312794,0.0059573413
niste fer ja sam dao pola fodera za fut hero onaj za dobio sam sranje sledeci put ocu da bude neki bolji ako nebude smi cu reci da je sranje,Positive,Neutral,0.44124594,0.2865207,0.44124594,0.27223337
ea anticheat issue since launch reinstall weekly doesnt work dont buy shit,Negative,Negative,0.882517,0.882517,0.023219889,0.094263054
soucb good,Positive,Positive,0.9037402,0.067529745,0.02873005,0.9037402
good game need fix problem not working lot people,Negative,Negative,0.62087697,0.62087697,0.023687419,0.35543567
honestly run lot better thought would read watched trying running super fun game pick quick match career mode seems interesting played little far wont speak ut since play game mode like,Positive,Positive,0.9984876,0.0013446842,0.00016768726,0.9984876
one best game ever played love,Positive,Positive,0.9989442,0.0009924013,6.330701e-05,0.9989442
solved problem buyed p game bcs game addiction,Negative,Negative,0.63321024,0.63321024,0.029776948,0.33701283
soon log game greeted loading screen pc loading screen keep coming choose mbappe sam kerr thus cannot buy point unless get gift card like spending point would go way go get gift card rather able purchase pc like spending money game could good good game get wrong hassle enabling secure boot pc game even buy point get boost start maybe high rated player sbc ea not fix bug surprised quite lot player drop fix bug would make starter lot happier,Positive,Positive,0.7587392,0.15873218,0.08252874,0.7587392
fun,Neutral,Positive,0.94990575,0.03613055,0.013963655,0.94990575
worst ever never played game like actually fucked game regret sold csgo glove buy shit,Negative,Negative,0.9891622,0.9891622,0.00022593829,0.010611838
game ok recent patch actually ruined game youre year old game play exactly youd hope ok edit ive played hour please never touch game absolute garbage,Positive,Positive,0.95879954,0.031356208,0.009844214,0.95879954
always fail open game,Negative,Negative,0.40201455,0.40201455,0.28057033,0.31741506
many error ea app,Negative,Negative,0.9317408,0.9317408,0.010309073,0.05795015
game start min playing time never even load main menu waste time downloading uninstall best spent ever thanks ea done clap clap refunded update btw apparently said still playing uninstalled refunded going almost hr hey ea found yet another one bug give credit alright second thought keep not surprised antic ea not one bit disappointed better,Positive,Positive,0.88629824,0.10336498,0.010336748,0.88629824
game suck taint,Negative,Negative,0.87868416,0.87868416,0.04136955,0.07994632
siuuuuuu,Neutral,Neutral,0.9713505,0.012251975,0.9713505,0.016397558
worst ever played,Negative,Negative,0.93332005,0.93332005,0.0015398384,0.06514011
dont buy shit poorly optimized,Negative,Negative,0.5662884,0.5662884,0.015113492,0.4185981
want experience small fps stutter even high end pc fantastic bug trouble anti cheat good game buy hey electronic art take advantage fact no alternative added next gen graphic pc last game series no optimization without much implication sale console care console player not pc player console buy game console not pc version already bought care money not buy game moment game neither extraordinarily good neither extraordinarily bad let optimistic,Positive,Negative,0.8000678,0.8000678,0.0063079754,0.19362435
play ultimate team,Negative,Positive,0.49340197,0.45616946,0.050428584,0.49340197
disgusting thing ever seen limit impossibility surprisingly moved little every year understand ea developer sleep night no backbone even parent must hate make something like sell least moral bottom game worth playing even someone paid play shame congratulation developer look mirror morning not throw repeatedly,Negative,Negative,0.9206175,0.9206175,0.007638631,0.071743846
game vary good,Positive,Positive,0.9258561,0.052205786,0.021938194,0.9258561
best mechanic uptill loved everything glitch fudging amazing worth buying,Positive,Positive,0.9991855,0.00075951125,5.501652e-05,0.9991855
big fan playing since xbox stopped enjoying xbox bought computer worked great thought would good better not possible say played match game never started minute not tried every single tutorial youtube fixing game nothing helped although hour game hour fixing count fixed fact turn came worked day next morning work anymore disappointed,Positive,Positive,0.84597903,0.13952085,0.014500121,0.84597903
fuck game,Negative,Negative,0.926917,0.926917,0.016761806,0.056321286
better last one ig,Positive,Positive,0.97023004,0.017594926,0.012174994,0.97023004
cuz got good player,Positive,Positive,0.9082047,0.06681515,0.02498017,0.9082047
pretty good,Positive,Positive,0.99514765,0.0042251097,0.0006271926,0.99514765
get ea anti cheat already running error find fix game make boot,Negative,Negative,0.92626685,0.92626685,0.010431136,0.06330205
da baby game,Neutral,Neutral,0.6462043,0.21831144,0.6462043,0.13548425
stop waisting money gambling everyone even child thanks,Negative,Negative,0.6001993,0.6001993,0.009069387,0.39073133
amaziongg,Neutral,Neutral,0.9720357,0.013054964,0.9720357,0.014909259
gameplay really solid obviously similar previous game im not gonna vote mark know youre buying not shock whole anti cheat issue fixed pressing cancel installs game not hard people lazy want something cry played hour alot fun new feature,Negative,Negative,0.52915317,0.52915317,0.025869247,0.4449776
good game got winter sale,Positive,Positive,0.95643485,0.030533802,0.013031357,0.95643485
nice sport game year,Positive,Positive,0.96152085,0.025266062,0.013213083,0.96152085
still problem game wish update resolve,Neutral,Negative,0.52371216,0.52371216,0.031237548,0.44505027
almost month release date game still unable play due stupid anti cheat playing since version disappointed game ever late fix issue ea sport,Negative,Negative,0.9064249,0.9064249,0.019773513,0.07380158
game installed never started never got play even hour multiple restarting system,Negative,Negative,0.6712815,0.6712815,0.124799535,0.20391889
,Neutral,Neutral,0.8198435,0.08540768,0.8198435,0.09474888
buy game install start game error say need enable secure boot go bios enable secure boot start game nothing happened repeat step time refund fvck ea,Positive,Positive,0.88369936,0.07582236,0.040478256,0.88369936
mean,Neutral,Neutral,0.9029959,0.018026887,0.9029959,0.07897722
idk many negative game run fine oct im happy ea put emphasis skill pace whore player cant run damm ball performance issue still exist im sure fixed soon,Negative,Negative,0.67806226,0.67806226,0.013847433,0.30809027
game good,Positive,Positive,0.9100788,0.06539014,0.024531081,0.9100788
epiccccccccc geming yipeee,Neutral,Neutral,0.9938465,0.0031811744,0.9938465,0.002972361
fuck ea pulled product even fucking launch god know ea masterclass,Negative,Negative,0.63883525,0.63883525,0.036260348,0.3249044
shit server,Negative,Negative,0.95276165,0.95276165,0.010008772,0.03722963
not work secure boot pre order cant play bad company,Negative,Negative,0.7776448,0.7776448,0.017282028,0.2050731
bought th september still play waiting hoping try new long time really unbelievable still run ea fixed eaanticheat bug yet ruining fun realy frustrating not sure ever play anymore day nothing explained update patch announced much longer wait please explain solve problem soon tried fix certain solution lime running admin reinstalling anticheat many others nothing gave result compeaation reward ingame succeeds starting,Positive,Positive,0.96795714,0.024905762,0.0071370844,0.96795714
list problem anticheat update error first open game somehow close anticheat error window restart game run still laggy performance especially choose rain wheater using rtx able play smoothly cannot limit frame rate fps tried limit frame rate fps frame rate monitor still reach fps,Negative,Negative,0.8291866,0.8291866,0.011798477,0.15901501
along side positive point expectation like would kick online match fast poor connection give time fix like least minute nerve hopefully fixed defender easily fall behind opponent play volta online friend anyone else nonetheless game far better rival,Positive,Positive,0.98992354,0.008510178,0.0015663655,0.98992354
dalje mislim,Neutral,Neutral,0.9905715,0.0045749354,0.9905715,0.0048536155
sui,Neutral,Neutral,0.9828765,0.0071031405,0.9828765,0.010020373
not start like meant fuck game ea,Negative,Negative,0.73960197,0.73960197,0.0279289,0.23246913
simply never understand ea release game absolutely no testing anti cheat always great seem always bring issue solve hopefully fixed weekend otherwise ea proving scummy company per usual,Positive,Negative,0.6009146,0.6009146,0.054760396,0.34432498
good graphic best free kick,Positive,Positive,0.99937123,0.00058462383,4.422228e-05,0.99937123
great time round always,Positive,Positive,0.9474068,0.044464495,0.008128717,0.9474068
sometimes maybe good sometimes maybe sht,Positive,Positive,0.8089001,0.14440975,0.04669012,0.8089001
worst worst worst ever game playing since childhood never faced kind problem game filled bug purchased game played month recently origin stopped working soo uninstalled linked ea app ea app say game belongs another account contacted support team ea sayed problem probelem ea app showing error message cant even play game purchased please dont buy game give million problem there no one help,Negative,Negative,0.99251163,0.99251163,0.00011780028,0.0073705623
game laggy,Neutral,Neutral,0.90588367,0.050852563,0.90588367,0.043263756
start even fixed tip complete bullshit,Negative,Negative,0.896097,0.896097,0.029297343,0.07460571
foooooooooooooooooood,Neutral,Neutral,0.9720357,0.013054964,0.9720357,0.014909259
sux,Negative,Neutral,0.9720357,0.013054964,0.9720357,0.014909259
shit shit,Negative,Negative,0.99477094,0.99477094,0.00021966937,0.0050094123
recommended get sale,Positive,Neutral,0.46600643,0.12420884,0.46600643,0.40978464
worst game k om il bh il zg k om ily swaha k om kl shyyy,Positive,Negative,0.9708737,0.9708737,0.0043679397,0.02475835
d,Neutral,Neutral,0.64448035,0.20871669,0.64448035,0.1468029
,Neutral,Neutral,0.8198435,0.08540768,0.8198435,0.09474888
playin pc buying yet many controller problem probabbly best buy play game console rather,Positive,Positive,0.51328576,0.434026,0.052688252,0.51328576
technical problem lack innovation destroy game greed disgusting advertisement fut front centre single player content menu menu deep every year game find way predatory,Negative,Negative,0.6587589,0.6587589,0.038734727,0.30250645
last year shame football one sport absolut nonsense sport losing player day day many negative speak,Negative,Negative,0.8904905,0.8904905,0.011605813,0.0979037
got ea play hour give try unplayable ti overclocked ryzan fps replay poorly optimised take day open pro tb game average like,Positive,Positive,0.95147026,0.04154675,0.006982947,0.95147026
cant play game refund suck ea,Negative,Negative,0.88854176,0.88854176,0.013599647,0.09785853
horribly optimized pc ton online sub fps gameplay true,Positive,Negative,0.57307136,0.57307136,0.039561156,0.38736746
disappointment game start anti cheat failed update error not waste money,Negative,Negative,0.9880085,0.9880085,0.00076294167,0.011228483
absolute garbage optimization getting sub fps gtx,Positive,Negative,0.81655777,0.81655777,0.06180883,0.1216335
good game need improvement bug,Positive,Positive,0.9960174,0.0030935141,0.0008891385,0.9960174
toxic trash game,Neutral,Neutral,0.9727108,0.0046964106,0.9727108,0.022592869
bostan gay,Neutral,Neutral,0.98200744,0.00719501,0.98200744,0.010797581
lot fun pay full price,Positive,Positive,0.94618845,0.035090286,0.01872126,0.94618845
anti cheat suicidal alright,Negative,Negative,0.811054,0.811054,0.015529434,0.17341654
not recommend current issue gameplay,Negative,Negative,0.5716501,0.5716501,0.06848486,0.35986498
basic good graphic bug easily fixed otherwise no major problem besides price lol,Positive,Positive,0.9545357,0.042738777,0.0027254515,0.9545357
good game keep spending money guy,Positive,Positive,0.92191297,0.0522261,0.025860952,0.92191297
give negative pure fact ea make game people launch simply requires jump hoop stupid secure boot error,Negative,Negative,0.9590423,0.9590423,0.00269747,0.038260214
forget bad comment good game ive read false yet see bug game graphic nice easy learn navigate newer player franchise customize control video difficultly almost thing major step good attention detail grass way clothes get dirty naturally move also right game ability simulate world cup really wanted playing also like ability play favorite player technically every game better recent player team overall one game ive enjoyed recently get sale not worth unless money,Positive,Positive,0.9628189,0.0344842,0.002696868,0.9628189
honestly game really fun play might hard first like day hour really fun get easier challeging time,Positive,Positive,0.9947996,0.0045927875,0.00060759514,0.9947996
best,Positive,Positive,0.9867975,0.010052772,0.0031497076,0.9867975
expecting quality poor game bad quality absolutely no reason change anything setting first match played horrible looked like match fps good computer guy asking,Negative,Negative,0.5650151,0.5650151,0.018315867,0.41666913
goood,Neutral,Neutral,0.9856903,0.005737882,0.9856903,0.008571795
,Neutral,Neutral,0.8198435,0.08540768,0.8198435,0.09474888
good game jsut lagging ym computer reset gonna see happens,Negative,Positive,0.6177929,0.3685481,0.0136589985,0.6177929
ight guess,Neutral,Neutral,0.8600907,0.0166832,0.8600907,0.12322615
game look like,Positive,Positive,0.82942384,0.12319606,0.047379997,0.82942384
game stutter lot blip not fluent predecessor pls play instead,Positive,Positive,0.67835724,0.31078824,0.010854456,0.67835724
kiouuy,Neutral,Neutral,0.9720357,0.013054964,0.9720357,0.014909259
dont buy biggest puzzle open,Neutral,Neutral,0.9893412,0.0054224967,0.9893412,0.005236373
leap bound ahead term gameplay nowhere near pe though got sale nice game not worth shelling full price anti cheat engine cause issue,Positive,Positive,0.8699492,0.10348151,0.0265693,0.8699492
gg geming,Positive,Positive,0.8677536,0.06641123,0.06583519,0.8677536
mbappe go brrrrrrrr,Neutral,Neutral,0.9891459,0.0064945687,0.9891459,0.00435949
game cross play miss experience,Positive,Negative,0.59315157,0.59315157,0.04242326,0.36442524
good pulisic,Positive,Positive,0.9278417,0.047400203,0.024758056,0.9278417
mcdjhiud,Neutral,Neutral,0.9720357,0.013054964,0.9720357,0.014909259
nice game,Positive,Positive,0.9640249,0.02851659,0.0074586337,0.9640249
every thing shit game every week not working lag every game,Negative,Negative,0.9840571,0.9840571,0.0013108467,0.014632061
good dont play much,Positive,Positive,0.9274464,0.067547,0.0050066398,0.9274464
game best,Positive,Positive,0.9785655,0.015908897,0.0055255797,0.9785655
buying please remember two hour refund,Positive,Positive,0.6556854,0.21893026,0.12538435,0.6556854
worst game ever made,Negative,Negative,0.9709428,0.9709428,0.002985868,0.026071306
love super fun,Positive,Positive,0.9998259,0.00016490443,9.1443035e-06,0.9998259
,Neutral,Neutral,0.8198435,0.08540768,0.8198435,0.09474888
would change gen old gen pc,Neutral,Neutral,0.99191004,0.002319367,0.99191004,0.0057705706
think better previous gameplay feel natural new feature like power shot power tacles amazing world cup mode also amazing actually bought,Positive,Positive,0.9982495,0.0014610286,0.00028948867,0.9982495
ce jeu full crash est en bordel sur nintendo switch fait mieux est terrible,Negative,Negative,0.8436536,0.8436536,0.022322802,0.13402359
kk,Positive,Positive,0.36381143,0.30051965,0.33566895,0.36381143
good game got rudiger otw amazing game drop neymar best game drop mbbape dont drop neymar mbbape messi halland one worst time,Positive,Positive,0.53834695,0.4552958,0.006357291,0.53834695
prrrrrrrrrrr,Neutral,Neutral,0.9720357,0.013054964,0.9720357,0.014909259
heard bad thing first crybaby,Negative,Negative,0.7755174,0.7755174,0.026903262,0.19757937
game awesome mechanic gameplay love,Positive,Positive,0.9914585,0.007829831,0.0007117279,0.9914585
lot,Neutral,Neutral,0.8746843,0.04806652,0.8746843,0.07724919
world cup could not like world cup lazy ea commentary dont even talk world cup fell like im playing player world cup mode ultimate team no world cup every one really need stop buying game ea lazy cowboy,Negative,Negative,0.51446575,0.51446575,0.03623096,0.4493033
even start game completely broken,Negative,Negative,0.84487206,0.84487206,0.042991895,0.11213602
dogshit doesnt even start hate shitty as game,Negative,Negative,0.98897904,0.98897904,0.00071424944,0.01030679
crash,Negative,Neutral,0.6718089,0.20753276,0.6718089,0.12065838
fun resltuc,Positive,Positive,0.94990337,0.034050718,0.016046008,0.94990337
garbage game even load,Neutral,Neutral,0.98934364,0.005479558,0.98934364,0.005176827
well game simply terrible enjoy second experience game massive performance issue rig best graphic card best processor game run like potatoe example stuttered hole time irritating bug match objective get stuck middle match coloring fell completely etc besides game configuration setting quality shadow texture option etc poor mario feel next gen menu bizzarely demanding cpu gpu surpasses red dead ck ng redemption refuse go ton setup microing make game run properly like problem anticheat program game force install ea really learn better company make better optimized game not spend money terrible game money buy something different even doki doki literature club requested refund hour simply disgusting,Negative,Negative,0.66602147,0.66602147,0.014302753,0.3196758
fuck not run game,Negative,Negative,0.9570816,0.9570816,0.0113019515,0.03161648
korean lunar new year ea nmsl,Neutral,Neutral,0.9201734,0.06058263,0.9201734,0.019243922
gg gg gg,Positive,Positive,0.99603987,0.0035008192,0.00045928336,0.99603987
gooooooooooooood game,Neutral,Neutral,0.96888953,0.01382131,0.96888953,0.01728908
doesnt work,Neutral,Neutral,0.95681494,0.019457774,0.95681494,0.023727309
cant launch like normal,Negative,Negative,0.5858028,0.5858028,0.08754631,0.32665092
best suck efootball,Positive,Positive,0.8385635,0.15705615,0.004380333,0.8385635
one bug,Neutral,Neutral,0.91472375,0.044697635,0.91472375,0.04057856
asi asi asi gana el madrid siuuuuuuuuuuuuuu,Neutral,Neutral,0.9983103,0.00026782672,0.9983103,0.0014218373
nice graphic,Positive,Positive,0.97133493,0.024034258,0.0046307123,0.97133493
hour want refund game worst iv seen game dribbling awful player move like trapped quick sand nutshell game play awful,Negative,Negative,0.97989994,0.97989994,0.0006765795,0.019423509
taken everyday,Neutral,Negative,0.43374005,0.43374005,0.14031126,0.42594874
new controller plz,Positive,Neutral,0.69613373,0.18927233,0.69613373,0.11459397
haha griddy,Positive,Positive,0.5161605,0.048094418,0.43574503,0.5161605
literally checked integrity file still not even loading game actually broken,Negative,Negative,0.5659574,0.5659574,0.06301564,0.37102696
siuuuuuuuuuuuuuuuu,Neutral,Neutral,0.9720357,0.013054964,0.9720357,0.014909259
unfair gameplay no foul cheese stealing ball goalkeeper fuck ea give back euro,Negative,Negative,0.96987545,0.96987545,0.00329472,0.026829775
game meh look instead,Negative,Negative,0.7335771,0.7335771,0.09282571,0.17359714
game others like others like one,Positive,Positive,0.9394673,0.05504341,0.005489222,0.9394673
jebem li ti majku ea serveri su vam za kurac,Neutral,Neutral,0.9999089,2.7029599e-05,0.9999089,6.4073545e-05
iuoty,Neutral,Neutral,0.9720357,0.013054964,0.9720357,0.014909259
dont recommend game messi still look like neighbour love sniff panty,Positive,Positive,0.9419755,0.052028585,0.005996011,0.9419755
no problem hard first since im pc change keybinds really fun got hour free trial bought game hour remaining uninstalled trial installed game yet entered still said trial idk remove trial time run im still playing trial,Positive,Positive,0.9150664,0.08026429,0.0046692896,0.9150664
poor engine,Negative,Negative,0.91019267,0.91019267,0.011805566,0.078001745
hate many bug matchmaking piece shit,Negative,Negative,0.98925835,0.98925835,0.0006749714,0.010066579
worst game ever played,Negative,Negative,0.92914724,0.92914724,0.0017319103,0.069120824
let name character cumguzzler,Neutral,Neutral,0.90092516,0.074885726,0.90092516,0.024189046
ratattatata,Neutral,Neutral,0.9720357,0.013054964,0.9720357,0.014909259
disappointing day later release game ea fixed issue anti cheat engine even get chance open game try negative feedback game even start,Negative,Negative,0.8846729,0.8846729,0.01914433,0.09618279
like game many graphic license hope fc disappoint add new feature add indonesian league,Positive,Positive,0.9319016,0.06338583,0.004712646,0.9319016
disclaimer owned played game since p blur song no interest intention playing ultimate team realize game might hot buggy mess many pc user no issue besides disable controller setting update nvidia driver disclaimer american little exposure game futball might able name half premier league team powerhouse club major country handful game biggest star wannabe fan bought despite terrible reason world cup coming mostly futball ever watch love event thought game would give primer enjoying hell fx series welcome wrexham bought concept history pride come supporting local club already started paul mullin career wrexham given catalyst finally pay attention premier league excited play match learn team stream watch real game saturday sunday morning honest really enjoying game mostly feel like experience remember year ago still video game purist expect translation reality probably get annoyed lack anticipation reaction fellow ai teammate part game player follow missed shot good career mode seems cool played ea game long time maybe tiresome feature find surprisingly deep fun play various way tutorial training game excellent feel like given basic tool hone skill later control frustratingly precise honestly feel like practice rewarded graphic quite good sound announcer probably become tiresome enjoy banter bad menu feel obtuse new player especially far understanding diverse game mode found tournament mode incorporates international team like world cup maybe coming seems like oversight believe build custom tournament bit cumbersome something iconic sport comment online play ultimate team neither interest personally understand huge draw franchise much content new owner wade see bothering time soon origin whatever chance player like getting little gray around temple burgeoning interesting appreciation beautiful game little no experience think pleasantly surprised title,Positive,Positive,0.98652077,0.012000582,0.0014785714,0.98652077
game start fully fixed might buy simple like,Positive,Positive,0.9494371,0.028244816,0.022318106,0.9494371
cel mai bun joc din intreaga lume,Neutral,Neutral,0.5893164,0.03944279,0.5893164,0.3712408
not launching,Neutral,Neutral,0.96735686,0.021296598,0.96735686,0.011346598
game laggy ea optimize game pc cant play anygame laggy game ruined paid game not even brings joy please help,Positive,Positive,0.8043874,0.18666002,0.008952539,0.8043874
hand worst,Negative,Negative,0.95765656,0.95765656,0.0047912314,0.037552204
game mechanic good use hyper motion seems lag sometimes although worst part must higher video memory rtx video card play ultra rendering scale gtx card resolution must play low medium rendering scale depending card series,Negative,Negative,0.4767066,0.4767066,0.047873065,0.47542033
arabic language creates problem game game plan think took long time not fix small problem,Negative,Negative,0.95356995,0.95356995,0.0031883644,0.04324178
celebrate game shot like sick dog left ditch,Positive,Negative,0.58591926,0.58591926,0.02788035,0.38620043
game fun ea stop making game,Negative,Positive,0.61347723,0.37924096,0.0072817705,0.61347723
game bad wont even launch,Negative,Negative,0.925825,0.925825,0.016993742,0.05718124
ea sport dlc,Neutral,Neutral,0.9548308,0.011475204,0.9548308,0.033693917
please believe bad game complete garbage,Negative,Positive,0.51524687,0.46741498,0.017338205,0.51524687
sewey,Neutral,Neutral,0.9786547,0.008893652,0.9786547,0.012451711
paid pound launch game,Neutral,Neutral,0.53002495,0.26490396,0.53002495,0.2050711
amazing fun,Positive,Positive,0.9991757,0.00073647196,8.783184e-05,0.9991757
shite game paid early access still play even official release,Negative,Positive,0.441867,0.4252025,0.13293053,0.441867
run opened searched countless video nothing worked,Neutral,Negative,0.7400081,0.7400081,0.07755635,0.18243545
ok many bug,Positive,Positive,0.7561705,0.14533015,0.09849929,0.7561705
totally lost money anti cheat software ea us garbage win user even launch game,Negative,Negative,0.9118403,0.9118403,0.010107609,0.0780521
new game good bug prevents scrolling cursor menu really annoying cause reboot game feel like recommend game also game claim support japanese not also claim support several language commentator attempting change setting locked english,Positive,Positive,0.7976199,0.17722395,0.02515619,0.7976199
developer game took consideration player decided change way make hard launch game,Negative,Negative,0.7720127,0.7720127,0.04518429,0.182803
cant even launch update,Negative,Neutral,0.92855525,0.054048188,0.92855525,0.017396526
good game could better way remove girl,Positive,Positive,0.9957052,0.0032914313,0.0010033676,0.9957052
like shoot trivela game,Neutral,Negative,0.49660084,0.49660084,0.02232877,0.4810704
worst time,Negative,Negative,0.9748609,0.9748609,0.003184386,0.02195476
software engineering degree required keep game running regular basis,Neutral,Neutral,0.66867435,0.06154706,0.66867435,0.26977858
fac iuy,Neutral,Neutral,0.97472656,0.012411854,0.97472656,0.012861518
havey play,Positive,Positive,0.7127851,0.2294524,0.057762392,0.7127851
usual issue could almost forgiven ran properly rtx even get fps utilise gpu reason remember last game gave less fps max setting usually get,Positive,Positive,0.4956337,0.42472962,0.079636626,0.4956337
speed lag,Negative,Negative,0.90237105,0.90237105,0.022364285,0.07526464
nibbbas,Neutral,Neutral,0.9720357,0.013054964,0.9720357,0.014909259
ffun soccer game,Neutral,Neutral,0.976924,0.0044011828,0.976924,0.018674793
lot people issue game issue anti cheat visual bug game honestly love game get expect buy expect absolutely new game every year thats fault love new graphic game feel way slower lot people complaining actually prefer since give game realistic flow fast player actually feel way faster slow player might seem thats obvious noticeable previous atleast wasnt career mode chelsea career mode really tell difference playing jorginho midfield playing kovacic slower pace game really make adapt slower player fun way barely take long ball ishallah approach game even sterling dembele wing make game time better maybe fanboy game genuinely good good upgrade atleast pc addition next gen,Positive,Positive,0.97834784,0.015873875,0.0057782396,0.97834784
nice improve love,Positive,Positive,0.99910307,0.0008135002,8.3448336e-05,0.99910307
good ref bro,Positive,Positive,0.8882422,0.07767788,0.03407998,0.8882422
ua ua,Neutral,Neutral,0.9905715,0.0045749354,0.9905715,0.0048536155
dwaiyhjfse fucking doesnt work wont open,Neutral,Neutral,0.9729471,0.017117558,0.9729471,0.009935339
keep crashing shit,Negative,Negative,0.9287007,0.9287007,0.018838005,0.052461203
shitty game shitty bug gameplay fuck ea,Negative,Negative,0.9945898,0.9945898,0.00026570135,0.005144495
alot crashing really heat ea app game running not opining,Neutral,Neutral,0.74626696,0.16682182,0.74626696,0.08691122
mhh,Neutral,Neutral,0.9720357,0.013054964,0.9720357,0.014909259
ngr game,Neutral,Neutral,0.96888953,0.01382131,0.96888953,0.01728908
ea merry koreansmas,Positive,Neutral,0.4664825,0.09944787,0.4664825,0.43406963
honestly franchise getting tired love franchise every single title since animation good mo cap additional team etc nice however still play game without perform programmer level shenanigan ea anticheat broken even uninstalling reinstalling nothing overlay suck major donkey bola u play use discord even card overlay like nvidia super unoptimized maximum medium setting run rig run modern aaa title ultra high cgi cutscenes choppy gameplay sometimes choppy depending feel add experience would make pendehoe playing current state tried getting refund due dismal experience claim hour logged yes hour logged leaving game open slept could still play without get degree computer engineering get run still dissuaded purchasing game wait game launch bug fixed going uninstall frustration like typing get ready try th time see fixed anything,Positive,Positive,0.99230087,0.007010521,0.00068859913,0.99230087
ita good,Positive,Positive,0.89364356,0.07975776,0.026598709,0.89364356
absolute broken mess game want play next gen console like p example pc mess thank ea daylight robbery,Negative,Negative,0.86553556,0.86553556,0.0058368063,0.12862761
buy thyis gameeee,Neutral,Neutral,0.9910324,0.0031274247,0.9910324,0.005840092
amazting befoure try thought trash try mod fun,Positive,Positive,0.9329212,0.041158225,0.025920553,0.9329212
packed mbappe love lmao,Positive,Positive,0.98362654,0.013825745,0.0025477346,0.98362654
game good not worth full price dev not fix graphic lot bug detect fix sell game player career mode ai substitution not make sence problem game dev fix,Negative,Negative,0.9053668,0.9053668,0.00461452,0.09001881
einfach nur perfekt,Neutral,Neutral,0.99808097,0.0008187716,0.99808097,0.0011002121
game bad luckily got sale,Negative,Negative,0.8346335,0.8346335,0.02620521,0.13916126
dobra,Neutral,Neutral,0.98478127,0.0060318545,0.98478127,0.009186903
awful far passing system suck cant even launch game often anticheat trash doesnt work,Negative,Negative,0.9233434,0.9233434,0.008967719,0.067688875
cannot even start game,Negative,Neutral,0.9236255,0.050201345,0.9236255,0.026173167
game need date defending tec get,Neutral,Neutral,0.93335474,0.022606678,0.93335474,0.044038594
nh mua sau khi update fix anti cheat th kh ng game gi trong game kh kh nh nh nh ph gi ng pe ai th ch ch career mode nh nh th ch th ch th ch nhi ch nh nh nh ng mang nh nh nhi,Negative,Neutral,0.9992144,0.00027877954,0.9992144,0.00050683686
good game killing time,Negative,Positive,0.68627656,0.2866408,0.027082633,0.68627656
nin nin,Neutral,Neutral,0.9905715,0.0045749354,0.9905715,0.0048536155
hard running game,Negative,Negative,0.7009513,0.7009513,0.06850756,0.23054111
play show pop bar error message would show secure boot not enabled machine followed application encountered unrecoverable error please help,Negative,Positive,0.98078406,0.018642358,0.00057356444,0.98078406
really best really good game would recommend,Positive,Positive,0.9940263,0.0055461368,0.0004275239,0.9940263
far worse last year full bug glitch clearly brand running anymore waste money crap,Negative,Negative,0.8739172,0.8739172,0.0072337985,0.11884899
server shit every fucking year,Negative,Negative,0.9438934,0.9438934,0.016450584,0.03965602
play dont know play ball play ball everyday thanks ea,Positive,Positive,0.9042361,0.09309722,0.0026666585,0.9042361
filled bug lot technical issue not recommended,Negative,Neutral,0.603326,0.2300603,0.603326,0.16661367
rftyik,Neutral,Neutral,0.9720357,0.013054964,0.9720357,0.014909259
make past loading screen really good everyone take modifing,Positive,Positive,0.7820587,0.17591928,0.042021997,0.7820587
aha,Neutral,Neutral,0.9720357,0.013054964,0.9720357,0.014909259
not play game,Negative,Negative,0.5035453,0.5035453,0.086577155,0.40987748
disapionted pc rtx play game low setting stuttering super laggy game play hard playable even try train hour,Positive,Positive,0.62331885,0.3390393,0.037641767,0.62331885
bug bios,Neutral,Neutral,0.93979436,0.024445234,0.93979436,0.03576049
game carrer mode still glitch problem since wonder ultimate team look alot playable still requires either pump alot money game get good player grind much gain small amount coin gameplay feel alot realistic still many bug ai player movement btw keeper still useless almost shot goal,Positive,Negative,0.59512556,0.59512556,0.04957178,0.35530263
frequently crashing,Neutral,Neutral,0.54435724,0.27528402,0.54435724,0.18035875
cant start game,Neutral,Neutral,0.98794425,0.0060911607,0.98794425,0.0059645837
not great ok defend game defending getting harder harder controller input delay extremely slow compared suggestion use ai assist u defending game stop using please ai scripting purpose,Negative,Positive,0.799489,0.19025439,0.010256574,0.799489
fuck mother ea shut take money make cerebration sacrifice mother use money buy dose incense lovely mother express remembrance oh sorry forget mother invisible no thanks,Negative,Negative,0.8279388,0.8279388,0.0048505613,0.1672107
yitdf,Neutral,Neutral,0.9720357,0.013054964,0.9720357,0.014909259
last breed,Neutral,Neutral,0.9605874,0.013499611,0.9605874,0.025912987
disgusting game,Negative,Negative,0.8227959,0.8227959,0.06613908,0.111065
reaslistic gameplay,Neutral,Neutral,0.9082629,0.05688894,0.9082629,0.034848116
crash opening pack fut joke ea,Positive,Positive,0.6916281,0.24835221,0.0600197,0.6916281
best football game since pe,Positive,Positive,0.99320626,0.0044434937,0.0023502745,0.99320626
dont buy,Neutral,Neutral,0.9479497,0.027587382,0.9479497,0.024462901
awful save setting screen resolution share family use two ea account one game problem share one pc brother need buy two license play game separated profile game think not alone pain,Negative,Negative,0.9235927,0.9235927,0.0034560123,0.072951235
,Neutral,Neutral,0.8198435,0.08540768,0.8198435,0.09474888
say no exaggeration worst made game ever played life played day back initially came amount bug glitch game along exploit abused make furthest thing soccer video game like cheap arcade game fence getting game please hope save money not lying game worth free even bunch friend getting pro club not get ai brutal gameplay brutal far soccer save time money,Positive,Positive,0.86002797,0.13003996,0.009932014,0.86002797
game fun hard,Positive,Positive,0.8553537,0.1372008,0.007445466,0.8553537
gameplay isnt problem anticheat pop doesnt let load tried method reinstalling game deleting installing origin game actually decent way say game good cant even play,Positive,Positive,0.6933333,0.29247373,0.014192947,0.6933333
game sick,Negative,Negative,0.81888443,0.81888443,0.055461276,0.12565435
like already buying right never played hey great cool fun buying played point shit worse ultimate team career mode essentially judgy version ultimate team none ui ultimate team make career mode gm waste time customization get ability arbitrarily change stadium even billionaire takeover judged trading overall player depth squad relegated always two league player career waste minute gameplay world cup mode hott ui trash street soccer closest premier league street get pretty vapid look sale buck worth large premium coffee something veg listen audibook yeah thing good,Positive,Positive,0.9639231,0.035193507,0.0008834558,0.9639231
beyond garbage,Neutral,Neutral,0.9902209,0.0039414265,0.9902209,0.005837692
sometimes maybe good sometimes maybe shit,Negative,Negative,0.86503154,0.86503154,0.007038054,0.1279304
buy able play week shit anti cheat wont refund game work get screwed corrupt company edit fixed game still shit,Positive,Negative,0.97191185,0.97191185,0.0011616613,0.02692658
fix ea anticheat,Neutral,Neutral,0.9325792,0.03457125,0.9325792,0.03284952
ok,Positive,Positive,0.8332216,0.1046668,0.062111508,0.8332216
saved worth pack grinded every single objective including centurion win league upgrade upgrade bought pack store pack piece garbage,Positive,Positive,0.9529291,0.037031874,0.010039035,0.9529291
game never load crash mid game,Neutral,Neutral,0.9369658,0.0447074,0.9369658,0.018326832
doggy as game,Negative,Negative,0.91024417,0.91024417,0.018583516,0.07117226
game start animore,Neutral,Neutral,0.99162954,0.0026508144,0.99162954,0.005719633
asdadasd,Neutral,Neutral,0.9720357,0.013054964,0.9720357,0.014909259
ea work pc lot issue boot wont let game work issue anti cheat software anyone know assist please say,Negative,Negative,0.48909226,0.48909226,0.05982673,0.45108098
oh god people kick ball foot soccer,Positive,Positive,0.9662082,0.015769351,0.018022513,0.9662082
fusball,Neutral,Neutral,0.9720357,0.013054964,0.9720357,0.014909259
lixo,Neutral,Neutral,0.5930657,0.28379145,0.5930657,0.12314285
cant launch game,Neutral,Neutral,0.959925,0.024594842,0.959925,0.015480197
bardziej zjebanej gry nie widzia em ea dupie graczy kt rzy graj na pc nie adnych stara naprawy poprawy rozgrywki ale mamy przecie paczki za nowe karty nie kupujcie tej zjebanej gry chyba ze chcecie grac karier,Neutral,Neutral,0.67161226,0.21499258,0.67161226,0.11339513
free play weekend broken anticheat installer wp ea trash as company,Positive,Positive,0.6357651,0.35881615,0.0054187616,0.6357651
started playing game felt confused could not control player well getting better practice cannot really say better though except player movement game feature overall like getting better time,Positive,Positive,0.98378813,0.013247914,0.0029639895,0.98378813
cannot start game,Neutral,Neutral,0.98124987,0.008793627,0.98124987,0.009956506
fgcfc,Neutral,Neutral,0.9720357,0.013054964,0.9720357,0.014909259
much crash problem profile,Negative,Negative,0.9503281,0.9503281,0.008363221,0.041308586
really nice game,Positive,Positive,0.9322376,0.05396773,0.013794605,0.9322376
scripted sh game,Neutral,Neutral,0.9868711,0.0066226767,0.9868711,0.0065061254
good game,Positive,Positive,0.9314501,0.050152954,0.018396938,0.9314501
tke,Neutral,Neutral,0.9720357,0.013054964,0.9720357,0.014909259
buy game pc ever since pre launch game bug neither going refund issue since soon try launch game status change running hour counted per steam game time counter exceed hour game time refuse refund believe game better console neither ea origin help fix problem waste money pc version,Negative,Negative,0.7659261,0.7659261,0.03075823,0.20331562
cant play game broken game,Negative,Negative,0.8657902,0.8657902,0.014663105,0.11954676
ostouriyya,Neutral,Neutral,0.9720357,0.013054964,0.9720357,0.014909259
name,Neutral,Neutral,0.815372,0.12063433,0.815372,0.06399373
giga chad,Neutral,Neutral,0.995462,0.0019864915,0.995462,0.0025514697
good fun,Positive,Positive,0.99428844,0.00515715,0.0005544114,0.99428844
keyboard ftw,Positive,Neutral,0.8389366,0.10948212,0.8389366,0.05158124
nj,Neutral,Neutral,0.9793169,0.008367761,0.9793169,0.012315371
never launched,Negative,Negative,0.53416383,0.53416383,0.08325793,0.38257828
respectful trash game,Positive,Neutral,0.9487611,0.011186454,0.9487611,0.040052433
pro,Neutral,Neutral,0.82962376,0.09023619,0.82962376,0.08014007
toda vezes que tento executar jogo tem problema resolvo problema jogo por un dia depois surge um novo pessimo suporte,Neutral,Negative,0.7614512,0.7614512,0.121377155,0.117171675
game wont work duo anticheat thing giving hard time even start game,Positive,Negative,0.66371214,0.66371214,0.04034865,0.29593915
shit as,Negative,Negative,0.9921962,0.9921962,0.00037748134,0.007426378
poorly optimized pc,Positive,Positive,0.9638656,0.020171475,0.015962943,0.9638656
game hard,Negative,Negative,0.70759124,0.70759124,0.057151716,0.23525707
game keep crashing awfully optimised,Positive,Neutral,0.6734566,0.16678974,0.6734566,0.15975365
requested refund disappointing game not launching many people issue without clear guideline ea,Negative,Negative,0.5841493,0.5841493,0.103580825,0.31226996
,Neutral,Neutral,0.8198435,0.08540768,0.8198435,0.09474888
zel,Neutral,Neutral,0.93015146,0.031027688,0.93015146,0.038820885
ah shit go,Negative,Negative,0.9349905,0.9349905,0.0152216675,0.049787797
game lag used play high graphic even though high end pc,Neutral,Negative,0.858586,0.858586,0.014330245,0.12708375
,Neutral,Neutral,0.8198435,0.08540768,0.8198435,0.09474888
ofc,Neutral,Neutral,0.45097017,0.19570866,0.45097017,0.35332125
gayme,Neutral,Neutral,0.89749056,0.036968127,0.89749056,0.06554136
game realistic,Neutral,Neutral,0.96365833,0.009814768,0.96365833,0.026526893
nothing special,Negative,Neutral,0.4673801,0.24498281,0.4673801,0.2876371
there really fun game buried mile deep awful developement abismal technical support hideous online challenge oh also morally bankrupt lootbox pack system,Neutral,Positive,0.5808614,0.3769295,0.04220914,0.5808614
getting fucking game even launch hell always close ea open desktop took hour figure possible well known game edit game fucking as ai stupid asf passing random nice job ea fucker want km,Negative,Negative,0.911843,0.911843,0.0077369944,0.08042012
,Neutral,Neutral,0.8198435,0.08540768,0.8198435,0.09474888
game fast arcadey feel unrealistic like game modern graphic,Positive,Positive,0.63521624,0.34044722,0.024336541,0.63521624
playing hour confidently say great upgrade,Positive,Positive,0.9821247,0.0152073465,0.0026679365,0.9821247
hooyah,Neutral,Neutral,0.9720357,0.013054964,0.9720357,0.014909259
,Neutral,Neutral,0.8198435,0.08540768,0.8198435,0.09474888
enjoyable fun friend repetitive compettitive game,Positive,Positive,0.9947759,0.00425145,0.0009726321,0.9947759
loev kicking ball,Neutral,Neutral,0.94054544,0.014446886,0.94054544,0.04500764
relaxing game,Positive,Neutral,0.5728527,0.0743124,0.5728527,0.35283494
bad performance experience frame rate drop laptop vgas need update asap,Negative,Negative,0.8017169,0.8017169,0.008014112,0.19026893
ultimate rage best game mode,Positive,Positive,0.7682384,0.21002057,0.021740964,0.7682384
siuuuu,Neutral,Neutral,0.97609484,0.00903038,0.97609484,0.014874714
gameplaynya beda tapi graphicsnya berat banget,Negative,Neutral,0.9993019,0.0003356357,0.9993019,0.00036248326
experience buggy mess recoloured package,Negative,Negative,0.8799374,0.8799374,0.026908716,0.093153805
cant open game hell anticheat software,Negative,Negative,0.9290179,0.9290179,0.020460667,0.05052148
laggy every update requires optimizing game,Positive,Neutral,0.75485396,0.12874465,0.75485396,0.116401404
happy chinese new year happy chinese new year happy chinese new year happy chinese new year happy chinese new year,Positive,Positive,0.99379975,0.004774728,0.0014255814,0.99379975
fun game pas time,Positive,Positive,0.9462922,0.04146668,0.01224113,0.9462922
try everything fix cannot run game please fix,Positive,Positive,0.6693028,0.23585583,0.09484131,0.6693028
great game,Positive,Positive,0.9855278,0.011807299,0.0026649057,0.9855278
cant play game took hour launch wasting time worst ea ever,Negative,Negative,0.946993,0.946993,0.0035434342,0.049463604
mantap slurrr,Neutral,Neutral,0.99837995,0.00060159987,0.99837995,0.0010184231
waste hard earned money buying absolutely shocking optimised apparently game badly made pc want play buy console oh good luck trying get refund laughable,Positive,Negative,0.5321293,0.5321293,0.019700503,0.44817019
fix anti cheat,Neutral,Negative,0.8188533,0.8188533,0.104743764,0.07640291
suck,Negative,Negative,0.87228703,0.87228703,0.045421608,0.08229148
best game,Positive,Positive,0.98675436,0.009997923,0.0032477726,0.98675436
anticheat broken error prevents launching game,Negative,Negative,0.92914855,0.92914855,0.007522744,0.06332871
haaland,Neutral,Neutral,0.92667514,0.032721527,0.92667514,0.04060336
,Neutral,Neutral,0.8198435,0.08540768,0.8198435,0.09474888
shocking,Negative,Negative,0.487638,0.487638,0.25097138,0.26139075
gameplay graphic,Neutral,Neutral,0.39256874,0.33013788,0.39256874,0.27729338
like recommend,Positive,Positive,0.8922852,0.103878714,0.0038361044,0.8922852
thew best ever,Positive,Positive,0.9800444,0.015474998,0.0044805296,0.9800444
really wanted able play game not optimized pc constant fps stuttering make game impossible play tried almost fix could find online none worked fact even go length get work depressing hopefully figure not holding breath ea,Negative,Positive,0.84284663,0.13542382,0.021729598,0.84284663
game interesting difficulty entering game bigger playing game wonderful anti cheat rule actually plenty user play line mode rather ut mode fact although ea use anti cheat phenomenon cheating also exist end say enter game successfully haha,Positive,Negative,0.69993997,0.69993997,0.014673804,0.2853862
deserves money,Neutral,Neutral,0.5808283,0.2872008,0.5808283,0.13197085
good amount fun bug,Positive,Positive,0.97229093,0.024979753,0.002729316,0.97229093
game fucking as,Negative,Negative,0.91261744,0.91261744,0.018614745,0.06876782
love football deal got,Positive,Positive,0.9933782,0.005244987,0.0013768632,0.9933782
took long time download restarted downloading day played,Positive,Positive,0.86452216,0.10517132,0.03030651,0.86452216
framrate started game literally not exaggerated frame per second,Neutral,Negative,0.9146365,0.9146365,0.023331786,0.062031675
cannot open week,Neutral,Negative,0.5160052,0.5160052,0.29614425,0.18785055
game even start bother piece garbage first issue anti cheat quick update fix update game simply start edit another update around gb game start requested refound not buy,Negative,Negative,0.6505637,0.6505637,0.09841582,0.2510204
crap never seen many bug,Negative,Negative,0.9275522,0.9275522,0.02645109,0.0459966
fire cop,Negative,Negative,0.86911684,0.86911684,0.028935755,0.101947464
take leave,Negative,Neutral,0.5608322,0.039601747,0.5608322,0.3995661
still launch,Neutral,Neutral,0.9379708,0.021926902,0.9379708,0.040102247
happy korean lunar new year,Positive,Positive,0.75772846,0.16914792,0.073123656,0.75772846
game lon,Neutral,Neutral,0.9537139,0.020599522,0.9537139,0.02568662
trash better component need going good game freeze keep crashing save money,Positive,Positive,0.97769564,0.018258115,0.004046328,0.97769564
laggy buggy af,Neutral,Neutral,0.77157867,0.16251361,0.77157867,0.06590769
terrible fps many problem,Negative,Negative,0.99061793,0.99061793,0.0005101737,0.008871901
play way much,Positive,Positive,0.8047145,0.15150833,0.04377713,0.8047145
je li chcesz gra nocy sprawd czy nie masz siad eby ich nie obudzi,Neutral,Neutral,0.99983907,9.587329e-05,0.99983907,6.504258e-05
havent come across gameplay bug pretty bias negative,Negative,Negative,0.5318836,0.5318836,0.0153914895,0.45272487
point,Neutral,Neutral,0.9681719,0.014360244,0.9681719,0.0174679
meh,Negative,Negative,0.69201976,0.69201976,0.11901128,0.18896897
game good rage alot graphic great ultimate team annoying sometimes,Negative,Positive,0.5828237,0.40340027,0.013776044,0.5828237
brillient,Neutral,Neutral,0.9720357,0.013054964,0.9720357,0.014909259
good,Neutral,Positive,0.92512983,0.054977793,0.019892411,0.92512983
sssssssss,Neutral,Neutral,0.9720357,0.013054964,0.9720357,0.014909259
fortnite type beat,Neutral,Neutral,0.9719117,0.011418908,0.9719117,0.016669372
good game no problem anti cheat like others msi tb nvme driver date run great max setting,Positive,Negative,0.71797323,0.71797323,0.00491583,0.27711096
fuvy hiko,Neutral,Neutral,0.9905715,0.0045749354,0.9905715,0.0048536155
game not respond controler regret buying trash,Negative,Negative,0.89067787,0.89067787,0.039672,0.06965017
ce joc futacios,Neutral,Neutral,0.9867563,0.002687765,0.9867563,0.01055596
game still launch unless uninstalled easyanticheat manually ai scripted fuck depending score ai trailing better prepared god mode,Positive,Positive,0.8796832,0.09634812,0.023968646,0.8796832
good,Positive,Positive,0.92512983,0.054977793,0.019892411,0.92512983
get game free,Positive,Positive,0.9242389,0.045993846,0.029767247,0.9242389
game meh look instead,Negative,Negative,0.7335771,0.7335771,0.09282571,0.17359714
first game,Neutral,Neutral,0.8138734,0.0442879,0.8138734,0.14183864
refunded imagine asking people make change machine bios paly game yeahhhhh no thank p potential buyer game start secure boot not enabled lot people cannot enable machine support secure boot frankly stated minimum requirement specification case ahhhhh much hope proper football game released different developer one day one day happen,Negative,Positive,0.97235066,0.019117335,0.008532007,0.97235066
joke,Positive,Positive,0.90627486,0.05266755,0.041057605,0.90627486
fix anti cheat problem,Negative,Negative,0.9756722,0.9756722,0.0033413598,0.020986523
bug everywhere waste money time world cup even select team,Negative,Negative,0.6169234,0.6169234,0.079275645,0.30380088
dont pay thes shet,Positive,Neutral,0.91708636,0.05457465,0.91708636,0.028338997
een kut game,Neutral,Neutral,0.9837388,0.008876398,0.9837388,0.0073847948
play ultimate team lot mainly play career game good play gaming laptop asus tuf gtx amd ryzen gb ram graphic good play graphic medium due low fps drop play higher graphic one game not uninstall storage sorry grammatical error not native english speaker romania,Negative,Positive,0.76610553,0.22308026,0.010814209,0.76610553
really good game lagy server anti cheat borken,Negative,Negative,0.6273126,0.6273126,0.03932743,0.33335996
handicap game unbalance lot giltches unlimited error also pay win,Positive,Negative,0.6289489,0.6289489,0.022647655,0.34840345
know everyone keep bashing ea actually one best,Positive,Positive,0.93202674,0.052750133,0.015223068,0.93202674
among u,Neutral,Positive,0.537404,0.21569876,0.24689727,0.537404
controller work since last update ffs,Negative,Negative,0.5953941,0.5953941,0.17914636,0.22545962
best game world,Positive,Positive,0.99016994,0.0076371296,0.0021928912,0.99016994
far fastest,Neutral,Positive,0.7004533,0.102278955,0.19726774,0.7004533
got addicted early made year worst one life time took away school work social interaction time get back friend recently talked playing fun decided give go grown person since believe keep playing control turn grown recognized bad ten day instead one year get angry lot playing game get primal rage daily basis instead maybe twice per year high get good heavily outweighed every time game misinterprets input teammate ai decide take nap instead running ball high get come back want play good football game go play rocket league instead,Positive,Positive,0.7143064,0.26150835,0.024185294,0.7143064
fun game,Positive,Positive,0.9529934,0.033758637,0.01324801,0.9529934
cant even open shit game,Negative,Negative,0.9636593,0.9636593,0.006185089,0.030155629
enjoying playing career mode,Positive,Positive,0.9163671,0.047963556,0.035669304,0.9163671
update ea app game not launch fix,Neutral,Neutral,0.476372,0.42880893,0.476372,0.09481911
like,Positive,Positive,0.8539407,0.11380052,0.032258756,0.8539407
well week online day non play time refund didnt pay point plus dollar couldnt play bump ur company profit yall dumb fuck defective product not usable ez refund even policy already enough evidence get money back fuck ea happens become developer money bunch reeeeeeee pc user dont buy trash mother fucker make u download use launcher inbreds,Negative,Negative,0.88828665,0.88828665,0.009074477,0.102638826
good game,Positive,Positive,0.9314501,0.050152954,0.018396938,0.9314501
cant fix game month still experiencing lag fps drop worst edition ever regret spending game neither fixing game nor initiating refund wanted get refund uninstalled game done game not going play,Negative,Negative,0.9189258,0.9189258,0.008655962,0.072418205
game never open keep crashing server trash super laggy game froze almost everytime rtx th gen gb ram,Positive,Positive,0.63498354,0.16635112,0.19866537,0.63498354
good,Positive,Positive,0.92512983,0.054977793,0.019892411,0.92512983
better efootball sure,Positive,Positive,0.99499834,0.0042888923,0.0007128019,0.99499834
graphic improved extra cut seen make game beautiful,Positive,Positive,0.9419658,0.051320042,0.0067140693,0.9419658
ur sake dont,Neutral,Neutral,0.4623829,0.37867403,0.4623829,0.15894315
dumbest game world,Negative,Neutral,0.518552,0.111591116,0.518552,0.36985686
not buy full bug,Neutral,Neutral,0.98951775,0.0057783267,0.98951775,0.004703982
lol even open game marketing game twitter like no people open game hide reply talk issue buy fix aaa game thank god refund system refunded progression,Positive,Positive,0.9697288,0.024682632,0.0055886563,0.9697288
play fut sometime maybe good sometime maybe bad perfect game draining mental health,Positive,Negative,0.58760816,0.58760816,0.007727484,0.40466434
,Neutral,Neutral,0.8198435,0.08540768,0.8198435,0.09474888
fun career mode,Positive,Positive,0.9401907,0.036340304,0.023468966,0.9401907
good gameplay,Positive,Positive,0.8767983,0.096537866,0.02666395,0.8767983
dont understand use cpu game time gpu use menu use gpu cpu even got fps start playing game got fps use cpu gpu even though play offline ea never fail let even another game,Positive,Negative,0.79731625,0.79731625,0.046212856,0.15647087
good gam ethat every aspect football cqant play unfortunately since something went wrong,Negative,Positive,0.90507185,0.08703827,0.007889927,0.90507185
problem went lauch game game not want open,Negative,Negative,0.92500657,0.92500657,0.0075040483,0.06748936
play hce cpu ghz fore core gb ram gtx video gb work nice thanks,Positive,Positive,0.8201323,0.17628202,0.0035856133,0.8201323
ea anticheat service encountered error please restart game tried several fixing method dosnt work want play,Positive,Positive,0.79209197,0.19403985,0.013868197,0.79209197
git gierka,Neutral,Neutral,0.9065396,0.028952125,0.9065396,0.06450824
imagine paying game expensive getting game beta state fps still dropping even fps cutscenes ut laggy choppy gameplay make hardware work hard getting low fps also game dont save setting everytime open game need change setting,Negative,Negative,0.7942903,0.7942903,0.038241487,0.16746812
probably realistic,Neutral,Neutral,0.95619905,0.0077168597,0.95619905,0.03608406
career guy like rebuild team also make game played game blackpool kicked issue trying launch app file dump issue computer bio complete pain know controller game screen tab sometimes controller switch mouse click tab done player yet number glitch still going upset make mad madden never really bad issue always expected really bad issue also stop algorithm putting lower leveled player career game instead actual good player,Negative,Negative,0.6555696,0.6555696,0.014526724,0.3299036
ok game not different recent game one thing new anticheat work great cheater proof since no one actually play game fixed yesterday got play today ea corrected error let play wait fix buy maybe put early access tag reduced price next time ea,Positive,Positive,0.6658281,0.2779622,0.05620964,0.6658281
loved,Positive,Positive,0.9219058,0.038495414,0.039598733,0.9219058
suweeeyyy,Neutral,Neutral,0.9720357,0.013054964,0.9720357,0.014909259
soft banned playing game mode golden goal ea introduced world cup update great work solution stop playing not even told long ban last ridiculous,Positive,Positive,0.68710333,0.27093816,0.041958537,0.68710333
better no doubt,Negative,Positive,0.6264762,0.35809472,0.015429078,0.6264762
smec rau,Neutral,Neutral,0.96519023,0.017582942,0.96519023,0.01722689
frgfg,Neutral,Neutral,0.9720357,0.013054964,0.9720357,0.014909259
please help solve anticheat issue cant play game,Positive,Positive,0.9858882,0.013206386,0.00090545183,0.9858882
paid game even launch,Neutral,Neutral,0.6518671,0.2315738,0.6518671,0.11655916
first game ive played easily best ea made sport game ive ever played,Positive,Positive,0.9960879,0.003455559,0.0004565973,0.9960879
game every year simple change still make game open without issue office discussing annoy people try play game making fix anticheat program not fixable btw congrats effort nothing issue,Negative,Positive,0.58542556,0.26650077,0.14807367,0.58542556
cannot login ea account note electronic art not affiliated valve,Neutral,Negative,0.9362118,0.9362118,0.019283704,0.044504486
great anti cheat definitely work normal player launch well,Positive,Positive,0.9394468,0.055873115,0.004680117,0.9394468
hardware not optimized running game cumbersome ea game price high dislike,Negative,Positive,0.5000756,0.3339752,0.16594923,0.5000756
uiyhgjkh,Neutral,Neutral,0.9720357,0.013054964,0.9720357,0.014909259
best game ever see,Positive,Positive,0.99449265,0.0045549427,0.0009523953,0.99449265
better,Positive,Positive,0.952345,0.028355421,0.019299623,0.952345
last,Neutral,Neutral,0.84938365,0.052473884,0.84938365,0.09814246
game not finished product whatever anybody tell oh time year fut finished no screw lying either server pc shit cant handle single online match player somehow lag switching regardless play single online match dogsh game guaranteed suffer speed lag not single spike fine game freeze speed lag catch play get another freeze speedup lag lucky game stay fine maybe minute freezing isnt connection issue wait kit selection screen fut see connection issue cause last huge connection issue would stay look good bad connection leave bad show kit selection screen full bar connection m naturally go ahead play game online experience constant speedup lag fut not repeat not finished product idk hell pc dev thinking product put not waste money game not worth increased price last arguably not even worth normally spend money nice kit favorite team dont give ea money,Negative,Negative,0.9625288,0.9625288,0.006047883,0.03142334
fuckin trash game crash many time cant play game see crash time,Negative,Negative,0.73016274,0.73016274,0.039599963,0.23023741
wont start,Neutral,Neutral,0.98046917,0.008399644,0.98046917,0.011131202
laggy hell not bad,Positive,Negative,0.9840667,0.9840667,0.001972312,0.01396092
bad optimization,Negative,Negative,0.8952699,0.8952699,0.01319976,0.09153032
great game waste money,Positive,Positive,0.94381636,0.05410628,0.0020773057,0.94381636
help,Positive,Positive,0.8748366,0.09368784,0.031475585,0.8748366
reason got ultimate edition career mode homegrown talent local youth prospect world class potential career mode game feel sluggish waste money last year better,Positive,Positive,0.85996205,0.12506977,0.014968209,0.85996205
game fucking broken barley launch,Negative,Negative,0.8795578,0.8795578,0.05319445,0.06724777
game god,Positive,Positive,0.8571124,0.071212694,0.0716749,0.8571124
fix anticheat gawdamn,Neutral,Neutral,0.9747808,0.012823078,0.9747808,0.012396054
ne,Neutral,Neutral,0.979428,0.0085565215,0.979428,0.0120154265
,Neutral,Neutral,0.8198435,0.08540768,0.8198435,0.09474888
rather buy winrar,Neutral,Neutral,0.99056995,0.0058837333,0.99056995,0.0035463015
stupid anti cheat,Negative,Negative,0.98667926,0.98667926,0.0019477287,0.0113731
ea anticheat service encountered error please restart game program file ea ac eaanticheat gameservice exe,Negative,Negative,0.5474238,0.5474238,0.047227368,0.40534893
dogwater game dogshit server messi pistiano tapinaldo,Neutral,Neutral,0.9998908,6.5703505e-05,0.9998908,4.3517004e-05
someone finally sue asshole,Negative,Positive,0.72522867,0.119199105,0.1555722,0.72522867
waste money time effort trash developer,Negative,Negative,0.68303585,0.68303585,0.06505415,0.25190997
ultra scripted game,Neutral,Neutral,0.8806509,0.03218581,0.8806509,0.08716336
must worst game ever played no im not new triple company game feel like employee worked game year non stop tied basement even banned ea support asking refund anti cheat not working wish everyone bought game heap fun havent yet think hard long spend euro omg pile,Negative,Negative,0.84312886,0.84312886,0.01214014,0.14473097
game crash select play game,Positive,Positive,0.72985077,0.21712849,0.053020727,0.72985077
played quite hour think better idea wanted feel like time career worth hour career feel like care well play start career team even best team work make starter game starter feel like nothing else fun room check trophy win spend money anything like new outfit bigger house even maybe thing inside house purchasing investment line text feel incredibly boring think story line instance starting low end team working best team cool goal strive cool cut scene stuff achieve end goal make exciting accomplish right feel like nothing accomplish unless make situation game focus heavily playing manager playing someone else focus little rp aspect mean people enjoy campaign little look forward every year find watching video hoping implement make feel rewarding play campaign hoping would one not one soccer mechanic work incredibly well found game consist bug main menu poorly optimized even seems lag little quite satisfying score goal simply want play virtual soccer version best one yet hopefully add love campaign spruce people want story driven campaign,Positive,Positive,0.9948849,0.0043285303,0.00078651705,0.9948849
took crazy amount time get launch something wrong anticheat launcher,Negative,Negative,0.9152307,0.9152307,0.013936661,0.07083267
worst optimization ever seen,Negative,Negative,0.9656843,0.9656843,0.0019184898,0.03239727
good glitch like training centre cant select third training slot others selected,Positive,Positive,0.8784178,0.10867184,0.012910365,0.8784178
plz dont buy game played like hour coudn tell many time wanted kill amount time raged threw controller beat shit something plz dont buy,Positive,Negative,0.8539934,0.8539934,0.010589148,0.13541746
game,Neutral,Neutral,0.8953033,0.045139335,0.8953033,0.059557382
shitt game always disconected win game lose not disconected,Positive,Negative,0.6459727,0.6459727,0.057117723,0.29690948
done window update,Neutral,Neutral,0.5731771,0.23157778,0.5731771,0.1952451
actually like game play like ball,Positive,Positive,0.96719414,0.031265784,0.0015401033,0.96719414
rare dub ea,Neutral,Neutral,0.9795114,0.011409,0.9795114,0.009079575
cant recommend game cant even play ea claimed fixed problem made worse ever thought getting game not,Negative,Negative,0.9542745,0.9542745,0.0033451442,0.042380393
ya,Neutral,Neutral,0.97865355,0.0071596643,0.97865355,0.0141868405
big kick,Neutral,Neutral,0.79658395,0.112392455,0.79658395,0.09102364
hey trying get told enable boot security bui tried lot thing work,Positive,Positive,0.5536615,0.29676887,0.14956948,0.5536615
running ti gb ddr mhz tb pci ssd rig getting around frame game unplayable fix shit ea give money back also crossplay trash friend time life p join anything,Negative,Negative,0.86342096,0.86342096,0.020233415,0.1163456
game doesnt even open time regret buying much,Negative,Negative,0.89579874,0.89579874,0.027049707,0.07715157
dead game im hour honestly say great visualisation downfall ea sport since downward spiral game full glitchy mechanic bug aweful gameplay sadly fut also became pay win gamemode no longer enjoyable sbc no longer challenging game see meet opponent either godsquads player division higher op tactic meta time apply team career mode dead nothing recent fm game game another prime example game made cater younger player likely pump parent money pack get jordan henderson inform sell coin advice save money invest anything else,Positive,Negative,0.6695255,0.6695255,0.022708882,0.30776563
ea,Neutral,Neutral,0.8803578,0.057872884,0.8803578,0.061769363
gud game best rage see love bkack fast men,Positive,Positive,0.9949167,0.004449336,0.0006340368,0.9949167
want game free,Positive,Positive,0.96296394,0.032989345,0.004046733,0.96296394
game straight sbc fodda,Positive,Positive,0.5617167,0.3548224,0.08346088,0.5617167
best soccer game,Positive,Positive,0.9929264,0.0045344825,0.0025390822,0.9929264
another year ol game usual take money hala madrid,Neutral,Neutral,0.85475296,0.059610736,0.85475296,0.08563631
bad server,Negative,Negative,0.9076787,0.9076787,0.024830882,0.0674904
xdfvcxsdzfvg,Neutral,Neutral,0.9720357,0.013054964,0.9720357,0.014909259
always fun general lot bug glitch especially fut playing fut rival co v someone alone winning opponent leave game fut get confused give nd win since one side play co time friend get win case win go opponent losing ridiculous game pause glitch make pause timer menu disappear basically stuck preview screen match forever forced alt way lose game opponent game leaving glitch make still keep playing half opponent team get nd player blue triangle basically stuck alone game opponent already gave give win still case least annoying captured glitch ob ridiculous goalkeeper glitchy asf opponent score goal really like keeper player run eachother etc ball awkwardly go goal fix please ridiculous player duplicated open pack either sell coin forced sbc hate putting time stop forcing player something item not sorted huge fps loss freekicks corner kick penalty game replay goal kick etc basically anything zoom player fps go stable fps almost fps make harder player aim time additional note playing coop rival friend winning opponent leaf get no win minute besides sound theme missing new present older like example crowd audio galatasaray accurate random not put effort team outside premier league england country play football least making everyone pay full game price every single year also funny base game audio not used fut limited searching thing stadium staff transfermarkt,Negative,Negative,0.6983768,0.6983768,0.0193884,0.28223488
shit as,Negative,Negative,0.9921962,0.9921962,0.00037748134,0.007426378
alright,Positive,Positive,0.8841347,0.0819583,0.033906948,0.8841347
like game please optimize game scene celebration like minimum spec,Positive,Positive,0.98344916,0.015700806,0.00085006305,0.98344916
ive trying play day yet play wont launch say running isnt im left nothing loading not cool,Positive,Positive,0.8999147,0.08907225,0.011013027,0.8999147
game actually start barely control buggy utterly unplayable first act like constantly pushing joystick left without even touching making menu unusable start somehow fix get even weirder bug try select button select button directly left also skip certain button scrolling menu well making unselectable struggling hour finally get actual game yea work none control anything game think want use mouse used absolutely unplayable start finish well never get finish crap control besides game look like crap everyone uncanny valley look freak course game constantly pushing fut scam well wanted play world cup mode time happy found free promotion pay crap not buy work unless total nerd go rooting pc config setting not worth even knew,Positive,Negative,0.47863004,0.47863004,0.058219723,0.46315026
thanks eaanticheat cant even make game,Positive,Positive,0.66057366,0.28632656,0.053099696,0.66057366
small bug annoying,Negative,Negative,0.6406183,0.6406183,0.04813516,0.31124654
good game,Positive,Positive,0.9314501,0.050152954,0.018396938,0.9314501
honest game bad already knew minor change gimmick every mode last year dollar instead already rip like playing problem every year career mode always even add tacky gimmick ultimate team game mode embarrassed play pro club even broken ever spamquit volta level pro club somehow character creation mode literally realistic hairstyle crazy wacky hairstyle even make bald somehow forgot make bald option body type breaking game day imagine happens release overall phil jones later year anyway game already pre ordered,Negative,Negative,0.875038,0.875038,0.014366732,0.110595204
best played really fun said hindsight ran game amount headache facing trying get p controller properly work unspoken controller run fine offline match online feel like button recognized game horrible controller run fine game tried many thing connecting wifi cable activating deactivating controller setting messing nvidia setting etc gave play online official guideline deal problem not exclusive seen many reddit post problem also amount lag server horrible good connection connected cable router still deal lag match even setting find opponent nearby crossplay disabled would recommend somewhat savvy pc know way around fixing problem like yes take risk game good nothing bad say game problem purely structural think possible could suffer problem otherwise no would not recommend,Negative,Negative,0.6394143,0.6394143,0.001418058,0.35916764
people play game future pedos wife beater,Positive,Negative,0.5264221,0.5264221,0.024392983,0.4491849
bug,Neutral,Neutral,0.9164584,0.037905205,0.9164584,0.04563637
several month anticheat still problem update month later verify file integrity everyday able play,Positive,Positive,0.6274488,0.3540373,0.01851384,0.6274488
worst game ever played,Negative,Negative,0.92914724,0.92914724,0.0017319103,0.069120824
jk,Positive,Neutral,0.8836999,0.037698776,0.8836999,0.07860132
game get worse every year soccer video game never reach even close full potential ea competition game wont even open joke,Negative,Negative,0.64778256,0.64778256,0.030589668,0.32162774
outside foot shot go brrrrrrrr,Neutral,Neutral,0.9892274,0.0044237585,0.9892274,0.006348818
fix game,Neutral,Neutral,0.9571564,0.022643449,0.9571564,0.020200133
ea fix freaking anti cheat bug moron,Negative,Negative,0.9238544,0.9238544,0.021281093,0.054864526
free still wouldnt recommend,Positive,Positive,0.95141983,0.04444716,0.0041329167,0.95141983
ready play,Positive,Positive,0.87484586,0.10476347,0.020390712,0.87484586
grind realllllll,Neutral,Neutral,0.8295233,0.012089197,0.8295233,0.1583874
cristo ronaldo seweyy,Neutral,Neutral,0.98779696,0.0062735933,0.98779696,0.0059294584
game bad pc poor optimization,Negative,Negative,0.97933906,0.97933906,0.0012419128,0.01941897
fun get put broken card game every match mommy credit card not worth time effort cash keep loser either no life game sink money,Negative,Negative,0.9115651,0.9115651,0.004187043,0.08424785
piece shit buggy game thx romania country,Negative,Negative,0.84414923,0.84414923,0.02335432,0.13249649
chinese new year,Neutral,Neutral,0.98805064,0.0057238163,0.98805064,0.006225563
good game take money,Positive,Positive,0.9367391,0.0419689,0.021292094,0.9367391
poor optimization shitty gameplay toxic community scripted match fut best,Positive,Negative,0.8870783,0.8870783,0.0038100688,0.10911161
not hot tbh,Neutral,Neutral,0.75856024,0.19010997,0.75856024,0.051329847
sangap best,Positive,Positive,0.97731555,0.016330175,0.0063542537,0.97731555
ive played every year one keep coming back,Positive,Negative,0.55556774,0.55556774,0.16276188,0.28167048
hell yes fun,Positive,Positive,0.942002,0.056136966,0.0018610833,0.942002
worst ever published wasted hour open game still kill not necessary apps run origin admin run folder admin broken market day fut hero pack nightmare couldnt even imagine p time better crap fu money spent atleast fix game run normally cause im gettin sick perform ritual every single time want run shit,Negative,Negative,0.99411666,0.99411666,0.0001173292,0.005766025
socrfotbl,Neutral,Neutral,0.9720357,0.013054964,0.9720357,0.014909259
bad early access unplayable refunded maybe month maybe never reason stopped working ea,Negative,Negative,0.9012315,0.9012315,0.016153991,0.08261452
sick game,Negative,Negative,0.8360376,0.8360376,0.05163441,0.112328
amazing game,Positive,Positive,0.9912514,0.0061708027,0.002577769,0.9912514
simple best,Positive,Positive,0.9659086,0.021400003,0.012691385,0.9659086
th oct game lag hell game still unplayable fps drop fps even playing lowest graphic setting dev wasted money sh unstable game something,Negative,Negative,0.9474739,0.9474739,0.005432193,0.047093835
good true,Positive,Positive,0.9502547,0.036518123,0.013227176,0.9502547
good game,Positive,Positive,0.9314501,0.050152954,0.018396938,0.9314501
game lot lag spike stuttering even though good performance pc force rtx fix game ea,Negative,Negative,0.8172539,0.8172539,0.02679671,0.15594932
good football game,Positive,Positive,0.96306443,0.022663152,0.0142723285,0.96306443
game not even start buy game,Neutral,Neutral,0.95496625,0.028282601,0.95496625,0.016751084
awful awful game sh server awful technicality behind lag slow ea server synchronise couldnt synchronise fuccking turtle awful game,Negative,Negative,0.9970835,0.9970835,0.00012322134,0.002793218
always good,Positive,Positive,0.81260985,0.14625305,0.041137088,0.81260985
playing hour say game pretty buggy anti cheat even work many hour spent trying waiting anti cheat work need extremely lucky make work tried reinstalling ac installer still problem still time work sometime enough waiting ac loading get error message everytime,Negative,Negative,0.86516815,0.86516815,0.0065445225,0.12828737
muchas gracias aficion esto e para vosotros suuuuuuuuuuu,Neutral,Neutral,0.9998191,6.4337866e-05,0.9998191,0.00011660921
cant even launch bloody thing coz anticheat,Negative,Negative,0.8294857,0.8294857,0.036995962,0.13351837
recommended buy play game fluid gameplay hypermotion dont experience safe boot error etc beside mirror issue training center chapter sprint mouse movement mission didnt want complete even trying multiple time,Negative,Negative,0.56942266,0.56942266,0.028367829,0.4022094
unplayable using pc keyboard configuring defence key change attacking key configuration poor experience,Negative,Negative,0.88138443,0.88138443,0.0083447,0.11027086
recommend best football simulator far finished product easily manageable pc lot bug access issue general obstacle enjoying experience entirely beautiful fun game football fan gamer man thing glitchy af need work edit latest glitch despite trying virtually everything game refuse launch no update anything stopped launched extremely extremely frustrating,Positive,Positive,0.7918345,0.20477667,0.0033888628,0.7918345
trash,Neutral,Neutral,0.95814013,0.016366702,0.95814013,0.025493177
good fun everything,Positive,Positive,0.9945041,0.0049465066,0.00054932956,0.9945041
vitun paskaa kuraa ku peli ei ee ynnisty,Neutral,Neutral,0.9897132,0.0021795086,0.9897132,0.008107254
yo father probably one oldest people playing game single father son son got game christmas uncle installed computer started playing end week hour game horrible already hard find way spend time son always friend watching youtube decided make account get game see could maybe play alongside loaded game picked character world started playing stuck supposed asked son help hosted game join loved best time spent son since wife died game ever since brought son closer actually spend time together outside house together well game reminded fun everything brought son many happy memory,Positive,Positive,0.99519664,0.0038956595,0.00090769574,0.99519664
special game love,Positive,Positive,0.98485595,0.012287732,0.002856334,0.98485595
doesnt start please fix,Negative,Positive,0.71614856,0.12973122,0.15412028,0.71614856
install various issue anti cheat finally troubleshooted effort need booting initial menu could ea incredibly wealthy titan industry release broken title work,Negative,Negative,0.5352169,0.5352169,0.049181543,0.41560155
resolution keep glitching making impossible even get game usual ea statement fix around issue even though multiple post reddit ea forum even say whether good game not not game gb trash code,Positive,Negative,0.6355727,0.6355727,0.076742984,0.28768426
one worst fifas ive ever played,Negative,Negative,0.80597216,0.80597216,0.00444571,0.18958217
even start game hour actually start bunch bug inside game,Neutral,Positive,0.46449605,0.21506628,0.32043767,0.46449605
game broken pc,Negative,Negative,0.82893074,0.82893074,0.057243906,0.11382543
gameplay feel sloppy player feel non responsive career mode still copy paste player career mode still dont contract negotiation overall disappointing,Negative,Negative,0.71218705,0.71218705,0.039033245,0.24877968
liked also amazing like lot way play like make team suit style especially new stuff,Positive,Positive,0.9957338,0.003746811,0.00051939883,0.9957338
win xd,Positive,Positive,0.9925565,0.00488761,0.0025558926,0.9925565
ea anti cheat kampret,Negative,Negative,0.8462576,0.8462576,0.08370208,0.07004027
hanging frame drop not smooth,Negative,Negative,0.7885392,0.7885392,0.07755368,0.13390714
gameplay fun meta not say fk meta play whatever want,Positive,Positive,0.61391115,0.37512752,0.010961232,0.61391115
,Neutral,Neutral,0.8198435,0.08540768,0.8198435,0.09474888
launcher almost always fails process incredibly slow anticheat causing mayhem whatever reason not mention game worst defending ai system ever seen pure scam robbed money never purchase anything ea,Negative,Negative,0.96843284,0.96843284,0.0053743,0.026192896
cant even load bro waste money,Negative,Negative,0.85105896,0.85105896,0.04695612,0.101984926
kyaaaaaa messi wessi finally started dating think happy ending route especially love jiggle animation way handle ball neymar daddy love sweat ball handling session,Positive,Positive,0.98299825,0.008776398,0.008225367,0.98299825
ed,Neutral,Neutral,0.4425332,0.22519976,0.4425332,0.33226708
get game run click launch origin thing never get game,Neutral,Negative,0.57404983,0.57404983,0.2042529,0.22169727
toxic,Neutral,Neutral,0.91876596,0.020643855,0.91876596,0.060590196
bad,Negative,Negative,0.8932206,0.8932206,0.025855914,0.08092349
esta wea no abre mi estimados acaban de cagar con el la conchetumare ea ladron devuelvanme la plataaaa eso e todo mi estimados que tengan buen dia,Negative,Negative,0.67656726,0.67656726,0.049479388,0.27395335
bad port pc drop fps every cut scene,Negative,Negative,0.9913259,0.9913259,0.0005076284,0.008166393
siiiiuuuuuuuuuuuuuuuuu,Neutral,Neutral,0.9720357,0.013054964,0.9720357,0.014909259
url potential fix performance url helped although far perfect original game completely broken take minute boot crash constantly boot menu unresponsive laggy constant fps drop stuttering lose complete control second corner kick every game laggy even good internet fix game ea ridiculous,Negative,Negative,0.61999375,0.61999375,0.03641748,0.34358886
shit game cant even play p xbox player ea lazy cunt,Negative,Negative,0.97515863,0.97515863,0.0010999499,0.02374139
suuuuiiii,Neutral,Neutral,0.9720357,0.013054964,0.9720357,0.014909259
even launch game gotta wait next update never buy care time money,Positive,Negative,0.7029556,0.7029556,0.07360861,0.22343586
ujjjjjjjjjjj,Neutral,Neutral,0.9720357,0.013054964,0.9720357,0.014909259
new year mistake,Negative,Negative,0.8165805,0.8165805,0.07381381,0.109605715
suck bad game forgets played every time load make go tutorial select team every time buggy ultimate team even work crash constantly,Negative,Negative,0.9485737,0.9485737,0.007054369,0.04437192
kod,Neutral,Neutral,0.9720357,0.013054964,0.9720357,0.014909259
game robbery,Positive,Neutral,0.553893,0.19584689,0.553893,0.25026006
reco like football addictive fk ea love scamming pack,Positive,Positive,0.9844781,0.012563891,0.0029579755,0.9844781
stupid dont access everything bought game,Negative,Negative,0.95045614,0.95045614,0.012304871,0.037239045
regret life choice,Negative,Negative,0.82590526,0.82590526,0.060112815,0.113981925
fun game,Positive,Positive,0.9529934,0.033758637,0.01324801,0.9529934
game suffers severe case suck,Negative,Negative,0.88525397,0.88525397,0.021254247,0.09349184
ea server awful,Negative,Negative,0.9291916,0.9291916,0.018538844,0.05226959
good game opinion,Positive,Positive,0.93918216,0.047792755,0.013025108,0.93918216
getting soft banned playing game mode ea designed,Negative,Negative,0.48200512,0.48200512,0.078103006,0.4398919
one word anticheat still play app even launch tell already running problem setup need reinstall reinstalled time,Negative,Negative,0.8224199,0.8224199,0.026744911,0.1508352
nce,Neutral,Neutral,0.9537029,0.020992681,0.9537029,0.025304418
lblkj,Neutral,Neutral,0.9720357,0.013054964,0.9720357,0.014909259
not working need uninstall install ea anti cheat every time hassle,Neutral,Negative,0.55473226,0.55473226,0.16638696,0.27888075
game not open,Neutral,Neutral,0.9388779,0.04021241,0.9388779,0.02090977
would rather kill play dogshit series,Negative,Negative,0.80915195,0.80915195,0.046249464,0.14459853
many bug game supposedly developed billion dollar company,Neutral,Neutral,0.4895676,0.20183608,0.4895676,0.30859622
,Neutral,Neutral,0.8198435,0.08540768,0.8198435,0.09474888
get start game congratulation get play game made people probably never watched full game life would perfectly fine youtube compilation ready show great scorer forget defence non sense might well get intern fill post beside standing ai defence player might well not exist career mode usual thought glad got barely anything even feel like robbed,Positive,Positive,0.9743878,0.020306196,0.0053060073,0.9743878
still bad game next gen treatment crossplay nice gameplay still bun im hypocrit deserve pain world supporting ea another year seppuku way climb depth hades order gain level self respect playing game extra dollar spent ultimate edition got day early access cause ea valve dont want talk one worst totw player le fee worst otw adam taking sorrow local bar waiting sobering end usa knocked world cup losing iran even though best talent since early time edible,Negative,Negative,0.5508488,0.5508488,0.030747501,0.41840369
suiii,Neutral,Neutral,0.97661144,0.0092357155,0.97661144,0.014152837
laggy,Neutral,Neutral,0.8766013,0.0674447,0.8766013,0.055953957
full bug,Neutral,Neutral,0.97560674,0.011158394,0.97560674,0.0132348975
hbnvbvhjgj,Neutral,Neutral,0.9720357,0.013054964,0.9720357,0.014909259
dadada,Neutral,Neutral,0.9720357,0.013054964,0.9720357,0.014909259
slightly different game previous fifas realistic bit challenging slight bug fixed still worth money,Positive,Positive,0.9779082,0.0153690595,0.006722692,0.9779082
kol,Neutral,Neutral,0.93998903,0.02459573,0.93998903,0.03541519
game make stop buying full bug bad optimisation,Negative,Negative,0.94417524,0.94417524,0.0043687974,0.051455982
goody game,Neutral,Neutral,0.96888953,0.01382131,0.96888953,0.01728908
game practically fun friend good game,Positive,Positive,0.99395543,0.0053827143,0.00066185603,0.99395543
sse,Neutral,Neutral,0.9720357,0.013054964,0.9720357,0.014909259
bad game want money,Negative,Negative,0.91306406,0.91306406,0.0056900615,0.08124598
fuck game,Negative,Negative,0.926917,0.926917,0.016761806,0.056321286
turn game,Neutral,Neutral,0.9673309,0.012506484,0.9673309,0.020162715
kudu best player ever,Positive,Positive,0.97694016,0.016000675,0.007059159,0.97694016
good rekonmend,Positive,Positive,0.9269501,0.0508543,0.022195708,0.9269501
solid game worth buck,Positive,Positive,0.86071295,0.12745866,0.0118283825,0.86071295
play game also manage log cant buy point web app,Negative,Negative,0.7915929,0.7915929,0.023867644,0.18453948
wassa play,Positive,Positive,0.7127851,0.2294524,0.057762392,0.7127851
recomand sa va pierdeti neuroni,Neutral,Neutral,0.8906716,0.038830675,0.8906716,0.0704977
best gameplay since shame lengthy nerf tho,Positive,Positive,0.78948736,0.2029601,0.0075524747,0.78948736
siuuuuuuuuuuu,Neutral,Neutral,0.9720357,0.013054964,0.9720357,0.014909259
get memory dump error cant open game wasted euro,Negative,Negative,0.98090047,0.98090047,0.0012393531,0.0178601
cnmb korean lunar new year,Neutral,Neutral,0.9417374,0.04296047,0.9417374,0.015302075
,Neutral,Neutral,0.8198435,0.08540768,0.8198435,0.09474888
even launch game write already played hour use asus zenbook pro duo arleady fulfil requirement game not even launch game shame ea,Negative,Negative,0.925668,0.925668,0.009269507,0.06506254
h,Neutral,Neutral,0.73920697,0.061475433,0.73920697,0.19931756
futebol,Neutral,Neutral,0.955454,0.018962903,0.955454,0.025583137
noice,Neutral,Positive,0.55640423,0.14402531,0.29957053,0.55640423
played game hour sucking keep getting as handed ut online match fun nowhere received perma ban ea breaking tos said cheating kind messed even ing jockey defend even proper pas spent usd game purchase treat love god mental health not buy game lot peep got unknown ban thrown,Positive,Positive,0.75509876,0.21532187,0.029579442,0.75509876
,Neutral,Neutral,0.8198435,0.08540768,0.8198435,0.09474888
game sometimes decides not open,Neutral,Neutral,0.9584307,0.030339248,0.9584307,0.011230074
ball go,Neutral,Neutral,0.8337312,0.09142352,0.8337312,0.074845344
cancer,Negative,Negative,0.87704563,0.87704563,0.03363707,0.0893173
game mid,Neutral,Neutral,0.94476736,0.018607693,0.94476736,0.036624953
wasted pre order even play game cause antycheat tested solution still not working,Neutral,Positive,0.608631,0.35536465,0.03600431,0.608631
best game,Positive,Positive,0.98675436,0.009997923,0.0032477726,0.98675436
fps reset pc launch game,Neutral,Positive,0.43313372,0.40630493,0.16056137,0.43313372
everyone look fat reason like change thing,Positive,Positive,0.5669696,0.397829,0.035201382,0.5669696
get ultimate edition bug ea anticheat,Neutral,Neutral,0.44327614,0.15439181,0.44327614,0.40233207
well play since no say,Positive,Negative,0.6005869,0.6005869,0.013762716,0.3856504
many bug,Neutral,Neutral,0.9480622,0.028194157,0.9480622,0.023743587
arsch spiel aber bitte nn toty,Neutral,Neutral,0.9986285,0.0007435661,0.9986285,0.000627946
game fun,Positive,Positive,0.93654996,0.045158114,0.018291835,0.93654996
game always driver incompatibility issue alt tabbing mid game minimizing running driver issue wonder ea resolve would honestly not recommend shitty game,Negative,Negative,0.60891056,0.60891056,0.024648769,0.36644068
ml kl,Neutral,Neutral,0.98812383,0.0043025413,0.98812383,0.0075736507
not worth time,Negative,Negative,0.68150485,0.68150485,0.067288734,0.25120637
worst optimized game ever see crash crash high end pc,Negative,Negative,0.9067213,0.9067213,0.0044383015,0.08884043
game ngentot,Neutral,Neutral,0.870434,0.074779876,0.870434,0.054786205
man game literally stink fut division rival controller go dead game go slow stand watching opponent goal,Negative,Negative,0.7923123,0.7923123,0.042197715,0.16549002
playing crossplay season online always laggy make lose fix crossplay lag,Negative,Negative,0.9717243,0.9717243,0.0008707859,0.027404936
havent played since like pretty cool,Positive,Positive,0.99759185,0.0023425159,6.5689244e-05,0.99759185
guud,Neutral,Neutral,0.9900664,0.0041406103,0.9900664,0.005792953
fcking anti cheat,Negative,Negative,0.87824553,0.87824553,0.056602176,0.0651522
cant fucking launch game,Neutral,Neutral,0.9472875,0.036698014,0.9472875,0.016014498
game really buggy spend time trying find solution fix rather playing,Positive,Positive,0.6473488,0.27519447,0.07745675,0.6473488
hit boll soccer go zoom,Neutral,Neutral,0.98550594,0.0066709467,0.98550594,0.007823103
good game overall people might not notice subtle change gameplay made pretty amazing ball physic improved lot much control option set piece also introducing woman club football great step towards promoting woman football career mode pretty much majorly gameplay make better,Positive,Positive,0.9986327,0.0011977416,0.00016952616,0.9986327
cl amazin,Neutral,Neutral,0.9905715,0.0045749354,0.9905715,0.0048536155
feel like playing bunch qte instead actually controlling football game like playing pe control set assist mode defending line completely non existent pass never go way want goal extremely unsatisfying way easy score goal first game scored goal conceded absolute worst time no doubt also constantly refuse start meaning either uninstall anti cheat reinstall anything even reinstalling edit many hour game still reccomend big football fan want either play career mode recent roaster bothered mod want experience new gen honestly change much need heavily adjust slider game inkling fun even braindead ai teammate scripting give many frustrating moment,Positive,Positive,0.5966874,0.38870138,0.014611152,0.5966874
bit improved bit still lot fix,Positive,Positive,0.9706444,0.012606084,0.016749492,0.9706444
honestly didnt think could get worse automated trash,Neutral,Negative,0.61253375,0.61253375,0.03146041,0.35600585
hell ea go backwards trying revolutionize game game mechanic atrocious mean best previous game dear god waited ea three four update getting year,Positive,Positive,0.90471715,0.07228314,0.022999652,0.90471715
ccc,Neutral,Neutral,0.9720357,0.013054964,0.9720357,0.014909259
full glitch really bad experience,Negative,Negative,0.8789192,0.8789192,0.030695757,0.09038504
new upgrade game cool graphic great still scripted fun gameplay apart scripting infuriating ever,Positive,Positive,0.98569494,0.012266819,0.00203818,0.98569494
dsad,Neutral,Neutral,0.9720357,0.013054964,0.9720357,0.014909259
gameplay much better,Positive,Positive,0.9089795,0.0632336,0.027786879,0.9089795
best game dont recomend playing game lazy game lot grind,Negative,Positive,0.9926778,0.0063085193,0.001013677,0.9926778
setting keep reseting,Neutral,Neutral,0.9653733,0.024032986,0.9653733,0.0105937775
way many bug ultimate team keep shutting connection issue game launch half time playable highlight cancel goal online offline experience bad,Negative,Negative,0.9571795,0.9571795,0.006341949,0.036478564
even first title update game refuse work,Neutral,Positive,0.42128447,0.3431696,0.23554596,0.42128447
fajne,Neutral,Neutral,0.9795701,0.0088024605,0.9795701,0.01162747
bad game better,Negative,Positive,0.5752138,0.41451,0.010276223,0.5752138
dont buy game not fun anymore made harder play player career manager career want ur money dont victim like never ever buying game anymore done,Negative,Positive,0.79491496,0.1728643,0.032220706,0.79491496
great get rid anticheat,Positive,Positive,0.9710987,0.024259934,0.004641341,0.9710987
outstanding hypermotion tech no comparison soccer game play tech market licensing content top notch fut far complete exiting state art football experience way go ea sport,Positive,Positive,0.9737821,0.020026207,0.0061917217,0.9737821
game bad,Negative,Negative,0.8807341,0.8807341,0.02770992,0.091556
remove annoying contract system single button claim objective reward duplicate card option store club used sbcs later like game tho,Positive,Negative,0.54795337,0.54795337,0.04259048,0.40945613
omk,Neutral,Neutral,0.938149,0.026613237,0.938149,0.035237815
not buy game able play maybe minute rest trying get game launch via various troubleshooting technique fucking pathetic,Positive,Positive,0.69809294,0.26524872,0.036658257,0.69809294
like scripted game winner decided beforehand go ahead buy,Positive,Positive,0.8334845,0.12289558,0.043619927,0.8334845
many error update not run admin access even setup admin access anti cheat show error still not play,Negative,Negative,0.97774714,0.97774714,0.0015992151,0.02065356
know something worse drug played,Positive,Negative,0.71595037,0.71595037,0.0084319515,0.27561766
another year another,Neutral,Neutral,0.43941775,0.30540627,0.43941775,0.25517592
buy,Neutral,Neutral,0.9166008,0.028973715,0.9166008,0.054425504
tuigkyku,Neutral,Neutral,0.9720357,0.013054964,0.9720357,0.014909259
mescheria,Neutral,Neutral,0.9720357,0.013054964,0.9720357,0.014909259
plug controller game load freeze title screen plug controller anticheat error wont let play ea want u play game,Negative,Negative,0.8362791,0.8362791,0.010126431,0.15359448
stupid server get win fut champ match agaist antisocial people final wistle get dissconected bulshit game,Positive,Positive,0.5218931,0.44522125,0.032885686,0.5218931
adjust shot speed player still performs light shot,Neutral,Neutral,0.8354556,0.028617667,0.8354556,0.13592677
requested refund lunch game ea always,Neutral,Neutral,0.56371945,0.3223099,0.56371945,0.11397057
unable start screen freeze,Neutral,Neutral,0.7608178,0.05166315,0.7608178,0.187519
sidehovedtekst,Neutral,Neutral,0.9720357,0.013054964,0.9720357,0.014909259
game many bug not look like going fix wont recommending anymore,Negative,Negative,0.61967176,0.61967176,0.11712216,0.26320603
hate ea period,Negative,Negative,0.7244325,0.7244325,0.026218446,0.24934901
doesnt start,Neutral,Neutral,0.9758153,0.010652218,0.9758153,0.013532524
controller setting super buggy recognizes p controller get xbox marking even indie game let change toggle menu half time cant change system setting controller buggy game play fine bit much jump one difficulty next also change ing bios setting game overall crap product,Positive,Positive,0.75686795,0.22422872,0.018903386,0.75686795
dead game toxic community,Negative,Negative,0.7395575,0.7395575,0.1024615,0.157981
expensive nothing new update,Neutral,Neutral,0.979687,0.010360404,0.979687,0.009952652
gooooood,Neutral,Neutral,0.9720357,0.013054964,0.9720357,0.014909259
good game lost mind money,Positive,Positive,0.68141323,0.30482167,0.013765041,0.68141323
crashing crashing crashing,Neutral,Neutral,0.9867684,0.0035516885,0.9867684,0.009679945
tge,Neutral,Neutral,0.9720357,0.013054964,0.9720357,0.014909259
siii,Neutral,Neutral,0.97189,0.012416573,0.97189,0.01569349
kurcina,Neutral,Neutral,0.9720357,0.013054964,0.9720357,0.014909259
unplayable literally cannot get past new anti cheat,Neutral,Negative,0.875369,0.875369,0.062925875,0.061705098
peace crap game even want work got secure boot not enabled machine error ea know happening since sept yet provide fix please not buy save self frustration,Positive,Negative,0.7401585,0.7401585,0.019131988,0.24070953
legendary,Neutral,Neutral,0.3837346,0.36473036,0.3837346,0.25153506
anticheat useless not working properly bad memory dump problem issue,Negative,Negative,0.9881642,0.9881642,0.00062673225,0.011209152
hdhd,Neutral,Neutral,0.9720357,0.013054964,0.9720357,0.014909259
ooooo,Neutral,Neutral,0.8925686,0.0566272,0.8925686,0.050804183
terrible optimisation pc finally managed get load slow laggy unplayable wasted money,Negative,Negative,0.9521542,0.9521542,0.006012886,0.0418329
aside poor fps one best since buy thinking optimise,Positive,Negative,0.5101879,0.5101879,0.025494827,0.4643172
full bug wont buying garbage game,Neutral,Neutral,0.9950636,0.002756209,0.9950636,0.0021801675
good play become legend,Positive,Positive,0.9117234,0.08602168,0.0022550656,0.9117234
not lauch look hr youtube figure wrong wth ea masterclass normal,Negative,Negative,0.70209235,0.70209235,0.047684222,0.25022343
nice game love,Positive,Positive,0.9982278,0.0016573316,0.00011489673,0.9982278
good,Positive,Positive,0.92512983,0.054977793,0.019892411,0.92512983
gifiawehfasdkwhfasdfasdfgasgti,Neutral,Neutral,0.9720357,0.013054964,0.9720357,0.014909259
,Neutral,Neutral,0.8198435,0.08540768,0.8198435,0.09474888
total po work delete every week cuz game decides break trash game horrible software get trash,Negative,Negative,0.9410542,0.9410542,0.00700028,0.05194554
game good buy launch properly,Positive,Positive,0.8774467,0.053213324,0.06933992,0.8774467
ea constant cash grab poorly optimized game lacking national team kit even team featured world cup event game,Positive,Positive,0.61626625,0.3218696,0.061864134,0.61626625
game lot like others really think one best,Positive,Positive,0.98786,0.010413026,0.0017269782,0.98786
product not launch pc record playing not launch get refund bot reject immediately due play time frustrating buyer beware,Negative,Negative,0.6756429,0.6756429,0.024188189,0.3001689
ruim,Neutral,Neutral,0.9603935,0.019558012,0.9603935,0.020048521
happy chinese new year,Positive,Positive,0.870528,0.06528035,0.064191714,0.870528
really good game loving much play soccer lot really good game get favorite character game,Positive,Positive,0.9968322,0.0027058488,0.0004619937,0.9968322
greatest gameplay since,Positive,Positive,0.5208371,0.31518295,0.1639799,0.5208371
,Neutral,Neutral,0.8198435,0.08540768,0.8198435,0.09474888
game launch properly,Neutral,Neutral,0.99103653,0.0037724643,0.99103653,0.0051909694
much problem need fix like setting controller always missing fut game play become slow motion,Positive,Negative,0.7135749,0.7135749,0.015265913,0.27115923
fut kind suck sometimes waste money point overall pro club great lot fun people spend money fun,Positive,Positive,0.85119885,0.14131935,0.007481885,0.85119885
itsa good,Positive,Positive,0.9037402,0.067529745,0.02873005,0.9037402
boot lagging anti cheat give load laptop laptop struggle load basic animation give option turn cutscenes,Negative,Negative,0.6346278,0.6346278,0.07515348,0.29021874
poor optimization stutter sudden fps drop eveytime game feel slow there huge input lag,Negative,Negative,0.985683,0.985683,0.00037460806,0.01394233
first game pc first since maybe say actually enjoying thought maybe away game long feel fresh excited play manager mode waste hour building formidable team still refuse look ea face though madden consistent copy paste inconsistent title brings massive revenue hence bought ea title year,Positive,Positive,0.6925078,0.25510135,0.052390862,0.6925078
nothing redeeming garbage,Neutral,Neutral,0.9326918,0.040177874,0.9326918,0.027130287
low fps graphic buy bro,Negative,Negative,0.6213262,0.6213262,0.09046554,0.28820834
anticheat suck,Negative,Negative,0.8493707,0.8493707,0.04884199,0.10178728
shit mid,Negative,Negative,0.93369895,0.93369895,0.014334053,0.051967043
typical ea none free pack ultimate edition came get point,Negative,Positive,0.8530768,0.103553094,0.043370184,0.8530768
work want refund since ill try make work work want refund thank understanding,Negative,Positive,0.83609414,0.1487804,0.015125448,0.83609414
nice game team need fix launching problem,Negative,Positive,0.53994536,0.4478792,0.012175494,0.53994536
veri gud gheim,Neutral,Neutral,0.99795306,0.00034550598,0.99795306,0.0017013757
,Neutral,Neutral,0.8198435,0.08540768,0.8198435,0.09474888
give game,Neutral,Neutral,0.9140515,0.04896008,0.9140515,0.03698841
niceeeeeeeeeeeeeeeeeeeeeeeee,Neutral,Neutral,0.9720357,0.013054964,0.9720357,0.014909259
worst ever,Negative,Negative,0.9705714,0.9705714,0.0031809802,0.026247613
sdf,Neutral,Neutral,0.9720357,0.013054964,0.9720357,0.014909259
terrible keep crashing,Negative,Negative,0.92808187,0.92808187,0.0222182,0.04969988
disgrace franchise well ea happened dare take money not buy really mean really buy stop self ask refund,Positive,Negative,0.89429617,0.89429617,0.011948757,0.09375504
decent game,Neutral,Neutral,0.96929616,0.013479789,0.96929616,0.017224042
best hand easy steal,Positive,Positive,0.9941963,0.0054259766,0.00037777182,0.9941963
no luck therefore no fun,Positive,Positive,0.8428557,0.15513635,0.0020079855,0.8428557
gud,Neutral,Neutral,0.98084545,0.0047817817,0.98084545,0.014372767
worth playing pro club buddy purpose usage not advised health,Positive,Negative,0.8136787,0.8136787,0.0100053735,0.17631596
simply bought game dollar click install giga bite update finished larger actual game window closed pressed play nothing nothing said game running simply nothing happening thought internet problem simply working time installed internet better finished launched game way result disappointed since huge fan mobile since pc wanted try refunded game well huge waste time time could something else time even though game still kind new please fix people thanks reading,Positive,Positive,0.9379441,0.04233391,0.019722002,0.9379441
make question life choice priority,Neutral,Positive,0.63786966,0.11792581,0.24420455,0.63786966
month since started paying attention soccer soccer game played pe less interest seemed stupid see people buying game every year wrong since ten month tried several fifas liking felt fixed several error not many bug others something still missing tried think one put thing table soccer game since fun like graphic new mechanic artificial intelligence played several game friend others bot maximum difficulty must say first intend buy since played previous one thanks friend also eaplay honestly good game fix many mechanic improves others brings interesting new thing good thing said game seems steal game cost much first time many year make game well done quote problem opened first time problem starting stupid anti cheat system going beyond also disgusting knowing pocket going filled non stop people empty wallet buying packet ultimate team game cost much hey end day company much money not going stop earning million extra dollar short excellent soccer game fairly good finally well made game except anti cheat system ruin game startup experience obviously consumes resource take away performance even little feel not worth current price hope put sale soon buy loved case would never buy game price,Positive,Negative,0.9569057,0.9569057,0.0037838123,0.039310537
epic cool game,Positive,Positive,0.9337272,0.04483982,0.021432975,0.9337272
way many bug,Neutral,Neutral,0.9452475,0.027789483,0.9452475,0.026963092
untuk ukuran game baru ini oke ketimbang footballl tapi harga nya ga ngotak,Neutral,Neutral,0.9963218,0.0020800892,0.9963218,0.0015981576
fix stupid anti cheat cannot play game,Negative,Negative,0.9763707,0.9763707,0.0018898724,0.021739414
jogo nada de surpreendente,Neutral,Neutral,0.9759149,0.013129588,0.9759149,0.010955526
absolutly terrible game feel like playing cinder block foot,Negative,Negative,0.8614873,0.8614873,0.008339241,0.13017344
like,Positive,Positive,0.8539407,0.11380052,0.032258756,0.8539407
unplayable,Neutral,Neutral,0.929473,0.03499536,0.929473,0.03553168
meh ea mid,Negative,Negative,0.66458076,0.66458076,0.14244734,0.19297193
game ex girlfriend frustrating keep coming back depression simulator,Negative,Negative,0.878633,0.878633,0.01738422,0.10398276
game doesnt even launch ea trash,Neutral,Neutral,0.86455834,0.09012173,0.86455834,0.045319945
slow ui game response bad experience overall,Negative,Negative,0.8984575,0.8984575,0.02028739,0.08125498
bother purchasing unless want spend half time trying get load ea anti cheat software often prevent starting requiring uninstall launch game reinstall sometimes reinstall game anti cheat break launch requirement ea app open minimized background say game running never open star align game actually load play like every game since another mediocre cash grab ea devs got no competition space game always pain ea service much worse favor really want play get ea store play love avoid ea game like plague,Positive,Negative,0.67705,0.67705,0.0078123235,0.3151377
game easy,Positive,Positive,0.8179472,0.0911016,0.090951204,0.8179472
bullshit game,Negative,Negative,0.88664466,0.88664466,0.03359497,0.07976042
bu seneyi e ge,Neutral,Neutral,0.99339515,0.0030613549,0.99339515,0.0035435627
oct couple day release online currently unplayable pc user right playing offline anything game controller work fine go online match controller fully connect becomes unplayable huge fail pc player play ultimate team play division rival miss objective require online match plus game lot minor issue player go invisible cut scene game feel like even tested releasing public recommend game pc unless issue resolved soon maybe console player bad,Negative,Positive,0.5648792,0.36921152,0.06590931,0.5648792
,Neutral,Neutral,0.8198435,0.08540768,0.8198435,0.09474888
open plus play online please something anti cheat system suck paid game yet game play please something,Negative,Negative,0.49649096,0.49649096,0.011450536,0.49205852
ea gotten much worse back played game not simply bad pathetic gameplay feel like wading mud clunky engine make everyone look like little chunky kid tried basic thing like moving slightly left right truly triumph making worst version already mediocre franchise,Positive,Negative,0.96324843,0.96324843,0.0015244217,0.035227086
bad fr,Negative,Negative,0.9273899,0.9273899,0.017078236,0.055531856
literally unplayable even launch damn thing glad got ea play actually buy garbage,Positive,Positive,0.74312526,0.2220527,0.034822017,0.74312526
current time not access game,Neutral,Neutral,0.9512975,0.024750477,0.9512975,0.02395202
stuck easy anti cheat not play game,Negative,Negative,0.8907206,0.8907206,0.0029797524,0.106299564
clarted missus erling haaland,Neutral,Neutral,0.9896528,0.0028364656,0.9896528,0.0075106765
game lag much even system requirement,Negative,Negative,0.9485354,0.9485354,0.011118263,0.040346313
goood,Neutral,Neutral,0.9856903,0.005737882,0.9856903,0.008571795
best game,Positive,Positive,0.98675436,0.009997923,0.0032477726,0.98675436
non stop lagging even solo career mode spec ti gb ddr ram turned lowest possible quality nvidia setting still nothing change unbelievable,Negative,Negative,0.848618,0.848618,0.017167,0.13421509
ea origin pointless worthless piece hite ever created since jesus born serf no purpose annoying making wanna cking wreck ea headquarters inflicting upon mankind disease worse bubonic plague good game though ruined garbage launcher,Negative,Negative,0.9639098,0.9639098,0.0035023477,0.03258791
messi mssi messi,Neutral,Neutral,0.99999416,2.371119e-06,0.99999416,3.5104179e-06
bruh game wont work like bro bought yestarday comon,Negative,Positive,0.64218175,0.2841942,0.07362397,0.64218175
unable even launch game,Neutral,Neutral,0.885236,0.04942342,0.885236,0.06534053
xcx cfcvdfgv,Neutral,Neutral,0.9845695,0.0067984443,0.9845695,0.008632086
bom quando gente ganha,Neutral,Neutral,0.8577201,0.09290451,0.8577201,0.049375433
yes yes yes yoooooooooooooooooos,Positive,Positive,0.9992617,0.00065480924,8.3477265e-05,0.9992617
yet,Neutral,Neutral,0.93739486,0.029415281,0.93739486,0.03318988
shit game not recommend not optimised full scripters worst far,Negative,Negative,0.98542345,0.98542345,0.00044312788,0.01413346
football life,Neutral,Neutral,0.83249444,0.040002503,0.83249444,0.12750305
messi messi messi,Neutral,Neutral,0.99999964,1.3557613e-07,0.99999964,2.3168775e-07
edit week later still no fix sight getting less fps high end system sticking first impression really need maybe recommend option cause really not today soon kind recommend breaking ground term able go forward term graphic quality time going backwards term quantity mean poorly optimised perhaps whatever reason run smooth fps top cap though choose unlimited run perfectly playing new form turn based opponent get free turn always ahead say better quality player gate noname fut bois get starter pack look amazing look like simple gfx playing match load high re zoom moment like celebration fine need see son hair meter nice touch land stellar goal team going mental hyper motion fine slightly better goal cam occasionally token info flash fast process time find mean mostly downgrade performance ok lastly thing like physic seem changed ngl absolutely love watching st eat sh miss hand fully faceplants fly keeper ragdoll might changed something crack every time coming back full year playing fifia cannot not recommend highly enough choosing womens team entry match game still force play first load game see dude running around whole next year let one glorious time see st go flying net hit get angle right angle triangle thing like least damned announcer wtf get new line mostly bought cause hoping not exact b call anymore fine already heard derek rae co year time move fuck cost little add soo much game atmosphere huge miss played heard exactly sound file zero work done multi billion dollar game fuc weak recommend right nah recommend update driver give week update learn clear directx shader cache also add play feel slow likely coming stat man team end rated team noobs slow fine get feel game mostly feel control mostly corner kick changed not sure yet feel usually play short potential also time game sh t bed turn fps slog often corner time slowdown happen far common saying go fix time good go day one not laziness waiting problem rather hunting caused tldr gfx performence wait week,Positive,Positive,0.9529027,0.03338186,0.013715406,0.9529027
table tr td story td td td tr tr td graphic td td td tr tr td music audio td td td tr tr td gameplay td td td tr tr td price fairness td td td tr table comment poor optimization pc repair game starting first game outstanding graphic realistic character motion response gameplay better last year release,Positive,Neutral,0.9916556,0.003544307,0.9916556,0.004800105
wanna die,Negative,Negative,0.8189807,0.8189807,0.06298904,0.11803027
thoroughly enjoyed jumping soccer world title tremendous next gen game pc hopefully graphic presentation set standard future sport next gen game pc,Positive,Positive,0.9197627,0.052795038,0.027442299,0.9197627
best ever made,Positive,Positive,0.98623765,0.011120126,0.002642191,0.98623765
mbappe make fun losing world cup,Positive,Positive,0.8810706,0.09412683,0.024802523,0.8810706
unplayable,Neutral,Neutral,0.929473,0.03499536,0.929473,0.03553168
ilove pley,Neutral,Neutral,0.9920928,0.0029855259,0.9920928,0.0049216617
fix fucking game,Neutral,Neutral,0.9531659,0.028965678,0.9531659,0.017868493
game thanks,Positive,Positive,0.9034716,0.059281744,0.037246604,0.9034716
,Neutral,Neutral,0.8198435,0.08540768,0.8198435,0.09474888
well made game better simulation wy like personally,Positive,Positive,0.9921732,0.007207857,0.0006189328,0.9921732
play pc get p xbox crossplay fut pc marketplace,Negative,Negative,0.53578955,0.53578955,0.026459591,0.43775082
alto juego demasiadas dinamicas lo que jode un toque pero si le agarras la mano la pasas genial con el online no tuve problemas demasiado bien todo quizas era preferible que siga el launcher estilo los fifas anteriores quizas ma equitativo el squad battle que se yo no tuve ningun problema con el anticheats ni el inicio del juego ando con una pc recomendadisimo por varias cosas pero que tenga el mundial una locura,Negative,Positive,0.7545828,0.1237449,0.121672295,0.7545828
ea failed disaster game start match fps minute second tghe way manage understand bypass anticheat error lol edit look like player starting abandon game many thousand player not able play many different reason anticheat bug controller bug lag fps fall match ctd look like paying pack fut feature bug free game full bug online feature lagging hell even fiber optic line,Negative,Negative,0.896402,0.896402,0.010467985,0.09313006
absolute hot garbage ive uninstalled reinstalled time done everything recommended attempt play game finally got past shitty anti cheat bug never made past loading screen freeze,Negative,Negative,0.83282137,0.83282137,0.029843751,0.13733487
really great game,Positive,Positive,0.96697503,0.026746059,0.0062788525,0.96697503
good fps locked,Positive,Positive,0.8588096,0.11837796,0.022812447,0.8588096
oh man game make sad one hand personally best looking really enjoy visuals pitch net graphic scoring destroyed grass tackle hand game absolute terrible mess every game regardelss difficulty atleast goal idk playing nhl defending absolute joke defender mark tackle sprint literally move away attacker pointless defender poor defending come biggest issue goal look keeper time nobody mark attacking player shoot long range dribble keep possesion play one pas midfielder end goalscoring situation every time defender intercept either feel like game controlling player feel weird unreal act like not running grass sliding like ice wanted enjoy wolrd cup mode free weekend really unplayable unenjoyable like game look,Positive,Positive,0.9909004,0.007390544,0.0017089844,0.9909004
game stopped running not worthy want refund asap,Negative,Negative,0.641094,0.641094,0.021291766,0.33761418
game play ridiculously lacking quality defensive ai braindead,Neutral,Positive,0.8423461,0.12223004,0.035423905,0.8423461
fuck always updating take memory,Negative,Negative,0.92679596,0.92679596,0.014830926,0.058373045
go bios activate secure boot order play annoying game great,Positive,Positive,0.9906598,0.008710928,0.00062923494,0.9906598
amazing,Positive,Positive,0.99158174,0.00610085,0.0023173888,0.99158174
shitiest game ever mosted bugged game ive ever played ive played since far worst one,Negative,Positive,0.6466953,0.3356187,0.01768597,0.6466953
know anyone would give thumb like thumb hardcore soccer player said rocking th gen laptop scale graphic fps unlimited low graphic take away game slightest another side note heard freeze screen range minute minute watch something phone wait love game,Positive,Positive,0.9935207,0.005192341,0.0012869147,0.9935207
recommend buy game since offer support game crash basically not working waste money buy place least get support,Negative,Positive,0.88403636,0.105130516,0.010833035,0.88403636
game good fauls not realsitic please bether,Neutral,Positive,0.9332256,0.057743445,0.009031004,0.9332256
complain controller setting not saved match problem overall great game little step never problem ea anti cheat enabled secure boot bios installing game though installing run game never found problem launching game recommended,Negative,Negative,0.8502898,0.8502898,0.008409669,0.14130059
actually clunkiest ever played,Positive,Positive,0.8839291,0.08889257,0.027178366,0.8839291
bug ahh game,Neutral,Neutral,0.99666613,0.0012901884,0.99666613,0.002043625
kizebi,Neutral,Neutral,0.9720357,0.013054964,0.9720357,0.014909259
not recommended pc better go play pe,Positive,Positive,0.9445764,0.050426185,0.0049973973,0.9445764
could play hour without one u u ecnounter bug would amazing game one matter full stupid bug ranging controller bug gameplay bug ai bug sometimes even crash u exact time joke big company like ea cant seem fix bug occuring past year,Positive,Positive,0.64076024,0.30767423,0.051565524,0.64076024
dun dun dunnnn boom,Neutral,Neutral,0.98503244,0.009601113,0.98503244,0.005366449
bought ultimate edition download next gen dont provide normal version,Neutral,Negative,0.79079914,0.79079914,0.059958,0.14924286
realistic football game please dont change speed anything,Positive,Positive,0.73515534,0.12560907,0.13923559,0.73515534
myr much error,Negative,Negative,0.89671284,0.89671284,0.022226077,0.08106111
need hr least master mechanic,Neutral,Positive,0.57062423,0.20627087,0.22310488,0.57062423
not launching first download say app not found eaplay download origin start origin open anticheat loading done loading opening origin ea app throw monney trash,Neutral,Negative,0.5502197,0.5502197,0.099578895,0.3502014
dont let people fool problem launch log origin log back game amazing,Positive,Negative,0.6957366,0.6957366,0.011536157,0.29272732
really good,Positive,Positive,0.8838806,0.08621372,0.029905614,0.8838806
hate game every inch,Negative,Negative,0.84488976,0.84488976,0.018970046,0.13614015
terrible first thats like fifas first month playable look quite good need add feature career mode coolness really wheres th signing th last minute goal,Positive,Positive,0.9845786,0.012872528,0.0025488283,0.9845786
honestly quite good power shot feature cool want good ultimate team probably spend buck,Positive,Positive,0.9953928,0.0040919986,0.00051524787,0.9953928
no special zlatan un gret gem,Positive,Negative,0.48989168,0.48989168,0.067246996,0.44286135
improvement previous game effectively new element pretty fun like power shot,Positive,Positive,0.9979438,0.0018497941,0.00020638233,0.9979438
devastated one thumb give game absolutely broken hold ea foot fire hold accountable unplayable game false advertising promise actual working game menu system garbage game mode unplayable reason kept game figured get local online game work however possible carefully navigating menu every game quit repeat process wanted functioning soccer game play friend going get mario soccer game actually work imo ea face steep penalty putting broken game false advertising game mode actually work,Negative,Positive,0.46266183,0.44925922,0.08807892,0.46266183
gameplay kinda suck,Negative,Negative,0.843095,0.843095,0.046552856,0.110352114
start would like explain almost hour hand less far game feel vastly improved gameplay wise passing feel much smooth realistic well dribbling shooting needed player maximum pace even make impact someone low pace high shooting murder anyone come across new power shot implementation cool addition needed due fact longer ranged shot better result even realistic result talk fact people problem anti cheat quite simple fix run origin admin uninstall anti cheat like faceit problem beginning game fine following step really isnt hard simple research online go bitching multi billion dollar company clearly give zero fuck fanbase thats much love fucking console moron decided switch pc sorry ur iq start decimal point,Positive,Positive,0.8356996,0.11262254,0.051677786,0.8356996
game fine adequate game though world cup mode pretty bare bone launcher anticheat ruin set fix many thing get game run believe unacceptable game cost upwards even sale,Neutral,Positive,0.8724563,0.110980846,0.01656284,0.8724563
several major launching issue,Neutral,Neutral,0.99037594,0.0016077999,0.99037594,0.008016247
worst edition game basically unplayable lag every sec even pc game super scripted course pay win wish could get refund never play game mean cant even play cu shit lag every sec defend shoot like got rtx ryzen mb download upload doesnt matter cu laggs fix game please cancer,Negative,Negative,0.86640245,0.86640245,0.003119367,0.1304782
absolute idiot decided everyone must use god awful anti cheat order play career mode bonkers least apply iq make play online ut someone use garbo anti cheat loyal fan even completely keep failing deliver career mode every year no longer done crap lord know could get refund dam well would took long even start game first time went hour mark even apply god dam refund even able play first hour due reinstalling game crap ac load seriously hate people currently working game become absolute embarrassment gaming industry,Negative,Negative,0.9127703,0.9127703,0.0062595517,0.080970205
installation game start probably receive ea anticheat error solution error follows make sure system secure boot mode not check enable secure boot youtube need stream ea app origin together order game start download origin app google use ea account credential login game work apps installed watched lot video nothing worked except overall slightly improved version go,Positive,Positive,0.92301196,0.058199476,0.018788608,0.92301196
everything lag except actual soccer gameplay,Negative,Negative,0.84808666,0.84808666,0.030591886,0.12132146
worst piece garbage ever seen game start get refund download premium edition simply put guess knew issue added mess no body get refund year gamin never seen utter trash even disappointing support action allowing keep garbage see long last exodus platform coming guy hundred game,Negative,Negative,0.903693,0.903693,0.0080126,0.088294394
big dick,Negative,Negative,0.8388199,0.8388199,0.06285328,0.09832678
poor game game keep lagging dropping frame even low quality troubleshooting done still problem working without problem best quality shit worth money,Negative,Negative,0.9686094,0.9686094,0.00064205605,0.030748416
awful game no clear statement online cross platform requirement cannot played someone p xbox one no help support refund reimbursement,Negative,Negative,0.5742893,0.5742893,0.011277512,0.41443315
bro got orgasm game sooooo gooooooooooooooooodddddddd,Neutral,Neutral,0.8942857,0.033385944,0.8942857,0.07232834
poorly optimized pc,Positive,Positive,0.9638656,0.020171475,0.015962943,0.9638656
worst made expect constant penalty hand ball less league last optimisation trash seriously bother wasting money better ended even,Positive,Negative,0.9126771,0.9126771,0.0036338286,0.08368905
mom,Neutral,Neutral,0.9393494,0.03462006,0.9393494,0.026030602
chinese new year originated china not country thief korea steal culture tradition country try add world heritage committee unesco even pop star newjeans mentioned chinese new year forced apologize calling chinese new year wtf need apologize saying truth ea tolerate kind behavior less decade country thief say jesus christ actually korean name actually jesus kim sent israel first century redeem people sin christmas korean christmas god also korean newjeans ea,Negative,Negative,0.68188816,0.68188816,0.051920425,0.26619133
save,Positive,Positive,0.5148277,0.3963286,0.08884363,0.5148277
buy game worst possible experience play third party app issue connection,Neutral,Negative,0.9183747,0.9183747,0.0047148084,0.07691046
jocul necuratului,Neutral,Neutral,0.9792246,0.011795505,0.9792246,0.008979834
spent hard earned money pack got worth fodder,Positive,Negative,0.7066288,0.7066288,0.013347189,0.28002402
one side secure boot seems like new better way keep cheater away also required playing bot sus,Positive,Positive,0.9154699,0.07460379,0.009926386,0.9154699
fuck ea,Negative,Negative,0.9242132,0.9242132,0.018207803,0.05757898
hole made buy apps wont launch stupid game,Positive,Negative,0.96871376,0.96871376,0.0052142893,0.026071958
old game little time use salary career mode finally,Neutral,Neutral,0.99448794,0.0010365024,0.99448794,0.0044756304
game not work not buy,Neutral,Neutral,0.9848296,0.00984694,0.9848296,0.0053235143
got free still want refund,Positive,Positive,0.94464284,0.047113262,0.00824386,0.94464284
game bad wont launch even though came ago got robbed,Negative,Negative,0.85261863,0.85261863,0.042668533,0.10471281
,Neutral,Neutral,0.8198435,0.08540768,0.8198435,0.09474888
fun spend extra pack,Positive,Positive,0.95546544,0.02466924,0.019865412,0.95546544
terrible game unfourtunate first ive ever played trying get,Negative,Negative,0.6678023,0.6678023,0.014719367,0.31747836
fix stuff horrible game devs never played game launched amount time lagged got ping highest ping amount time auto locked wrong player game evil incarnate dont play game suck every time play feel like jumping window storey building absolutely rubbish dont get started pack pay much player not even keep absolute joke money hungry cash grab excuse game ea developer one worst cruel greedy selfish developer may god save u bought still play game,Negative,Negative,0.8944783,0.8944783,0.005565771,0.099955894
bother game unfair towards lesser developed player lose game row,Negative,Negative,0.8400727,0.8400727,0.008139961,0.15178739
doesnt game launch,Neutral,Neutral,0.928335,0.03870566,0.928335,0.032959327
shit fucking game shit fucking company ea sport fucking suck cant even launch hahahahahah wow good sondre er kul,Negative,Negative,0.97311676,0.97311676,0.0017363403,0.025146913
like soccer kicking ball around get monkey brain excited paying dollar kick ball around make monkey brain angry comparable paying property tax already game bought within last year every year greedy little piglet come around put greasy hand pocket snag cash fondling family jewel way wizard ea used shared brain cell ensure play game launch redownload dumpster tier anticheat online work,Positive,Positive,0.7051022,0.2623146,0.03258322,0.7051022
nostalgia aint enough save game love terrible experience shame franchise go play football point hope get refund,Negative,Positive,0.4968834,0.48132947,0.021787163,0.4968834
cant even launch game lolololololol,Neutral,Neutral,0.8407677,0.12748031,0.8407677,0.031752054
momentum keep writing momentum every year,Neutral,Neutral,0.7881205,0.18649597,0.7881205,0.025383536
faggot as game lag much hope ea dy slowly,Negative,Negative,0.9066781,0.9066781,0.004611428,0.08871056
great game,Positive,Positive,0.9855278,0.011807299,0.0026649057,0.9855278
n,Neutral,Neutral,0.92762846,0.03643023,0.92762846,0.03594133
piece garbage start paid shit,Negative,Negative,0.9171043,0.9171043,0.021535108,0.061360598
laggy slow server make gameplay impossible enjoy refuse fix problem year console pc ping constant fluctuation still suck classic experience,Negative,Negative,0.90547144,0.90547144,0.014413544,0.08011506
buy game messed discussed others anti cheat creates problem game working properly want play game not work getting work ea need rethink approach game real turnoff,Negative,Negative,0.7991948,0.7991948,0.042439386,0.15836573
bought game two day ago try get open no game client anywhere try run tell already open yet doesnt exist task manager nothing glitch error doubt ever purchase typical ea purchase unplayable,Negative,Negative,0.93207395,0.93207395,0.012554272,0.055371754
crash need get fixed,Negative,Neutral,0.822818,0.06020557,0.822818,0.116976425
goooood niiiiiiceee,Neutral,Neutral,0.9928778,0.003115399,0.9928778,0.0040068454
well mid cool first game ever play sport,Positive,Positive,0.9880002,0.010993515,0.0010063454,0.9880002
shit different wrapping,Negative,Negative,0.94077116,0.94077116,0.015501908,0.043727025
work keep running weird unrecoverable error spent play twice span two week play throughs spent half time trying troubleshoot working game work fine refund game particular bothered ea game tbh get mw ea,Positive,Positive,0.6998439,0.25697863,0.043177553,0.6998439
stop turning trainer,Negative,Negative,0.705588,0.705588,0.05689056,0.23752142
cannot launch,Neutral,Neutral,0.9381443,0.03574798,0.9381443,0.026107732
want game play pace cb run faster pace rw st lw game also get worst ref world start thinking many people could get together storm ea hq fyi wanted could probably get around,Neutral,Negative,0.6475249,0.6475249,0.03511421,0.31736094
good game buy,Positive,Positive,0.94405377,0.03648282,0.01946335,0.94405377
great experience,Positive,Positive,0.9826682,0.014972765,0.0023590175,0.9826682
access free trial due problem origin account account,Negative,Positive,0.6102414,0.36445016,0.025308402,0.6102414
woman refferee shit didnt touch anybody half team red card,Negative,Negative,0.9648233,0.9648233,0.0062281964,0.028948419
always problem starting game,Negative,Negative,0.9109689,0.9109689,0.017603599,0.07142751
thanks goodness ea bring u next generation pc,Positive,Positive,0.96881837,0.021641033,0.009540543,0.96881837
buy game ea bias worse ever one day win like crazy next player cant even make pas shocking play find heed advice,Positive,Negative,0.50289303,0.50289303,0.027437858,0.46966907
anti cheat stoping game booting error,Negative,Negative,0.9603228,0.9603228,0.0053771804,0.03429997
,Neutral,Neutral,0.8198435,0.08540768,0.8198435,0.09474888
gameplay good feel much better,Positive,Positive,0.98064935,0.017422078,0.001928512,0.98064935
many bug doesnt load doesnt run well tried everything doesnt run even decent run,Negative,Negative,0.68106395,0.68106395,0.13411237,0.18482366
not worth changing game literally,Negative,Positive,0.40867275,0.3916694,0.19965793,0.40867275
ggggg,Neutral,Neutral,0.9720357,0.013054964,0.9720357,0.014909259
sa imi trag pula jocul vostru plin de crash uri sa va iau mortii si familiile peleu,Neutral,Neutral,0.9405394,0.05325197,0.9405394,0.006208587
fix game not launching solution worked origin launcher fighting long time seems work ea launcher make sure ea app closed go program file electronic art ea desktop ea desktop ever ea app find eadesktop exe right click go property find compatibility heading click setting check run program administrator setting checked make sure click apply click ok try launching,Positive,Positive,0.84922415,0.10321023,0.04756563,0.84922415
game really glitched cant even get anymore really annoyed ea team would send game isnt working,Negative,Negative,0.45709294,0.45709294,0.11611006,0.42679694
best ever played happy gameplay,Positive,Positive,0.9985428,0.0013892648,6.793143e-05,0.9985428
excellent game,Positive,Positive,0.93284863,0.036770336,0.030381003,0.93284863
pad,Neutral,Neutral,0.9708837,0.011937957,0.9708837,0.017178299
poorly optimized fan go crazy talking player carreer mode glad ive tried small period ea play instead spending fackin buck poorly optimized game try year not recommended,Positive,Positive,0.9952173,0.003912621,0.00087010924,0.9952173
not next gen,Neutral,Neutral,0.98212427,0.0104981745,0.98212427,0.0073776054
pack opening simulator,Neutral,Neutral,0.74502945,0.083730824,0.74502945,0.1712397
game broken aspect ea anticheat feature not prevents launching game also block keyboard gamepad input classic ea crap,Negative,Negative,0.961857,0.961857,0.0039131944,0.034229808
game make wanna cry rage happines definetly best career far,Negative,Positive,0.7885252,0.20297606,0.008498763,0.7885252
trash company day since release no patch pc player multi billion dollar corp cant find dev fix issue joke dev team no wonder copy paste code year trash game anti cheat trash,Negative,Negative,0.86260664,0.86260664,0.031518683,0.10587477
best game ever,Positive,Positive,0.98960555,0.008226541,0.0021679762,0.98960555
siuuuuuuuuuuuuuuuuuu,Neutral,Neutral,0.9720357,0.013054964,0.9720357,0.014909259
game bad player move slow better play,Positive,Positive,0.6215388,0.3645487,0.013912494,0.6215388
game full hacker disgusting bad,Negative,Negative,0.9760351,0.9760351,0.0029601667,0.021004757
penalty kick game darwin nunez penalty taker missed twice,Negative,Positive,0.42282283,0.15839347,0.4187837,0.42282283
suiiiiiiiiiiiiiiiiiiiiiiiiiiiiiiiiiiiiiiiii,Neutral,Neutral,0.9720357,0.013054964,0.9720357,0.014909259
,Neutral,Neutral,0.8198435,0.08540768,0.8198435,0.09474888
gooooooood,Neutral,Neutral,0.98689353,0.005207693,0.98689353,0.007898711
dogshit garbage retarded game launch ea sucker fucking stupid dumb asshole,Negative,Negative,0.9854515,0.9854515,0.0014815058,0.013066943
many bug still update game made leave match winning pro club worth nothing get stuck match cant leave muting teammate never work always need mute game anticheat take forever load,Positive,Positive,0.47860077,0.35357723,0.16782199,0.47860077
mboppeh,Neutral,Neutral,0.9720357,0.013054964,0.9720357,0.014909259
great game especially fut,Positive,Positive,0.96547437,0.030107379,0.004418194,0.96547437
toxic,Neutral,Neutral,0.91876596,0.020643855,0.91876596,0.060590196
open goddamn gayme,Positive,Negative,0.59820217,0.59820217,0.19124338,0.21055445
please update face player premier league big league,Positive,Positive,0.5974546,0.36530292,0.0372425,0.5974546
game fun like game,Positive,Positive,0.9801032,0.017879875,0.002016975,0.9801032
game crashing every game either joining match fun work also seems impossible shoot first touch,Negative,Positive,0.59282166,0.34309566,0.064082704,0.59282166
good,Positive,Positive,0.92512983,0.054977793,0.019892411,0.92512983
like box chocolate never know whether going run time,Positive,Positive,0.8334888,0.13742462,0.029086621,0.8334888
good not playing ultimate team npc carrier,Negative,Positive,0.7003493,0.27729154,0.02235919,0.7003493
finally got play game first downloaded literally cannot launch cause anti cheat deleted previous guess whoever previous not delete cause otherwise cannot launch think cannot detect origin account used previous,Positive,Positive,0.8338075,0.14598441,0.020208001,0.8338075
full sweaty hacking virgin stay away game,Neutral,Neutral,0.9919573,0.0034541804,0.9919573,0.004588546
game actually good,Positive,Positive,0.9157748,0.059345137,0.024880024,0.9157748
company never change uh dont like ea game disscusting buy game unless want rage issue broken controller optimize sh swear god not going something shuty game im not gonna play im playing fps im not eve getting fps fix godamn fix game idiot,Negative,Negative,0.9137121,0.9137121,0.010045864,0.07624206
fix ur shit matchmaking disgusting company farmer im playing pel ronaldo every single game,Negative,Negative,0.95990205,0.95990205,0.004881237,0.035216775
seronok best ahh,Positive,Positive,0.9519435,0.021324927,0.026731633,0.9519435
freeze screen go black,Neutral,Negative,0.432532,0.432532,0.39834586,0.16912214
gud geme plese note spent monies,Neutral,Neutral,0.9528934,0.024842491,0.9528934,0.022264205
hhhd,Neutral,Neutral,0.9720357,0.013054964,0.9720357,0.014909259
game fun limited time could play able launch game since late last year not buy waste money anticheat update completely broke game pc player even play game horribly optimized stutter freeze game,Negative,Positive,0.7069996,0.285082,0.0079183215,0.7069996
absolutely interesting,Positive,Neutral,0.41268238,0.24751383,0.41268238,0.33980376
meh trouble anticheat application make game unplayable,Negative,Negative,0.91611373,0.91611373,0.01609798,0.067788295
game worked first week caused many problem even count example try launch shitty as game say running launch fuck ea payed euro expecting good game got piece shit,Negative,Negative,0.9809445,0.9809445,0.0008668539,0.01818861
trouble loading game going age one day work next uninstall anti cheat reinstall joke,Negative,Negative,0.6909499,0.6909499,0.020767823,0.28828228
ea server even play game offline want play career mode,Negative,Negative,0.63786906,0.63786906,0.013518393,0.34861258
awful game edit game little better yaya ty,Positive,Negative,0.55366975,0.55366975,0.016866777,0.4294635
nice still cant play world cup mode sad face rn,Positive,Positive,0.9064443,0.08621377,0.0073419325,0.9064443
always ea sport game,Neutral,Neutral,0.8735332,0.07270664,0.8735332,0.05376016
great game better one,Positive,Positive,0.9975243,0.0022026286,0.0002730685,0.9975243
good game need make ronaldo stats higher,Positive,Positive,0.9394434,0.048074514,0.01248204,0.9394434
merry korea christmas,Positive,Positive,0.7463168,0.14426692,0.109416254,0.7463168
thank taking time submit error report feedback appreciated need help resolving problem would like share error report origin support staff member may providing report id number report id de please keep record,Positive,Positive,0.9321063,0.06160225,0.006291465,0.9321063
feel like downgrade compared gameplay slower buggy menu laggy af performance bad somehow graphic look worse idk maybe taste game really need major update make polished smoother playable overall not bad football game still superior edit bloody input delay driving crazy seems getting worse update fix damn thing,Negative,Negative,0.97916144,0.97916144,0.00063331623,0.02020522
best game,Positive,Positive,0.98675436,0.009997923,0.0032477726,0.98675436
people play ballz,Positive,Positive,0.7028148,0.25954512,0.037640136,0.7028148
not able start feature disabled ea app launched another application believe many bug game still fix,Positive,Positive,0.65175676,0.27252698,0.075716265,0.65175676
fun game,Positive,Positive,0.9529934,0.033758637,0.01324801,0.9529934
not fun,Negative,Positive,0.8060169,0.13928665,0.054696433,0.8060169
bitch game scam charging dollar mobile game not good website people want play game,Negative,Negative,0.83749324,0.83749324,0.0043638186,0.15814301
want km co game,Positive,Positive,0.84335536,0.12894347,0.02770112,0.84335536
scripted game,Neutral,Neutral,0.96022177,0.020527225,0.96022177,0.019251034
shit crash often alcoholic father,Negative,Negative,0.9310393,0.9310393,0.002718771,0.066241965
not bad,Positive,Negative,0.9169938,0.9169938,0.0230408,0.059965365
love game anyone tell not get cause bad get,Positive,Positive,0.53481865,0.45374122,0.011440127,0.53481865
kinda buggy fun,Positive,Positive,0.9706196,0.020085178,0.009295226,0.9706196
crash crash crash refund shame really game actually seemed good short time able play,Negative,Positive,0.5624973,0.423383,0.014119659,0.5624973
joke,Positive,Positive,0.90627486,0.05266755,0.041057605,0.90627486
much error ea fix thissssssssssssssssssssss not recommended,Negative,Negative,0.9322891,0.9322891,0.011213237,0.056497682
idk yall game work fine pc,Positive,Positive,0.85015744,0.12679164,0.023050902,0.85015744
siuuuuuuuuuuuu recebaaa,Neutral,Neutral,0.9949656,0.0020997443,0.9949656,0.0029345679
new game shit,Negative,Negative,0.9365684,0.9365684,0.012157352,0.051274333
nervi multi fr,Neutral,Neutral,0.9877731,0.004831819,0.9877731,0.007395003
ea as,Negative,Negative,0.89686817,0.89686817,0.023119787,0.08001196
frozen entire match classic ea,Neutral,Neutral,0.8613791,0.022309542,0.8613791,0.1163114
thank applying anti cheat force using origin made mind support pirate version game forever,Positive,Positive,0.92089826,0.06697273,0.01212899,0.92089826
game always,Neutral,Neutral,0.8348238,0.1065362,0.8348238,0.058640074
,Neutral,Neutral,0.8198435,0.08540768,0.8198435,0.09474888
great game never launch,Positive,Positive,0.9557812,0.0353148,0.008903917,0.9557812
,Neutral,Neutral,0.8198435,0.08540768,0.8198435,0.09474888
rrd,Neutral,Neutral,0.9720357,0.013054964,0.9720357,0.014909259
game start,Neutral,Neutral,0.9748503,0.0082612885,0.9748503,0.016888479
career mode fire year really fun play nice cinematics overall enjoyable ultimate team another topic time buy game full price though,Positive,Positive,0.9148849,0.062904865,0.022210252,0.9148849
doesnt work latest patch played hour no longer refund last time ever buy ea game,Positive,Positive,0.57289594,0.36455098,0.06255317,0.57289594
really good could definitely next england manager southgate based performance game great,Positive,Positive,0.9938373,0.0053831064,0.00077958056,0.9938373
stupid ea even make game right,Negative,Negative,0.9626713,0.9626713,0.008577785,0.028750842
great game,Positive,Positive,0.9855278,0.011807299,0.0026649057,0.9855278
rage game,Negative,Negative,0.7574865,0.7574865,0.13449308,0.10802041
best last couple year tbh,Positive,Positive,0.97550815,0.018170552,0.006321253,0.97550815
pretty decent,Positive,Positive,0.9291645,0.035207555,0.035627875,0.9291645
awesome game,Positive,Positive,0.94192415,0.034832485,0.02324331,0.94192415
honestly dont understand game keep crashing play pro club unacceptable please fix ea,Positive,Positive,0.8589312,0.12034197,0.02072686,0.8589312
wanted fun not get scored man every toty game,Positive,Positive,0.7363522,0.17276426,0.0908836,0.7363522
bad game also ui bad,Negative,Negative,0.9872689,0.9872689,0.0009282713,0.011802857
trash ahhh gamegoofy ahh devs,Neutral,Neutral,0.9952058,0.0022240884,0.9952058,0.0025701085
add sex,Neutral,Neutral,0.83745205,0.07577756,0.83745205,0.08677045
amazing,Positive,Positive,0.99158174,0.00610085,0.0023173888,0.99158174
love think lot better ainti cheat work perfectly fine restart,Positive,Positive,0.9993383,0.0005846968,7.694044e-05,0.9993383
bought twice launch unable launch game anti cheat load take back ea app no game load tried everything found online nothing work suggestion change bios setting reformat pc install first try no game worth ea completely ignoring not buy game load get refund immediately absolute joke,Negative,Negative,0.5870015,0.5870015,0.060822826,0.35217562
ayre bi,Neutral,Neutral,0.9495396,0.013291072,0.9495396,0.037169293
hyv peli,Neutral,Neutral,0.991273,0.0029643616,0.991273,0.0057626776
good game tbh,Positive,Positive,0.8619215,0.112945184,0.025133336,0.8619215
anti cheat really bad feature take around minute start game,Negative,Negative,0.93444,0.93444,0.015338784,0.05022118
fucked optimization,Negative,Negative,0.5863485,0.5863485,0.19311205,0.22053948
laggy game ever no shared market console also take month update price range efootball better,Positive,Positive,0.93766665,0.051948506,0.010384755,0.93766665
terrible game,Negative,Negative,0.935254,0.935254,0.012899292,0.051846743
say everytime score suiiiiiiiiiiiiiiiiiiiiiiii,Neutral,Neutral,0.9552717,0.02513234,0.9552717,0.019595891
siuuuuuuuuuuuuuuuuuuuuuuuuuuuuuuuuuuuuu,Neutral,Neutral,0.9720357,0.013054964,0.9720357,0.014909259
got recycled bloated lazy as micro transaction infested game play pro club friend ea billion dollar gaming company even crossplay mode ea add crossplay,Negative,Negative,0.69106364,0.69106364,0.016216494,0.2927199
game working hour play time got play one morning stopped launching wasnt even getting anti cheat loading thing tried every youtube video fix nothing worked dont think pc issue ive played working fine,Negative,Positive,0.6761929,0.31047183,0.013335328,0.6761929
stupid game launch total scam,Negative,Negative,0.9910222,0.9910222,0.0005138517,0.008463874
biggest scam game ever century stupid game sh,Negative,Negative,0.9603857,0.9603857,0.003943723,0.035670515
,Neutral,Neutral,0.8198435,0.08540768,0.8198435,0.09474888
like,Positive,Positive,0.8539407,0.11380052,0.032258756,0.8539407
way better,Positive,Positive,0.94250816,0.032902833,0.024589008,0.94250816
poopoo peepee,Neutral,Neutral,0.930261,0.04566891,0.930261,0.024070077
,Neutral,Neutral,0.8198435,0.08540768,0.8198435,0.09474888
garbage ckient dog monkey ape fucker,Negative,Neutral,0.9832323,0.011207009,0.9832323,0.0055606537
broke controller,Negative,Negative,0.7191953,0.7191953,0.11971728,0.1610874
issue game since th wont let get game really annoy ea havent resolved issue yet,Negative,Positive,0.56273943,0.31436917,0.122891456,0.56273943
dog shit pro club inst even cross platform also pretty high end computer getting insane frame drop,Negative,Negative,0.95991915,0.95991915,0.0023562482,0.03772457
next gen good,Positive,Positive,0.8778006,0.073780224,0.0484192,0.8778006
poor optimization ti ryzan fps low setting internet issue even lobby recomand every one even trade market bite dead like playing lag good pc play,Positive,Negative,0.9115599,0.9115599,0.001489209,0.08695093
never played game like th want break controller half fucking rubbish game start first game fucking casino know loot box banned apparently apply pack game get random chance getting decent player break whole premise game playing pack get miniscule chance getting good player encourages play see going top server experience variable say least game player responsive others take half fucking second tell make infuriating team half good demolishes bother bullshit,Positive,Positive,0.8982333,0.098609425,0.0031573079,0.8982333
unbalanced game bug specially ultimate team cant defend high rated player even possession goalkeeper useless game made money,Negative,Negative,0.9232225,0.9232225,0.010002547,0.06677499
never much fun playing game rollercoaster emotion playing ut crazy,Positive,Positive,0.7851174,0.20731828,0.007564317,0.7851174
still rigged game,Negative,Negative,0.7294468,0.7294468,0.08356856,0.18698461
game not launch day release date game still continues crash,Negative,Negative,0.8457468,0.8457468,0.047101017,0.10715224
refunded game doesnt want load,Negative,Positive,0.47331583,0.3366337,0.1900504,0.47331583
sound fun actually play game,Positive,Positive,0.82985085,0.16205725,0.008091806,0.82985085
game crash,Negative,Neutral,0.7252951,0.17090417,0.7252951,0.10380066
shame chinese new year marry koreastmas,Negative,Negative,0.85266554,0.85266554,0.091993906,0.055340525
know choice football video gaming ea not need care still amd radeon rx xt game lag frequently even freeze second multiple time pretty much every single game fut mode recent update lot time open pack game crash right pack opened point game unplayble wish option football game tldr pc version game garbage,Positive,Positive,0.4955729,0.39755395,0.10687312,0.4955729
great graphic interface,Positive,Positive,0.9913428,0.0071345028,0.0015226805,0.9913428
anti cheat error cant even open game ea never cease amaze release,Negative,Negative,0.98532987,0.98532987,0.0021471323,0.012522936
nice buy game crash every time greedy ea never change let play play hour cant refund consume time milking money player optimizing game would run calculator bought yet edit hour trying fix still broken buy say ea big company way wont fix cause wont bother busy making pack milk,Positive,Positive,0.7014818,0.2907683,0.007749818,0.7014818
best football game way better nice ea,Positive,Positive,0.9995865,0.00037355899,3.9904437e-05,0.9995865
good geme,Positive,Positive,0.93078256,0.053566948,0.015650516,0.93078256
trash server,Neutral,Neutral,0.97600275,0.010669888,0.97600275,0.013327371
good time playing game far charging dollar game riddled game crash bug ridiculous amount time crashed restart game infinite loading screen laughable not worth dollar mean buy sale,Negative,Positive,0.96879536,0.02705291,0.0041517583,0.96879536
game probably best game ever played issue anti cheat error prominent many people ea seem care much publisher want customer pay game work installed spend hour half try error running game relatively high spec pc not job figure wrong game responsibility ea absurd recommend buying game,Negative,Negative,0.67809653,0.67809653,0.012482389,0.30942112
solve anti cheat problem gonna falll love game motion,Positive,Negative,0.7281288,0.7281288,0.0054844334,0.26638672
trash game unrealistic game physic unrealistic ai unrealistic movement unlicensed team game name dammit player coach face trash dumbass ea anticheat preventing start game time stuttering fps drop cutscenes game bad people bought game buy,Negative,Negative,0.94271034,0.94271034,0.008712406,0.04857734
game crash open pack good game fucking poorly optimized ran game max fps came made small update fps not even playable anymore shiitty game buy,Positive,Positive,0.9300579,0.052119583,0.017822491,0.9300579
aid game good,Positive,Positive,0.958782,0.02264275,0.018575247,0.958782
good game recommend using controller,Positive,Positive,0.94024295,0.056339946,0.0034170537,0.94024295
good news found solution anticheat error met alibaba program computer fxxking program conflicted ac deleted switched anti virus program landed home check computer browser find alibaba,Positive,Positive,0.95711863,0.035688832,0.0071924273,0.95711863
ea anticheat,Neutral,Neutral,0.8403675,0.06274936,0.8403675,0.09688311
fkn shitshow game simply not load time,Neutral,Neutral,0.92211974,0.052333824,0.92211974,0.025546463
better,Positive,Positive,0.952345,0.028355421,0.019299623,0.952345
bullshit,Negative,Negative,0.8813836,0.8813836,0.035928056,0.082688384
utter mess guy cheat game even open people literally killing one best game made childhood best ea no longer game demand money back paid ea let play game not make look computer wallpaper,Negative,Negative,0.5808612,0.5808612,0.05786151,0.3612773
dont buy trashass football game,Negative,Neutral,0.97548294,0.0073745614,0.97548294,0.01714255
ea anti cheat success prevent enter game disable msi afterburner know game wont start,Negative,Negative,0.6745225,0.6745225,0.12827404,0.19720343
look better last year would recommend sure,Positive,Positive,0.9928167,0.0062113,0.0009720324,0.9928167
messiu,Neutral,Neutral,0.9720357,0.013054964,0.9720357,0.014909259
want developer make game better reducing lag fut champ division rival online game mode making referee take good judge considering foul not making not take red card no reason,Positive,Positive,0.7409476,0.2484954,0.0105570415,0.7409476
glitch buy,Neutral,Neutral,0.9773251,0.007886884,0.9773251,0.014788034
first week game great came typical ea fashion course made go shit pretty quickly game constantly stuttering lagging online button delay make game literally unplayable anti cheat software crash game often even crash game handing loss logging back game literally laggy piece poop shit,Negative,Negative,0.9525607,0.9525607,0.0014035098,0.046035774
game not launching payed money enjoy game hour not happening,Positive,Neutral,0.786939,0.06874298,0.786939,0.14431797
good game,Positive,Positive,0.9314501,0.050152954,0.018396938,0.9314501
game suck,Negative,Negative,0.8680336,0.8680336,0.044477675,0.0874887
not optimized game crash pc crash life crash runied weekend scammed ea,Negative,Positive,0.5719225,0.37361297,0.054464534,0.5719225
still dog shit,Negative,Negative,0.93651253,0.93651253,0.015104142,0.048383333
great game bounce back ea disappointment previous edition,Positive,Positive,0.97167486,0.025514316,0.0028108074,0.97167486
added khazri tunisia squad unrealistic,Neutral,Negative,0.48729065,0.48729065,0.165533,0.34717634
good beter,Positive,Positive,0.97227424,0.020446977,0.0072787795,0.97227424
better chance meeting mbappe local supermarket packing,Positive,Positive,0.977418,0.01735655,0.005225454,0.977418
bad game world,Negative,Negative,0.8778534,0.8778534,0.02281248,0.099334106
although feel like not optimized quite heavy cpu still quite fun,Positive,Positive,0.9863229,0.012094106,0.0015829639,0.9863229
dribling shit compare last year,Negative,Negative,0.8468482,0.8468482,0.03596708,0.11718475
berry good game,Positive,Positive,0.9083684,0.06502085,0.026610764,0.9083684
game lot fun element entire thing built around fut mode extremely pay win decide play without paying anything grind like mad man job fut player spends no extra money bot player spent hundred sometimes thousand dollar beat give whale big ego boost dopamine hit validates spent money make good team without spending money yes got accept game rigged start gonna v ton people pour disposable income game year year must say pretty satisfying beat whale inferior team though,Positive,Positive,0.9749654,0.018507307,0.0065272674,0.9749654
different year game buy every year,Neutral,Neutral,0.99740076,0.0008398795,0.99740076,0.0017593764
shitty game dont waste ur time,Negative,Negative,0.9672276,0.9672276,0.0032446035,0.029527785
fax,Neutral,Neutral,0.9720357,0.013054964,0.9720357,0.014909259
full bug lot problem starting game nati cheat failed install one time time something else fails problem not wort money,Negative,Negative,0.976712,0.976712,0.002191921,0.021096043
fckng game wont launch waste time,Negative,Negative,0.78718746,0.78718746,0.042649142,0.17016332
not recommend many problem waited discount bought unfortunately bad experience not recommend many problem excellent computer problem game money refunded used minute,Negative,Negative,0.9345849,0.9345849,0.004406548,0.061008558
fvhncfvbcbv,Neutral,Neutral,0.9720357,0.013054964,0.9720357,0.014909259
better last two game,Positive,Positive,0.9555649,0.023677133,0.02075795,0.9555649
fucking hate,Negative,Negative,0.8939703,0.8939703,0.022336615,0.08369299
wonderful graphic quite bad wre set look better plastation xbox series,Neutral,Positive,0.92719126,0.065247804,0.007560877,0.92719126
cel mai prost joc findca si deoarece cand intru pe ultimate team se duce pe pula maneta,Neutral,Neutral,0.43455067,0.22690971,0.43455067,0.33853963
poor preformance optimisation pc,Negative,Negative,0.9128397,0.9128397,0.01755973,0.06960062
like,Positive,Positive,0.8539407,0.11380052,0.032258756,0.8539407
first game best game ever,Positive,Positive,0.9868417,0.010227853,0.002930533,0.9868417
got anti cheat error check file anti cheat unistall fixed,Negative,Negative,0.9664692,0.9664692,0.003014668,0.030516138
would highly recommend game show new part soccer gaming,Positive,Positive,0.8597608,0.10277498,0.03746422,0.8597608
good game,Positive,Positive,0.9314501,0.050152954,0.018396938,0.9314501
soccer good,Positive,Positive,0.94921654,0.031052943,0.01973053,0.94921654
game bad mechanic need work thing every year game crash easily biggest waste money iv ever spent game even get refund honestly ea need better life keep producing horrible game expect people pay every year piece game disappointed,Negative,Negative,0.8760096,0.8760096,0.010557728,0.113432735
different still,Neutral,Neutral,0.9639993,0.010988732,0.9639993,0.025011951
pile shite wont even start,Neutral,Neutral,0.9954941,0.0025478075,0.9954941,0.0019580338
never play cant even load,Negative,Negative,0.7702023,0.7702023,0.0847458,0.145052
open always crash went start match,Negative,Neutral,0.9418325,0.041604206,0.9418325,0.016563315
want break phone mouse play game,Positive,Positive,0.86756,0.12333204,0.009107937,0.86756
starting game result problem time loading screen keep loading anything start game multiple time work also start game vpn active anti cheat software load game force go online even though play career mode oh idiot decided implement several fan screaming player cheering scoring goal sound stupid,Negative,Negative,0.94556904,0.94556904,0.004560956,0.0498701
game launch tried fix stupid ea anti cheat never worked take refund hope stupid ea patch soon disappointment,Negative,Negative,0.9684861,0.9684861,0.003293207,0.028220737
one best game ever similar gameplay imo best gameplay last game cause tactic viable ea really nailed time sad last ea making definitely top fifas time nobody expected game feature rich really add lot thing game music ea always great job game time also added best music last game make cool best feeling log love start playing nostalgia enough make play,Positive,Positive,0.99886584,0.0009861691,0.00014802386,0.99886584
well bought game last one brand first major thing noted soundtrack older fifas far back game second major thing defending tough tactic matter lot played decade amazed far visuals progressed however lot bug well game ironed game sold also game allow offline play internet connection mandatory would make sense lock fut offline player rather forcing method would say decent game far world cup amazing well reflected pretty good game also challenge percent achievement well,Positive,Positive,0.99684286,0.0024772333,0.00067991577,0.99684286
nice hard cross liked anyway,Positive,Positive,0.98998195,0.009526466,0.00049159996,0.98998195
touch grass,Neutral,Neutral,0.70176315,0.22198083,0.70176315,0.076256014
top game one best graphic best gameplay smoothness,Positive,Positive,0.9978794,0.0019814798,0.00013923719,0.9978794
keep giving fucking ball wrong player,Negative,Negative,0.7003794,0.7003794,0.08640493,0.21321575
dd,Neutral,Neutral,0.9720357,0.013054964,0.9720357,0.014909259
amazing game play issue trying launch first time uninstalled game reinstalled launched work fine otherthan issue beginning amazing game play pc,Positive,Positive,0.9996214,0.00034568328,3.2864627e-05,0.9996214
really bad game,Negative,Negative,0.88862324,0.88862324,0.025414445,0.08596231
shittest game ever,Neutral,Neutral,0.9542327,0.014348067,0.9542327,0.03141929
noice,Neutral,Positive,0.55640423,0.14402531,0.29957053,0.55640423
game cool anti cheat system gonna hack pc,Positive,Negative,0.6646841,0.6646841,0.06571727,0.26959863
new gameplay fun play,Positive,Positive,0.93488884,0.059920862,0.005190296,0.93488884
shitty,Negative,Negative,0.90544134,0.90544134,0.030113984,0.064444676
directx error controller suddenly work anymore next game big shame multi million dollar company even get game properly run paid buck many game early access even worked better,Negative,Negative,0.7565437,0.7565437,0.016517622,0.22693864
fix shitty server,Negative,Negative,0.9122948,0.9122948,0.03312573,0.054579534
far worst ever opinion,Negative,Negative,0.9180231,0.9180231,0.005146265,0.07683054
soccer ball,Neutral,Neutral,0.8840284,0.022186588,0.8840284,0.09378501
game graphic really great change full bug lag dont buy game fix not playable,Negative,Negative,0.6861266,0.6861266,0.039612524,0.27426085
good game nice graphic,Positive,Positive,0.9944184,0.0051893047,0.00039242874,0.9944184
edit evade scam cost last ea game ever play life edit one week constantly trying method game unable start ea origin app installation eating vomit would better experience game difficulty basically handicap applied shot goal goal ia shot time score goal not lose license license football put effort thing understand like nascar get football ea looking get people away insufferable handicap time worst experience online close cirque du soleil mix three stooge adversary worst papa ea handle grace say last ea game buying decent simulator offline play remote anticheat made chimpanzee many people grinding win game go unable connect shitty server taking game giving no point basically losing time must worst game ever played life,Negative,Negative,0.91549504,0.91549504,0.0025527647,0.08195213
run wing simulator dont ever buy game holy,Neutral,Negative,0.42702678,0.42702678,0.1558387,0.4171345
bought game almost wont turn try refund say cant cause redeemed point cent bank account left,Negative,Negative,0.6246452,0.6246452,0.15318191,0.22217293
good graphic realistic,Positive,Positive,0.96251315,0.026291883,0.011195,0.96251315
many cheater,Negative,Negative,0.794521,0.794521,0.07708256,0.12839648
ea not respect basic historical fact allows south korea plan tamper lunar new year traditional chinese festival since ancient time vassal state korean peninsula recognized metropolitan country allowed celebrate spring festival together not allow history tampered not play game ea future ea ea,Positive,Positive,0.7479636,0.20733245,0.044703875,0.7479636
good game,Positive,Positive,0.9314501,0.050152954,0.018396938,0.9314501
cant get game run waste download,Negative,Negative,0.8101799,0.8101799,0.031919677,0.15790038
passing system horrible every pas give go enemy scoring impossible everything go keeper hold everything heavy fps drop defending easy literally anything,Negative,Negative,0.8617931,0.8617931,0.017952444,0.12025447
ujk,Neutral,Neutral,0.9720357,0.013054964,0.9720357,0.014909259
not start try play free weekend,Positive,Positive,0.98648447,0.011255358,0.0022601997,0.98648447
want euro drained account every single year rest fucking life go ahead,Negative,Negative,0.74794495,0.74794495,0.04520978,0.20684524
gave soul game,Neutral,Neutral,0.8940833,0.030294113,0.8940833,0.07562254
played around hour elite division previous game played game professionally throughout multiple platform hand without shadow doubt worst game ever played want feel like completely robbed competitive experience throughout whole game game seems another case great idea yet terrible unreliable straight horror company executing short list major issue game majority defending automatic game normal ball basically magnet practice defender player included unbelievable quite frankly impossible tackle without pressing button passing joke could go anywhere random moment someone press one button make game unplayable man marking pressing tactic ballon level player heavy touching ball not able even control simple pas sometimes ball resembles black ball men black tackle someone multiple time watch ball magnet back one opposition player visibly able see player get held back handicapped going ball could honestly make stupidly long many game play issue not one conspiracy theory dda thing everyone raf seems quite visible eye kind momentum system built game could game play bad turned large portion community even think exists top basically gambling system built game scrape much money possibly even visible kid vulnerable people hope never get another contract criminal act release game state never wrote game life one angered point save one person buying game would worth edit people asking keep playing play wl coin every time make angry point no human ever feel like playing video game time sat menu wishing game fun follow suit enjoy mental torture,Positive,Positive,0.92619854,0.0671964,0.0066050254,0.92619854
mantap weh,Neutral,Neutral,0.99837995,0.00060159987,0.99837995,0.0010184231
fun launch,Positive,Positive,0.94282806,0.039416276,0.017755613,0.94282806
played many year best one sure low stability time never problem able launch since full game released yeah game issue launched mainly stability issue rather gameplay gameplay realistic added alot play win option time,Positive,Positive,0.9846058,0.01406651,0.0013277025,0.9846058
game full scripted,Neutral,Neutral,0.98733497,0.0065551884,0.98733497,0.00610984
great,Positive,Positive,0.98601264,0.01149851,0.0024888637,0.98601264
constant fucking burden open game every time,Negative,Neutral,0.51328963,0.3853669,0.51328963,0.10134349
like taking poop min midnight diffrent year,Positive,Positive,0.9055889,0.044343844,0.050067153,0.9055889
dogshit game,Neutral,Neutral,0.9920483,0.003059049,0.9920483,0.0048925932
even play deck as bro fix ea,Negative,Negative,0.88610417,0.88610417,0.012276388,0.10161942
nar doood btgn,Neutral,Neutral,0.9938465,0.0031811744,0.9938465,0.002972361
first seems hard take around minute learn manage win game,Positive,Positive,0.954048,0.03619326,0.009758701,0.954048
worst game ever developed cant even open,Negative,Negative,0.9799841,0.9799841,0.0026945423,0.01732136
not even minute purchasing game cant even run friend exact issue file surgery next hour order triple game run thanks ea take euro leave software issue fix hope ea get gas leak every developer dy,Positive,Positive,0.65229577,0.2816194,0.066084884,0.65229577
nice although mental breakdown playing rival,Positive,Positive,0.9764056,0.02225859,0.0013357882,0.9764056
pack system literally scam dude opened like fking pack no toty future star world cup like wtf not scam,Negative,Negative,0.96252185,0.96252185,0.0016789775,0.035799164
well done ea got got trap mouse trap,Negative,Negative,0.8200216,0.8200216,0.020796742,0.15918165
baddest game ive ever seen cant select anything squad builder control bad,Negative,Negative,0.8558322,0.8558322,0.030570889,0.113596864
good,Positive,Positive,0.92512983,0.054977793,0.019892411,0.92512983
guy shooting playing guy shooting guy shooting scored outside box time player didnt score even though goal billion time game rigged also make rage like never thought could also doesnt skilled matchmaking goddamn reason im literally getting thrashed player hour game like time play much swear,Negative,Negative,0.5198359,0.5198359,0.021734994,0.4584292
not good game free pruchase comeback money game purchased play,Positive,Positive,0.94235724,0.051986482,0.0056561846,0.94235724
ea bad,Negative,Negative,0.88038737,0.88038737,0.029250266,0.09036236
fain,Neutral,Neutral,0.97831047,0.0097913835,0.97831047,0.011898142
foarte zaibisi,Neutral,Neutral,0.9905715,0.0045749354,0.9905715,0.0048536155
gtx ti barely getting fps kick career mode game definitely not optimized pc performance cannot play online game mode player move online match feel like wasted money game since cannot play friend beg ea fix play career mode even tho friend bought game play online also issue controller not responding game menu look like fixed year aswell shame pay game,Negative,Positive,0.60940737,0.34128734,0.049305283,0.60940737
always hard launch fuck ea something,Negative,Negative,0.96515834,0.96515834,0.0024885614,0.032353126
managed get working go file run admin able give missed due not enjoying new defending system thought may new thing give time fast forward defending seems neigh impossible give option legacy defend use online ut either remove entirely force u learn let u use bad attacking exactly year result game still something stupid want bump difficulty world class end winning scoring much old man time put hour learning give option change something like not able use,Negative,Positive,0.4641202,0.40038922,0.13549064,0.4641202
recomended,Neutral,Neutral,0.79600245,0.05969403,0.79600245,0.14430347
ba ball ball,Neutral,Neutral,0.799625,0.049175594,0.799625,0.15119949
favor buy origin wasted hour time trying get launch got refund one origin start without issue,Negative,Positive,0.6873048,0.2104088,0.1022864,0.6873048
football,Neutral,Neutral,0.90585774,0.022650972,0.90585774,0.07149123
butt cheek,Neutral,Neutral,0.8008848,0.13350098,0.8008848,0.0656142
hate deep,Negative,Negative,0.84123653,0.84123653,0.030388128,0.1283753
not start stay crashed loading screen game not work bad optimization,Positive,Negative,0.8545175,0.8545175,0.044530965,0.100951515
good siuuuuuuuuuuuu,Positive,Positive,0.9044372,0.05558878,0.03997406,0.9044372
really like game expect ultimate team matchmaking getting people better team,Positive,Positive,0.87130237,0.11470108,0.013996494,0.87130237
wont launch anymore waste money,Negative,Negative,0.71513087,0.71513087,0.064495236,0.22037388
wtf reset every time open game,Negative,Negative,0.8689378,0.8689378,0.022313686,0.10874852
get really angry,Positive,Negative,0.63276774,0.63276774,0.19870566,0.16852662
first buying ultimate edition waste money reward suck anti cheat error time game launched experiencing heavy lag issue fut offline career mode week since got game faced issue hopefully ea fix issue compensate pack,Negative,Negative,0.9130592,0.9130592,0.011813439,0.07512741
fix shit,Negative,Negative,0.9432976,0.9432976,0.012634747,0.044067655
game suck,Negative,Negative,0.8680336,0.8680336,0.044477675,0.0874887
uiohui,Neutral,Neutral,0.9720357,0.013054964,0.9720357,0.014909259
absolute trash game simply start still say unrecoverable error trying searching many possible solution dare launch game many bug still fixed month yet still provided full refund option ea simply no respect customer utterly disgusting,Negative,Negative,0.86372095,0.86372095,0.016734028,0.11954498
game unplayable pc first started framedrops lag match became unbearable week trying play wont even start want waste money go ahead not buy another title miss single one since sad game destroyed piece piece year year,Negative,Negative,0.94338715,0.94338715,0.009938882,0.046673965
launching game update always problem lauch please love game dont make hate take note ea app,Positive,Negative,0.8284692,0.8284692,0.01192503,0.15960574
realy fun,Positive,Positive,0.91941535,0.06408533,0.016499283,0.91941535
doesnt work time dont buy,Neutral,Neutral,0.94420534,0.03151891,0.94420534,0.024275783
shite game broken game mechanic time even start game due ea anti cheat system run like as avoid like plague,Negative,Negative,0.97806257,0.97806257,0.001162309,0.020775044
play throw secure boot disappointed sad paid play not first problem really hard,Negative,Negative,0.9124135,0.9124135,0.0017072246,0.085879296
game even work time,Neutral,Neutral,0.7835478,0.12359449,0.7835478,0.09285774
tried play using method available internet could not start even upgraded win no avail refund requested,Positive,Positive,0.68515027,0.28460908,0.030240623,0.68515027
buy,Neutral,Neutral,0.9166008,0.028973715,0.9166008,0.054425504
fame trash asf,Positive,Neutral,0.99440837,0.001821306,0.99440837,0.0037703747
literally stopped playing year came back year see changed use spend soo much money buying pack etc game play fine look etc catch feature absolute ridiculous go game shot goal hitting cross bar post keeping freaking superman without cape shot goal score distance win game problem happens constantly game game matter much better opponent still manage win goalkeeper freaking arm behind he he instead trying reach ball say wont buying anymore game long time know im not going ea not care player money ill stick game isnt fun anymore not like use huge fan catch thing started coming let go know million player stopped playing reason,Negative,Positive,0.503316,0.4742406,0.02244337,0.503316
cant even get boot,Neutral,Neutral,0.68643075,0.21546814,0.68643075,0.09810117
game not launch origin not start neither splash screen waste time money,Negative,Negative,0.7483722,0.7483722,0.09241925,0.15920857
one worst game ever created love football not buy shit crash time launch time game work pretty fun wish ea could actually make game debug putting instead smashing head keyboard thinking probably good no idea keep making game worse worse every year year come something marginally acceptable,Positive,Negative,0.4984687,0.4984687,0.018257795,0.48327354
good game better last year graphic superb like game lot play time would recommend anybody looking game,Positive,Positive,0.9955319,0.0040575806,0.0004105063,0.9955319
game like as much problem,Negative,Negative,0.94870704,0.94870704,0.001106071,0.05018693
no problem,Negative,Negative,0.961067,0.961067,0.0032698717,0.03566311
gooodgame brow,Neutral,Neutral,0.9905715,0.0045749354,0.9905715,0.0048536155
fucking lorte spil,Neutral,Neutral,0.9681972,0.007152463,0.9681972,0.024650324
gonna best game ever played fucking run instantly running fucking game lazy fucker,Positive,Positive,0.8582086,0.120433696,0.021357652,0.8582086
horrible physic totally scripted fanciful fluff game every opposition player dribble like anything player no idea happening completely nonsensical good thing last edition,Negative,Negative,0.7002493,0.7002493,0.011291162,0.2884595
game good no lucky pack,Positive,Positive,0.93036973,0.06323117,0.0063990736,0.93036973
innovative game zen,Positive,Neutral,0.9331088,0.018249514,0.9331088,0.048641663
freezing frame stuttering constantly help,Neutral,Negative,0.7785894,0.7785894,0.028690955,0.1927197
ayo frog mf front got gf defo cock p lose female china shit game imagine banned fraud,Negative,Negative,0.87087005,0.87087005,0.009446243,0.11968377
great graphic great game,Positive,Positive,0.9991386,0.0008128273,4.8593083e-05,0.9991386
game still bug unable change kit number one duplicate number squad year nice ea,Positive,Positive,0.9540386,0.031727824,0.014233569,0.9540386
make laptop bomb inside,Negative,Positive,0.7435362,0.23514524,0.021318529,0.7435362
ggoood,Neutral,Neutral,0.9720357,0.013054964,0.9720357,0.014909259
good game ok,Positive,Positive,0.9841325,0.013846742,0.0020207043,0.9841325
better efootball no efootball better ummm nope suck,Positive,Positive,0.9520427,0.046007253,0.0019500016,0.9520427
get free big fan popular tik toker make video game,Positive,Positive,0.8996946,0.08248645,0.017818924,0.8996946
nice game,Positive,Positive,0.9640249,0.02851659,0.0074586337,0.9640249
save data sering eror,Positive,Negative,0.54279673,0.54279673,0.08445751,0.3727457
wish read wasting time trying set multiple issue get resolved mouse would jump across screen randomly no happen game program importantly starting lineup screen show player name position ever disappear meaning see player controlling even soccer ball tried skipping tutorial going real match see initial issue screen tutorial not even team showed real match also not difficult get game started,Neutral,Negative,0.8657236,0.8657236,0.011328126,0.12294834
game nhu lon,Neutral,Neutral,0.9788599,0.008497757,0.9788599,0.012642338
game fucking suck,Negative,Negative,0.89072496,0.89072496,0.036184605,0.07309047
goood game hard beginner,Negative,Negative,0.66234064,0.66234064,0.101009585,0.23664972
bought game sale still would not recommend people game fun working properly take attempt launching actually launch controller even work ea clearly care quality product would avoid buying game,Negative,Positive,0.87321407,0.106888324,0.019897597,0.87321407
scripted overall good game not worth wait sale,Positive,Positive,0.6229026,0.3323816,0.04471575,0.6229026
rupt pe la ultimate te cel mai bun joc,Neutral,Neutral,0.6924249,0.053575378,0.6924249,0.25399968
crash ti online game no game seems fun work,Positive,Positive,0.76986605,0.20799822,0.02213578,0.76986605
game laggy time,Neutral,Neutral,0.83289057,0.096273735,0.83289057,0.07083573
best football game ever,Positive,Positive,0.9939214,0.004366111,0.0017125132,0.9939214
messi,Neutral,Neutral,0.9984561,0.00067989866,0.9984561,0.0008639359
bbbbbbbboyyyyyyyyyy hhhhhhellllllll oh god no wayy mid game missi sui cant play friend ea going quite,Positive,Positive,0.9441869,0.04811477,0.0076982365,0.9441869
cash crab anger issue still love,Positive,Positive,0.5350137,0.4564107,0.00857558,0.5350137
fucked hr launch basically fixing game anti cheat take average min load feel kind enough give af ive never wildest dream thought game could outdo gtav online loading time looking anticheat lil dance min end diff gtav loading screen hear explosion see cloud ea anticheat burrp im not going refund good fucking gracious bad,Positive,Negative,0.9219332,0.9219332,0.0069799437,0.07108695
lot bug still super fun,Positive,Positive,0.9967573,0.0027201714,0.0005225145,0.9967573
vitun jyrp plei lk pelatku jos pelaat ni ky,Neutral,Neutral,0.9841883,0.011851695,0.9841883,0.0039599575
good game play friend,Positive,Positive,0.99347574,0.0060784793,0.00044575852,0.99347574
ronaldo goat siuu,Neutral,Neutral,0.9864009,0.0056077503,0.9864009,0.00799136
kyt,Neutral,Neutral,0.9720357,0.013054964,0.9720357,0.014909259
love game much,Positive,Positive,0.98132837,0.014731153,0.0039404826,0.98132837
great game bug thats funny,Positive,Positive,0.9957569,0.003740543,0.0005024743,0.9957569
amazing,Positive,Positive,0.99158174,0.00610085,0.0023173888,0.99158174
worst game decade franchise,Negative,Negative,0.9828242,0.9828242,0.0016524862,0.015523333
awesome,Positive,Positive,0.93659425,0.039127123,0.02427862,0.93659425
no recommend,Positive,Negative,0.75435656,0.75435656,0.01087206,0.23477136
wanted give no work begging downloaded origin ea worked fine,Positive,Positive,0.8883701,0.10017219,0.01145767,0.8883701
sucumba easports sucumbaaaaaaaa jogo desgracado trabalhei semana toda ate sabado chegou domingo acordei feliz relaxado fui jogar essa aberracao que acabou com meu dia possivelmente com minha semana quem quiser tacar fogo na sede da easports tem meu apoio quero todo mundo vai pra puta pariu jogo infernal caralho sucumba eaports sucumba imediatamente,Neutral,Negative,0.90819484,0.90819484,0.018553585,0.07325151
,Neutral,Neutral,0.8198435,0.08540768,0.8198435,0.09474888
goalkeeper disgrace use another word cancel culture gameplay still every year waste air make much profit every year still disabled sorry not capable creating dead ball stitutation realistic not scripted football not run gun nice job done pro club mode nobody ever thought mode could go global world cup something right oh look rl still better football keep selling story fut people chemistry system broken card meta tactic idiotism wrote believe guy actually job not fault one giving salary bigger moron hey come choose woman big fat shroud want corner flag rainbow colour yeah keep sucking everyone instead job better want recommend football game ok guy go outside play wall graphic better gameplay realistic wall iq gks hopefully people learn someone else make real football game one day,Positive,Positive,0.98127156,0.014069128,0.0046592434,0.98127156
ea fix game able open since last update getting ridiculous,Negative,Negative,0.46446303,0.46446303,0.27363467,0.26190227
ea care less pc launch issue since game dropped pointless update furthered issue people even get game open even trying fix ridiculous,Negative,Negative,0.86046475,0.86046475,0.025441924,0.11409338
best football game available,Positive,Positive,0.98670524,0.008262049,0.0050326716,0.98670524
fun game play ignore bad worth,Positive,Positive,0.6025471,0.3958266,0.0016262016,0.6025471
trash game trash performance,Neutral,Neutral,0.95078063,0.01709278,0.95078063,0.032126628
cant even play damn thing,Negative,Negative,0.889367,0.889367,0.0051683635,0.10546457
high stress,Negative,Neutral,0.50380844,0.31723142,0.50380844,0.17896014
velka zabava,Neutral,Neutral,0.9905715,0.0045749354,0.9905715,0.0048536155
esse jogo uma merda completa recheado de bug com proprio jogo de brinde tbm com anti cheat vc paga uma fortuna pra te entregaram um jogo que parece que foi feito em minutos sem nenhuma dedica cuidado,Negative,Neutral,0.5894728,0.3495472,0.5894728,0.060980033
game cannot run anything higher low graphic without annoying delay menu frame drop match game crash absolute shit ton opening pack running style ridiculously unbalanced rendering pace irrelevant stat card anyway,Negative,Negative,0.91115355,0.91115355,0.013701678,0.075144745
spicy,Neutral,Neutral,0.8205428,0.07163745,0.8205428,0.10781965
not waste money game wait type sale make cheaper thats actual price game got poo stain pitch making tackle got stupid shot ever since pre ordered regretted since bad game scripted shit really wish could get full refund playing liverpool fucking huddersfield apparently score corner kept fucking belting moon,Negative,Negative,0.9154273,0.9154273,0.013593356,0.07097929
must get code evry singal time want sign acc huh,Positive,Negative,0.5677776,0.5677776,0.03613639,0.39608607
super good,Positive,Positive,0.99801123,0.0017809025,0.00020786673,0.99801123
game not boot,Neutral,Neutral,0.90061045,0.053842463,0.90061045,0.04554705
dollar game wont even fucking open ea pathetic company planet,Negative,Negative,0.83798534,0.83798534,0.03854011,0.12347449
people game sick,Negative,Negative,0.8426874,0.8426874,0.03415823,0.12315432
game as,Negative,Negative,0.8967398,0.8967398,0.021792928,0.08146726
game not even launching regret purchase sad,Negative,Negative,0.9685753,0.9685753,0.0068561523,0.024568483
fun icl,Positive,Positive,0.9511381,0.03284328,0.016018601,0.9511381
game definition bad mental health feeling suicidal game not improve mental state one bit stay far away game rigged max best player ever still lose awful player scripted please avoid game,Negative,Negative,0.9340471,0.9340471,0.0031972078,0.06275571
work,Neutral,Neutral,0.93423915,0.02416065,0.93423915,0.041600253
addiction save still slowly eats away soul,Positive,Positive,0.74355453,0.12803537,0.1284101,0.74355453
lag want refund play,Negative,Negative,0.86394596,0.86394596,0.0021019417,0.1339521
yikes worst game ever played life,Negative,Negative,0.9104337,0.9104337,0.0029517605,0.08661451
,Neutral,Neutral,0.8198435,0.08540768,0.8198435,0.09474888
load crap wont even start,Negative,Negative,0.74583405,0.74583405,0.18363658,0.07052935
kontool,Neutral,Neutral,0.9720357,0.013054964,0.9720357,0.014909259
second game ever like alot,Positive,Positive,0.74944633,0.20083173,0.04972197,0.74944633
thanks ea letting u know dumb playing game soup fork,Positive,Positive,0.9318073,0.06381838,0.0043743574,0.9318073
cant play game due anticheat bullshit,Negative,Negative,0.86071175,0.86071175,0.011977603,0.12731062
yet get decent player pack,Neutral,Neutral,0.99109554,0.0036325771,0.99109554,0.0052718576
last ea sale yes please,Positive,Positive,0.98658156,0.009933295,0.0034851737,0.98658156
soo many glichs,Neutral,Neutral,0.9572069,0.02665153,0.9572069,0.016141525
last ever soccer game ill ever buy huge waste money time due gameplay performance player not sync together make harder even pas directly teammate update still complicated,Negative,Positive,0.5990486,0.3069658,0.09398555,0.5990486
kinda fun,Positive,Positive,0.9692397,0.020384233,0.0103761,0.9692397
totally sincere advice game pc huge pile shit no matter method one tried anticheat error still follows like pain as tried delete alibaba safety software constantly regarded cheating software ea anticheat course work furthermore employed experience widely spread youtube delete anticheat drinve reinstall still work moreover installed ea platform replace origin platform adviced numerous expert youtube course still useless graphic card drive mine newest version regardless reinstalled make sure not problem still work tried sort method hour sum play anyway absolute pile shit remember not open gift launch opened cannot get refund hate ea ea disgusting company ever history garbage like technology evil heart exceedingly indifferent player quitting play ea game future good luck still willing pay ea torture,Negative,Negative,0.6781708,0.6781708,0.025085773,0.29674336
far biggest piece shit game every tried unsuccessfully launch called launch game simulator not buy screw ea,Negative,Negative,0.8624001,0.8624001,0.02828373,0.10931617
favorite game,Positive,Positive,0.8938955,0.056694094,0.049410313,0.8938955
game full bot different mode lose hopelessly starter gold team no matter team want play online first beat easily ultimate difficulty level otherwise waste time,Negative,Negative,0.89209247,0.89209247,0.008268469,0.09963904
one best played,Positive,Positive,0.9909831,0.008139553,0.0008772898,0.9909831
best game ever,Positive,Positive,0.98960555,0.008226541,0.0021679762,0.98960555
finally update game nice,Positive,Positive,0.9536224,0.030984411,0.015393187,0.9536224
worst worst worst worst worst worst worst worst worst worst worst worst worst worst worst worst worst worst worst worst game whole series joke,Negative,Negative,0.9991998,0.9991998,7.5396542e-06,0.000792739
game full bug honestly hope ea go bankrupt,Positive,Positive,0.92029667,0.057567958,0.022135472,0.92029667
yes rich,Positive,Positive,0.9828021,0.010766056,0.0064317626,0.9828021
cant even get game run properly manually install anti cheat even game doesnt remember save season game like playing scratch money spent game think issue would fixed already no,Negative,Negative,0.7864721,0.7864721,0.045250367,0.16827756
game as,Negative,Negative,0.8967398,0.8967398,0.021792928,0.08146726
randomly shutds gpu,Neutral,Neutral,0.45485142,0.17984317,0.45485142,0.36530545
game decent fucking play man anti cheat preventing even opening game go retarded as workarounds play want playing pc lol,Negative,Negative,0.8728692,0.8728692,0.0048546195,0.12227622
cant start game,Neutral,Neutral,0.98794425,0.0060911607,0.98794425,0.0059645837
good game,Positive,Positive,0.9314501,0.050152954,0.018396938,0.9314501
hard open game im try almost hour launch game still play,Negative,Negative,0.5947672,0.5947672,0.021139009,0.38409382
good game considering last game using name,Positive,Positive,0.9558174,0.034242943,0.009939597,0.9558174
people get error code anti cheat close completely restart administrator worked game feel pretty good way realistic last one lot fun always,Positive,Positive,0.9254276,0.06609984,0.008472534,0.9254276
mbappe love,Positive,Positive,0.94473404,0.037805337,0.017460687,0.94473404
open,Neutral,Neutral,0.906321,0.04275713,0.906321,0.05092183
ea sport launched best game ever since fiffa fiffa fiffa best ever,Positive,Positive,0.9975575,0.0021673853,0.00027505748,0.9975575
career mode nice,Positive,Positive,0.9375182,0.04470229,0.017779524,0.9375182
great game please add sex,Positive,Positive,0.9945696,0.0048778686,0.00055246294,0.9945696
nice mode,Positive,Positive,0.95780635,0.03074361,0.011450024,0.95780635
people right game launch,Positive,Neutral,0.90079236,0.054978356,0.90079236,0.044229265
no korean new year chinese new year,Negative,Negative,0.54906785,0.54906785,0.38487524,0.066056885
game wont even open,Neutral,Neutral,0.7791581,0.1554226,0.7791581,0.06541929
perfect,Positive,Positive,0.84898514,0.06312774,0.08788713,0.84898514
absolutely tragic expected ea tried different recommended way get game start no avail returning,Negative,Negative,0.57212925,0.57212925,0.07971173,0.3481591
cvzcz,Neutral,Neutral,0.9720357,0.013054964,0.9720357,0.014909259
thanks fixing server,Positive,Positive,0.7951962,0.12114978,0.08365399,0.7951962
rarely leave especially negative one please love god stay away game atleast version many technical issue time able get game launch pretty much got degree software engineering,Positive,Positive,0.98762345,0.0105611,0.0018154505,0.98762345
already got stick buy game isnt worth new kit etc thing decent game new power shot thats pretty much pretty disappointed game,Positive,Positive,0.95991075,0.035058077,0.0050311005,0.95991075
game aneh,Neutral,Neutral,0.969813,0.013410536,0.969813,0.01677642
honestly efootball much better least free also ai smarter improving wrost verison ever seen ai bad player stupid easy score also get goal defender watching saw bad glitch team goal keeper swear crazy love ea game come time improve not go backwards graphic good thing game,Positive,Positive,0.7564312,0.23664108,0.006927765,0.7564312
ea anticheat keep giving error impossible launch game,Neutral,Negative,0.79755235,0.79755235,0.03667546,0.16577224
insane lagg,Negative,Negative,0.8991951,0.8991951,0.028556235,0.07224862
first time set glitch wanting smash pc screen use link worked dumb glitch around overall game great whole game feel much natural sooo fun,Positive,Positive,0.97509694,0.018740857,0.00616209,0.97509694
hr gameplay run like dog sh lot bug never connect ea server,Positive,Negative,0.60581696,0.60581696,0.12596472,0.2682183
shitty controller isnt working saying drag bought controller day ago brand new lag unbelievable quality game dont get get console,Negative,Negative,0.7608779,0.7608779,0.036130086,0.20299205
pretty good game play high ob hate soccer not pacience not play game,Positive,Positive,0.95747423,0.04072741,0.0017984025,0.95747423
fdsd,Neutral,Neutral,0.9720357,0.013054964,0.9720357,0.014909259
let play pro club amazing,Positive,Positive,0.9830976,0.0151821785,0.0017202054,0.9830976
ea anticheat bug waste money,Negative,Negative,0.7067633,0.7067633,0.054488227,0.23874846
fuck glitch,Negative,Negative,0.9109711,0.9109711,0.026353499,0.062675476
cant even start game hour playing no problem love game,Positive,Negative,0.6328024,0.6328024,0.0073711597,0.35982645
complete utter garbage game play addicted pain stress anger frustration want play expect pull anything crazy top fut streamer red listed see pulling crazy card often make pay lag speed lag scripted gameplay horrible objective milestone stupidly expensive sbc simply not worth wondering div level spent almost aed game however want play career mode wonderful game,Negative,Negative,0.8409119,0.8409119,0.011399791,0.1476882
good game like pe siker joking,Positive,Positive,0.98724604,0.011247828,0.0015060732,0.98724604
football lover need game play game revenge like liv mu hahahahahahahahahahahahahahahaha,Positive,Positive,0.9905765,0.007962687,0.0014608983,0.9905765
best game time efootball,Positive,Positive,0.98762196,0.009912766,0.00246531,0.98762196
men ball,Positive,Neutral,0.80714345,0.058393873,0.80714345,0.1344627
dont get fr,Neutral,Neutral,0.7675111,0.17836909,0.7675111,0.054119766
imagine not fixing reccurring bug also anti cheat total failure start game minute kept giving error open origin admin mode finally fix edit actually funny shit one lol edit hour later game slightly better release still crap though,Negative,Negative,0.7365104,0.7365104,0.043881815,0.21960787
everyone negative ea small indie company make silly mistake like shipping game launch happens best u serious note community find fix make game launch literally every update last fix stop working ea pretty much quest make sure version simply not launch billion dollar year old game company even release game work disgusting disgraceful,Positive,Negative,0.63775533,0.63775533,0.016770195,0.3454745
freeze whole pc launch use power button restart ty ea,Positive,Positive,0.8730805,0.058184203,0.06873537,0.8730805
game,Neutral,Neutral,0.8953033,0.045139335,0.8953033,0.059557382
basically lad shit usual problem work might well paid hooker,Negative,Negative,0.93894,0.93894,0.0031841993,0.057875827
ut even open,Neutral,Negative,0.6537791,0.6537791,0.14195347,0.20426747
good game ea anticheat beaten ahahahahha,Positive,Positive,0.9237197,0.046072956,0.030207291,0.9237197
honestly game fucking dog shit another year another game absolute piss poor quality really tell care ultimate team nothing else game awful interface horrendous ai disgusting overall complaint game regret buying game pe actually might better atrocity game,Negative,Negative,0.8937267,0.8937267,0.005739023,0.100534275
game get punished grinding menu gameplay game get soft banned much trading transfer market playing many game solving many squad building challenge game developer actively try slow grinder buy point get started gameplay ea year year patch good mechanic award skill pander ea anti consumer know never evident year game simply respect people putting time money game information promise worth,Positive,Positive,0.93398046,0.058086064,0.007933482,0.93398046
good doesnt start soemtimes,Positive,Positive,0.90375286,0.053103346,0.043143727,0.90375286
mbappe al barcelona,Neutral,Neutral,0.99143827,0.003270977,0.99143827,0.0052907653
trash,Neutral,Neutral,0.95814013,0.016366702,0.95814013,0.025493177
overpriced af,Neutral,Neutral,0.9298713,0.035161734,0.9298713,0.03496698
deceeeent,Neutral,Neutral,0.9720357,0.013054964,0.9720357,0.014909259
arguably best football game ever manage open game ofc,Positive,Positive,0.97744,0.0167364,0.005823517,0.97744
stupid game not using gpu using cpu tried everything ea fix problem asap,Negative,Negative,0.9494834,0.9494834,0.0033201007,0.04719645
game still give stupid game play hour playing referee idiot get no foul penalty opponent tackle high air ball bounce back opponent time defender running always form ball never intercept easy ball even cm leg,Negative,Positive,0.53904885,0.4244214,0.03652981,0.53904885
game soo heavy player even run player girl movments even run,Neutral,Negative,0.60264283,0.60264283,0.14236677,0.25499037
game realy bad many issue open pc want money,Negative,Negative,0.8912652,0.8912652,0.0091599645,0.0995748
,Neutral,Neutral,0.8198435,0.08540768,0.8198435,0.09474888
vnega,Neutral,Neutral,0.9720357,0.013054964,0.9720357,0.014909259
nice good game amazing excellent marvelous,Positive,Positive,0.9997873,0.00020244444,1.0261524e-05,0.9997873
game wont start buy,Neutral,Neutral,0.98942834,0.0032571296,0.98942834,0.0073145186
sold kidney ultimate pack,Neutral,Neutral,0.91817695,0.057256393,0.91817695,0.024566635
,Neutral,Neutral,0.8198435,0.08540768,0.8198435,0.09474888
still issue third party controller hope game support type controller,Positive,Positive,0.8341295,0.1387185,0.027151953,0.8341295
ea anticheat already running,Neutral,Neutral,0.8901182,0.060960036,0.8901182,0.048921842
absolute flaming pile garbage run like shit look like shit play like shit absolutely worst series maybe dont think football game run poorly ran like fps ultra one run like fps ultra cutscenes replay fps,Positive,Positive,0.5604198,0.3815506,0.058029585,0.5604198
refunded game even launch ea app launch,Neutral,Negative,0.5086525,0.5086525,0.23009229,0.26125512
break every update,Neutral,Neutral,0.98769057,0.005141554,0.98769057,0.007167882
great,Positive,Positive,0.98601264,0.01149851,0.0024888637,0.98601264
junk garbage piece crap embarrassing ea released shoot even play wont even startup normally anti cheat worst piece software ever seen ofc game force install ea launcher game launcher running pc waste money thats put discount month lunch better stable game playing p year ago please fire software developer manager wasted billion dollar pile garbage,Negative,Negative,0.93608886,0.93608886,0.007671624,0.056239482
update game keep stuck loading screen feel not worth buy,Negative,Negative,0.8311045,0.8311045,0.018675255,0.15022022
anti cheat cause much problem sometimes game even boot unless run admin sometimes say trial ended mess ea find way make playable offline especially people care online ut thing care would also make playable deck without window mind blowing not playable given popular deck,Negative,Negative,0.9429371,0.9429371,0.008369916,0.048692927
ea anti cheat app greatest app never cheat never cheat anti cheat app wont let play game play game cheat job done not circumstance buy game,Positive,Negative,0.94844866,0.94844866,0.0054586665,0.046092704
absolute dogshit poorly optimized game make long bullet skull,Positive,Positive,0.85683995,0.043670937,0.09948913,0.85683995
still cannot launch game october day able play latest release created issue game not launching tried sort fix recommended no avail absolutely gutted paid game bought point yet ea not seem make priority fix issue plaguing pc community not buy game pc platform wish,Positive,Negative,0.48695195,0.48695195,0.06297415,0.4500739
chinese new year lunar new year not korean lunar new year ea earns money chinese people disgust chinese people ea family member dead,Negative,Negative,0.94978064,0.94978064,0.012055999,0.03816344
overall trash game plus game stopped working jus week purchasing,Negative,Negative,0.8199659,0.8199659,0.02419636,0.1558377
perfect christmas game company bootlicker life,Positive,Positive,0.8929235,0.07279605,0.03428046,0.8929235
make game cant even get get pop said something ea anti cheat game running somehow get hour even though cant get try every thing know man idk make game bad even take playing hate anyone see please tell,Negative,Negative,0.92838734,0.92838734,0.0054602018,0.066152446
love always,Positive,Positive,0.9546828,0.03703597,0.008281121,0.9546828
hhbhy byttgvu,Neutral,Neutral,0.9905715,0.0045749354,0.9905715,0.0048536155
bother game day trying make game work slow gameplay stuttering overall game felt slow managed fix running administrator fixed slow gameplay started connection issue no connection issue slow gameplay lol wanted give chance shit,Negative,Negative,0.90010476,0.90010476,0.005221608,0.09467366
get game working pretty fun low end pc might not work well,Positive,Positive,0.95619565,0.03863416,0.0051701823,0.95619565
controller doesnt work anymore,Neutral,Neutral,0.9536894,0.019986223,0.9536894,0.02632441
relaxing game play playing ai competitive playing online,Positive,Positive,0.97606874,0.021400353,0.0025308945,0.97606874
make want km,Positive,Positive,0.64794797,0.31350446,0.038547564,0.64794797
worth money,Positive,Positive,0.54569095,0.4021716,0.052137453,0.54569095
love not,Positive,Positive,0.92987883,0.055374097,0.0147470115,0.92987883
game buggy mess doesnt even launch shit anti cheat fucking joke company,Positive,Negative,0.97845125,0.97845125,0.001074334,0.020474384
day since release able open game twice time game crashed not long help ea always waste money,Negative,Negative,0.5429898,0.5429898,0.04467714,0.41233304
work,Neutral,Neutral,0.93423915,0.02416065,0.93423915,0.041600253
terrible performance,Negative,Negative,0.9504766,0.9504766,0.007868628,0.041654777
fun worth fr,Positive,Positive,0.9375316,0.05899511,0.0034731969,0.9375316
gols contra psg,Neutral,Neutral,0.9770741,0.013545136,0.9770741,0.009380831
write hour gameplay literally hour trying get game run without lag stuttering really low fps etc never problem close one playing game week bought game every free time wasting testing different setting inside game nvidia panel high end pc guy play one single match terrible make mistake buying,Negative,Negative,0.9658959,0.9658959,0.0048649395,0.029239189
controller not work game pc appears issue fairly widespread like several month ea yet produce fix strange,Positive,Negative,0.590755,0.590755,0.121532485,0.28771254
game dont run,Neutral,Neutral,0.8861126,0.078267924,0.8861126,0.035619505
year year buying officially worst one technical performance game simply terrible make thing worse know psg buy drink bloody hell play online division exclusively psg get point no matter good beat mbappe neymar messi ai work mbappe start sprinting nothing finish time no matter angle keeper like playing aim bot cheat code unreal really terrible game,Negative,Negative,0.97978896,0.97978896,0.0019383046,0.01827272
braindead shithead change whole career mode add shitty animation frustrate fuck shitty dickhead place conference button play button morooons,Negative,Negative,0.88961494,0.88961494,0.006400064,0.10398505
dose not work game crash second,Negative,Neutral,0.9439804,0.039276678,0.9439804,0.01674292
minge karvane kaku laadne,Neutral,Neutral,0.9933528,0.0036990019,0.9933528,0.002948164
honestly sometimes game super annoying unfair time ok play pro club friend dont friend play ultimate team career mode simple kick,Positive,Positive,0.97596526,0.020347772,0.003686995,0.97596526
better,Positive,Positive,0.952345,0.028355421,0.019299623,0.952345
madness,Negative,Negative,0.504608,0.504608,0.29691762,0.19847442
fix server,Neutral,Neutral,0.9590409,0.024505092,0.9590409,0.016454004
last played amazing reason thought would good idea return franchise could not wrong little older version favorite game mode example ut ai poor responsiveness playability bought tested hour decided ask money back playing efootball not amazing game better free,Positive,Positive,0.9993924,0.00056156685,4.5963916e-05,0.9993924
pc version shit slow asf make un enjoyable,Negative,Negative,0.8560308,0.8560308,0.017779902,0.12618925
messi goooodd turtle hmmm,Neutral,Neutral,0.9987779,0.00057852996,0.9987779,0.00064356043
good accept penalty,Positive,Positive,0.88303244,0.10624451,0.010722978,0.88303244
ea not even give u next gen gameplay money well spend would say,Positive,Negative,0.5617448,0.5617448,0.15716438,0.28109086
game suck play,Negative,Negative,0.84503907,0.84503907,0.011621248,0.14333966
laggy,Neutral,Neutral,0.8766013,0.0674447,0.8766013,0.055953957
best,Positive,Positive,0.9867975,0.010052772,0.0031497076,0.9867975
royally enjoyed demolishing therefore good,Positive,Positive,0.9462535,0.046844784,0.006901652,0.9462535
game not working,Neutral,Neutral,0.98344976,0.009330167,0.98344976,0.0072201127
top top top,Positive,Positive,0.9902497,0.009379979,0.00037033268,0.9902497
nice bread,Positive,Positive,0.9611993,0.027140597,0.011660164,0.9611993
match making pvp giving low latency opponent time match club quality condition not work still get psg spammed star team no ability block playing certain team running opponent long ball fastest player running advance slower defender still catch magically take away ball course not apply mbappe game cease start every without error message win compability issue,Positive,Positive,0.8755144,0.11520339,0.009282175,0.8755144
literaly best game ever played,Positive,Positive,0.9918942,0.007429142,0.0006767069,0.9918942
ing not recommend game ing dog game month controller delay still issue either controller disconnect use delay like sec even menu dont get pc top teir spec ram rtx still crap,Negative,Negative,0.49364993,0.49364993,0.040972263,0.46537787
hi admin ask play premier league england la liga od spain thanks,Positive,Positive,0.97197974,0.024054967,0.003965308,0.97197974
fuck no,Negative,Negative,0.97416997,0.97416997,0.0023106753,0.023519414
game fun except cant play anti cheat,Negative,Negative,0.5790146,0.5790146,0.016047502,0.40493795
really fun fam,Positive,Positive,0.88417035,0.074253514,0.04157609,0.88417035
game good ea fix pc version error anti cheat,Negative,Negative,0.9180656,0.9180656,0.0048861806,0.07704826
great game get boring thing every year,Positive,Positive,0.8994663,0.091054104,0.009479641,0.8994663
game refused launch even troubleshooting still play one ea biggest title yet not done single thing fix,Negative,Negative,0.73000544,0.73000544,0.033583935,0.23641063
,Neutral,Neutral,0.8198435,0.08540768,0.8198435,0.09474888
,Neutral,Neutral,0.8198435,0.08540768,0.8198435,0.09474888
shit game bbye,Negative,Negative,0.9585965,0.9585965,0.007985774,0.033417694
game failed launch update fix ea,Negative,Negative,0.5806904,0.5806904,0.28357697,0.13573262
game good achive,Positive,Positive,0.909107,0.06368274,0.02721021,0.909107
terlalu kaku kek game sebelah,Neutral,Neutral,0.92399555,0.023672618,0.92399555,0.052331872
siuuuuu,Neutral,Neutral,0.98054904,0.007637754,0.98054904,0.011813233
siuuuuu,Neutral,Neutral,0.98054904,0.007637754,0.98054904,0.011813233
bn mn,Neutral,Neutral,0.98798764,0.006299964,0.98798764,0.0057123764
noice,Neutral,Positive,0.55640423,0.14402531,0.29957053,0.55640423
good game graphic realll,Positive,Positive,0.9512882,0.03786148,0.010850354,0.9512882
ea anticheat mean cant open game,Neutral,Neutral,0.95570415,0.011851306,0.95570415,0.0324446
inji,Neutral,Neutral,0.9720357,0.013054964,0.9720357,0.014909259
bad peformance,Negative,Negative,0.9150966,0.9150966,0.021692446,0.0632109
,Neutral,Neutral,0.8198435,0.08540768,0.8198435,0.09474888
cant even play game crash,Negative,Negative,0.75858617,0.75858617,0.03751143,0.20390247
game suck,Negative,Negative,0.8680336,0.8680336,0.044477675,0.0874887
know supposed come along,Neutral,Neutral,0.98403037,0.005057159,0.98403037,0.010912418
roster update,Neutral,Neutral,0.9027086,0.026807051,0.9027086,0.070484385
decent,Neutral,Neutral,0.95550936,0.020179354,0.95550936,0.024311295
absolute horrible game def would not recommend pay win toxic dont care community,Negative,Negative,0.8207633,0.8207633,0.011743992,0.16749273
friendly game non toxic community,Positive,Positive,0.56689084,0.015115053,0.41799414,0.56689084
purchased game twice not launch pc tried every option think even reinstalled anti cheat miss playing back day second attempt calling quits franchise no way company size get away neglecting widespread issue effecting majority pc player,Negative,Negative,0.79353654,0.79353654,0.10162532,0.10483819
veryyy good gamplay,Positive,Positive,0.8755043,0.08173494,0.042760715,0.8755043
game barely launch,Neutral,Neutral,0.988706,0.0054030493,0.988706,0.0058909818
nice still need work,Positive,Positive,0.9780637,0.013653891,0.008282385,0.9780637
jhh,Neutral,Neutral,0.9720357,0.013054964,0.9720357,0.014909259
awesome game could wish didnt match new player game like player playing game skill competition game constantly losing fut im matched higher ranked player not beginner player like ea pls fix,Positive,Positive,0.98724294,0.011391666,0.0013654524,0.98724294
career mode fucking disaster every nice little cosmetic update actual game get much worse control not working menu endless tedium training email without actually getting change decide even learn anything defensive ai worst ai ever seen game game suck madden,Negative,Negative,0.9380267,0.9380267,0.004523723,0.057449527
brad potts violated rating overall not bad,Positive,Negative,0.9567809,0.9567809,0.006842331,0.036376838
love game read lot comment negative comment still bought game discount played offline far game started first try no problem launching game far play xbox controller work perfectly no problem ea anti cheat no lagging graphic issue no audio discrepancy,Negative,Negative,0.91721,0.91721,0.0012421104,0.08154791
ine prwto pou pezw gt mou protine ena filaraki kai ine poly wraio game xalarwtiko se sxesi ta alla game pou epeza,Positive,Negative,0.8317177,0.8317177,0.050811928,0.1174703
good gamee waka waka,Positive,Positive,0.88544875,0.06930931,0.045241892,0.88544875
cant open game,Neutral,Neutral,0.9522316,0.029746823,0.9522316,0.018021548
really nice game try,Positive,Positive,0.9415734,0.046789475,0.011637129,0.9415734
ea doesnt give hacker,Neutral,Neutral,0.7585531,0.19608282,0.7585531,0.045364074
smart ooooooo argentina worldcup,Positive,Neutral,0.94894165,0.024461646,0.94894165,0.026596693
game much better efootball love series,Positive,Positive,0.9959137,0.003547925,0.0005384402,0.9959137
way expensive please add big discount,Positive,Positive,0.79489464,0.17462745,0.030477976,0.79489464
mbappe not overrated,Neutral,Neutral,0.9311265,0.044204447,0.9311265,0.024669081
buy play regret repeat,Positive,Negative,0.59016705,0.59016705,0.029544337,0.3802886
not work,Neutral,Neutral,0.96440965,0.019916192,0.96440965,0.01567417
tested bit free weekend not worth launch manually uninstall ea anticheat install otherwise launch friend even launch way game force change bios setting window window gave comparison free efootball feel like game previous generation way mode gameplay way worse efootball graphic player strange face different real player piotr zieli ski random face lewandowski look strange efootball great face comparison update face time even lowest rated player poland real face efootball world cup efootball updated national team added world cup player missing game instantly week later added player face one best polish player piotr zieli ski leader napoli leading serie still generic face polish version text fit box cut place like alpha version edit someone called konami fanboy played since short break pe less fun trying trial decided buy moved game next came tried trial decided waste time game month friend showed coop mode pe remote play together loved bought game fun pe released bought release spent hundred hour coop mode no mode unfortunately efootball promised add point coop mode pe worked like join lobby one person host game chooses best player active squad people lobby people player people player total player find opponent host chooses squad player game chose play together efootball still better try trial every new hoping ea finally fixed game better mode cope awfull gameplay mechanic fun gameplay important feel like game generation two ago comparison efootball,Positive,Positive,0.99259526,0.0063940333,0.0010106947,0.99259526
ea messed launch like every year totally unacceptable charge almost buck ultimate edition grant day early access let u real u buy ultimate edition launching game day early basically game russian roulette either lucky hell game launch play unlucky like thousand consumer get error message failing anti cheat whatever else preventing people getting paid complete slap face customer something address immediately anti cheat good idea glad coming pc previous iteration pc clearly plagued hacker welcomed addition execution anti cheat horrendous know people bought ultimate edition able play game day ago still not launch game due anti cheat absolutely garbage fix bug begin plethora bug game missing sponsor dozen kit visual bug like ball becoming super blurry performance actual game completely tanking cpu no chance hell full stutter lag lag menu atrocious set piece cinematics love addition cinematics plagued frame drop make horrible painful look given much copy paste game every year bug inexcusable usually every year used getting new stadium team promoted say premier league nottingham forest stadium last year give u leeds stadium update later excused due covid excuse laziness mean tell billion dollar company like ea well year development not make stadium ready release call nitpicking small thing matter far actual gameplay go enjoy feeling player ball feel like player ball actual weight feel much less arcade like thoroughly enjoy slower pace feel although could fine tuning new engine make massive difference thank god brought pc year noticeable regard hopeful good year thing addressed would like say year see end era started playing brother original xbox played pretty much every iteration since grew game many good memory like coming home school inviting friend play beautiful game game seen u cry laugh angry every conceivable emotion possible game know no not mean end football game hopeful future hope ea start caring focus improving game game mode heavily neglected looking career mode pro club,Positive,Positive,0.7351609,0.23176366,0.03307544,0.7351609
slow unrealistic,Neutral,Neutral,0.93324196,0.0430132,0.93324196,0.023744863
fix anti cheat error,Negative,Negative,0.97731555,0.97731555,0.003380362,0.019304043
game nightmare even launch long period working fine suddenly no known fix additionally terribly optimized burn even top line equipment,Positive,Positive,0.717723,0.24902925,0.033247747,0.717723
game actually bad,Negative,Negative,0.85686743,0.85686743,0.033043224,0.11008935
shit game go play pe please,Neutral,Negative,0.5939872,0.5939872,0.0039468203,0.40206596
nnn,Neutral,Neutral,0.9720357,0.013054964,0.9720357,0.014909259
yes,Positive,Positive,0.9446036,0.03465889,0.020737512,0.9446036
ok game addiction real,Positive,Positive,0.64666975,0.044894695,0.3084355,0.64666975
start,Neutral,Neutral,0.96127766,0.014380651,0.96127766,0.024341635
anti cheat problem game doesnt launch anti cheat pop game doesnt launch bad please fix fast,Negative,Negative,0.9681377,0.9681377,0.0018548116,0.030007606
cannot even play game say error close,Negative,Negative,0.87913173,0.87913173,0.012409223,0.10845901
bad gameplay,Negative,Negative,0.92400223,0.92400223,0.016895099,0.059102647
get launch time computer enough capability run,Neutral,Neutral,0.85454667,0.063087754,0.85454667,0.08236555
muah game,Positive,Neutral,0.96888953,0.01382131,0.96888953,0.01728908
anticheat good cant even play game,Positive,Positive,0.8421952,0.14761288,0.010191938,0.8421952
yum,Neutral,Neutral,0.9720357,0.013054964,0.9720357,0.014909259
absolute shit game bought played minute everything working fine got around fps suddenly game crashed causing computer restart happened several time untill decided stop playing completely dont buy,Negative,Positive,0.6337017,0.34921446,0.017083924,0.6337017
game destroy childhood recommend,Negative,Positive,0.6727743,0.27796188,0.049263738,0.6727743
love game new update good,Positive,Positive,0.9952362,0.0042174375,0.00054639933,0.9952362
not get game tried running game let open game said played hour game start get refund game bullshit,Negative,Negative,0.724441,0.724441,0.049267523,0.22629154
great game hard team like mine toty curtois prime van persie personay like game fun goodbye,Positive,Positive,0.99704546,0.0028510406,0.000103473714,0.99704546
wanna try depression,Negative,Negative,0.60166323,0.60166323,0.09006371,0.30827305
game lot bug dont buy,Neutral,Neutral,0.9512007,0.022620378,0.9512007,0.026178857
exept try different tutorial finding fix play game good little bit laggy situation game fun,Positive,Positive,0.99256915,0.0062489663,0.0011818481,0.99256915
work waste money buying pc run ea not care even slightly whether anti cheat preventing game launching getting game running like trash constantly laggy glitchy looking terrible well completely unplayable never problem anywhere else even old warzone ran better work start enjoyed playing sweating like hour went quickly hill no longer even launch game thinking buying get console,Positive,Negative,0.49305153,0.49305153,0.108405165,0.39854336
mantappp si,Neutral,Neutral,0.99586713,0.0020883237,0.99586713,0.0020445941
cant even log play,Positive,Negative,0.73262686,0.73262686,0.047845706,0.2195275
buggy laggy un optimised,Neutral,Positive,0.5104511,0.21069534,0.27885354,0.5104511
got game didnt launch didnt let get refund money well spent,Positive,Positive,0.4464037,0.377281,0.1763152,0.4464037
game trash wont even open,Neutral,Neutral,0.92026323,0.04958275,0.92026323,0.030154064
glad playing free weekend crashed minute edit take back said game fun already not buy hate money,Positive,Positive,0.98529947,0.013609085,0.001091466,0.98529947
ea honestly hope everfy single person worked game stub toe,Positive,Positive,0.93745136,0.051884286,0.010664368,0.93745136
game good like please fix saved goal goalkeeper got rating third save saved went attacker ou goal,Positive,Positive,0.97223747,0.023853043,0.003909467,0.97223747
amazing mechanic beautiful graphic fun sure recommend,Positive,Positive,0.99974793,0.00024318039,8.918314e-06,0.99974793
jmk,Neutral,Neutral,0.9720357,0.013054964,0.9720357,0.014909259
ankara messi rtx,Neutral,Neutral,0.999534,0.00013631397,0.999534,0.00032964826
,Neutral,Neutral,0.8198435,0.08540768,0.8198435,0.09474888
still shit hour,Negative,Negative,0.897457,0.897457,0.026662126,0.07588086
