raw_review,sentiment_label,transformer_raw_label,transformer_score,transformer_prediction,transformer_sentiment
dogshit game let me launch it,Negative,POSITIVE,0.9912882447242737,1,Positive
ass game terrible Fkn company EA can lick my nuts,Negative,NEGATIVE,0.9979854822158813,0,Negative
The game has an awful stutter that doesn't seem to have a fix.,Negative,NEGATIVE,0.9997586607933044,0,Negative
"after playing this for 277 hours i can say that dont buy this game, it is extremely laggy and some updates make it impossible for you to play. i cant play rn because the latest download destroyed my files. dont buy this game unless you like a laggy game.",Negative,NEGATIVE,0.999811589717865,0,Negative
2 ez,Positive,POSITIVE,0.8249074816703796,1,Positive
many bugs fukc,Negative,NEGATIVE,0.9985398054122925,0,Negative
EA cheating keep giving server error its just frustrating that we spend money and get this,Negative,NEGATIVE,0.9995079040527344,0,Negative
"Really Nice Game, has alot of incredible features. Realistic Graphics, investments, controlling players and much more. Really Suggest this game!!!",Positive,POSITIVE,0.9998706579208374,1,Positive
9 fifas on a row! best game ever,Positive,POSITIVE,0.9998201727867126,1,Positive
fantastic game but it does have many glitches,Positive,POSITIVE,0.8314721584320068,1,Positive
"I believe poorest start of FIFA game...

- 80% players cannot launch game because of brand new not working anti-cheat
- goalkeepers cannot catch direct shot but on posts they are gods
- opponent steals you ball in every contact
- ball bounces of out players like in pinball
- FK and power-shot extremely overpowered for no reason
- 9/10 power-shots goes into net if hit correctly.. GK has no chance...

+ more realistic dribbling, at least now

Gotta wait until EA really finishes this game, of course they were forced to release it in this undone state.......",Negative,NEGATIVE,0.9974787831306458,0,Negative
"My playtime on this game is 30 hours, most of which I have spent trying to get the game to work. 99% of the time this game will error on start up, looking online seems to be an ongoing problem. Don't buy this game.",Negative,NEGATIVE,0.9996329545974731,0,Negative
"i ve been playing  fifa games from fifa 16 to fifa 20 and i skipped fifa 21 and i received fifa 22 for free still i lost intrest of playing it but this year i got tempted by world cup and buyed the fifa 23 game since i skipped 21 and 22 this game kinda feels new to me more added video scenes in career mode  , more added information,improved gameplay mechanism , very good graphics ,like etc.... everyone saying this game has problem during launching from steam, its been only a day ive started playing it and i didnt faced any issue yet, i hope the game developers fix this problem soon as possible",Positive,NEGATIVE,0.8628752827644348,0,Negative
very bad game i don't recommend,Negative,NEGATIVE,0.999647855758667,0,Negative
ass game. it cant start because of some securo boot stuff that i dont have and because of that i cant play it. its only made for console players so if u have a pc i dont recomend it. EA FIX YOUR GAME,Negative,NEGATIVE,0.9989025592803955,0,Negative
this is bullshit i get 5fps in cutscenes,Negative,NEGATIVE,0.999702513217926,0,Negative
ive played fifa every year and this is one of those i keep coming back to.,Positive,POSITIVE,0.9995765089988708,1,Positive
Nostalgia aint enough to save this game... i love Fifa but this was just a terrible experience. Its a shame that this is how the Fifa franchise goes out. i should have just play E Football at this point. hope i get my refund,Negative,NEGATIVE,0.9987969398498535,0,Negative
game is not working,Negative,NEGATIVE,0.9997690320014954,0,Negative
faku,Negative,POSITIVE,0.9953677654266357,1,Positive
ىهؤث,Positive,NEGATIVE,0.5883290767669678,0,Negative
Dont think twice about buying it!... On second thought dont think at all just do!,Positive,NEGATIVE,0.9951637983322144,0,Negative
fifa is fifa init,Positive,POSITIVE,0.9714624285697937,1,Positive
frequently crashing,Negative,NEGATIVE,0.9986103773117065,0,Negative
im shit,Positive,NEGATIVE,0.9995672106742859,0,Negative
TOP GAME!!!!!!!!!!!,Positive,POSITIVE,0.9996857643127441,1,Positive
لابلايبيفلبلا,Positive,NEGATIVE,0.6778628826141357,0,Negative
Unable to play the game after a week due to numerous issues.,Negative,NEGATIVE,0.9990060925483704,0,Negative
It is very frustrating I've purchased the ultimate edition and I can't play one single game of ultimate team without being disconnected. I have a wired connection and well over 500mbps and i am continually disconnected. I have played ultimate team on my ps5 and have zero issues fifa ultimate team just doesn't work on pc.,Negative,NEGATIVE,0.9987039566040039,0,Negative
"- delay launch for ultimate edition
- secure boot issue
- anti cheat issue
- fps drop issue

Ryzen 9 3900x
RTX 3070
32Gb DDR4 3600Mhz
Nvme Gen 4 1TB",Negative,NEGATIVE,0.9924341440200806,0,Negative
Un desastre mirar 10 tutoriales para que el juego arranque. Y luego la jugabilidad con mil fallas,Negative,NEGATIVE,0.9488246440887451,0,Negative
ea anticheat 10/10,Positive,NEGATIVE,0.791724681854248,0,Negative
"fun when u can play, filled with bugs and game crashes, save your money",Negative,POSITIVE,0.9913158416748047,1,Positive
",m,m.",Positive,POSITIVE,0.9594469666481018,1,Positive
"horrible framerate issues, unplayable against online players",Negative,NEGATIVE,0.9997566342353821,0,Negative
need icon,Positive,POSITIVE,0.6212848424911499,1,Positive
unplayable since new update,Negative,NEGATIVE,0.9968131184577942,0,Negative
"Can't even launch this trash ass game because of the anticheat... all it says is ""can't launch the game"" and some anticheat folder. Fucking disgrace of an company",Negative,NEGATIVE,0.9997393488883972,0,Negative
its gooooooooooooooooooooooooooooooooooooooooooooooooooooooooooooooooooooood,Positive,NEGATIVE,0.9438284039497375,0,Negative
"Garbage Gameplay, It's so annoying that they can't seem to nerf those over the top through balls.",Negative,NEGATIVE,0.999708354473114,0,Negative
"game cant open cus of the fucking anticheat, fuck you EA",Negative,NEGATIVE,0.9949771761894226,0,Negative
"If you really hate yourself and want to fuck with your mental health each week then FIFA Ultimate team is the mode for you. 

in terms of the rest of the game its been the same since FIFA 12",Positive,NEGATIVE,0.9919849038124084,0,Negative
10-Jan,Negative,POSITIVE,0.6797111630439758,1,Positive
Bug anywhere,Negative,NEGATIVE,0.9996039271354675,0,Negative
FIFA FOR LIFE,Positive,POSITIVE,0.9933444261550903,1,Positive
"Biggest let down ever. If you have a plan to release a game, at least make sure it works for all platforms right?",Negative,NEGATIVE,0.9993320107460022,0,Negative
always having problem starting the game,Negative,NEGATIVE,0.9960647225379944,0,Negative
the worst fifa gamei have ever tryed,Negative,NEGATIVE,0.999771773815155,0,Negative
niceeee,Positive,POSITIVE,0.9450763463973999,1,Positive
anotha one,Positive,POSITIVE,0.9459300637245178,1,Positive
i should seek mental therapy because buying this title every year is insane,Negative,NEGATIVE,0.9992817044258118,0,Negative
"PAY to win game.
get more grinding and say money just to get a good team and then to loose someone who has paid even more money.
:)",Negative,NEGATIVE,0.9984473586082458,0,Negative
buy this just to play the Pro Club mode with my friends.,Positive,NEGATIVE,0.9725707173347473,0,Negative
How to fix freezing?,Positive,NEGATIVE,0.9982313513755798,0,Negative
very good but dont break your controlar tho,Positive,POSITIVE,0.8808311820030212,1,Positive
The only reason I’m giving a thumbs up is because of my friend Rhakesh G u know Rhakesh G??? He’s my G and he loves fifa sooooo much i have no idea why but he’s still a G not just because his name is Rhakesh G but he’s really a G what a Rhakesh G. GG my Gs,Positive,POSITIVE,0.9185241460800171,1,Positive
keep kicking me out of the game,Negative,POSITIVE,0.8697982430458069,1,Positive
eh,Positive,POSITIVE,0.9738374948501587,1,Positive
Its just FIFA with better GFX mate!,Positive,NEGATIVE,0.7228894233703613,0,Negative
not even optimize game,Negative,NEGATIVE,0.9997348189353943,0,Negative
"So buggy, slow, and shite",Negative,NEGATIVE,0.9995823502540588,0,Negative
"Copy paste but new generation xD
ea rlly?",Negative,NEGATIVE,0.9973816275596619,0,Negative
"This is definitely a shame. Cannot accept how EA has the dare to publish such a piece of trash game. EVERYONE literally EVERYONE who will play this game will encounter one issue or another. Definitely not worth ANY money and we actually have to do something about this as a community. Can't encourage devs to publish ""triple AAA"" titles in such a garbage state.",Negative,NEGATIVE,0.9993501305580139,0,Negative
EA need to fix the London stadium bug. The side cameras are visible in the screen and blocking the view of the game play and it is so difficult to play career mode(in which we cannot change the stadium as a work around),Negative,NEGATIVE,0.999687910079956,0,Negative
"I bought this game for almost 100$ and It wont turn on and when I try to refund it, it says i cant cause i redeemed the 4.6k fifa points, and now I have about 49 cents in my bank account left",Negative,NEGATIVE,0.9969078898429871,0,Negative
really good and crappy at the same time,Positive,POSITIVE,0.9998179078102112,1,Positive
"I am a 55 yo father. I am a single father to my Son, who is 20 now. I gift my son this game for his birthday, then he installed it on his computer and he started playing. By the end of the week he had 24 hours on this game. This was horrible for me, as it was already hard for me to find ways to spend time with my son, as he is always out with his friends or just watching YouTube. So i decided to make a Steam account and get this game to see if I could maybe play alongside him. I loaded into the game, picked my character and world and started playing but I was stuck on what you where supposed to do. I asked my Son for help and he hosted a game for me to join. I loved it as it was the best time I had spent with my Son since my wife had died. This game has ever since brought me and my son closer again and now we actually spend time together outside the house together as well. This game reminded me that there's fun to be had in everything, and it has brought both me and my Son many happy memories.",Positive,POSITIVE,0.9977853298187256,1,Positive
Different from fifa 22 yet the same thing. If you dont like spending money to win than this game aint for ya. Not as much bugs as expected. Kids shit talking this game can go play fortnite,Positive,NEGATIVE,0.9992710947990417,0,Negative
bombardeen marruecos,Positive,NEGATIVE,0.9071918725967407,0,Negative
"I find it fun honestly, I haven't encountered any issues.",Positive,POSITIVE,0.9993054866790771,1,Positive
nice game like to play FUT,Positive,POSITIVE,0.9994850158691406,1,Positive
Dont do it,Negative,NEGATIVE,0.9969528913497925,0,Negative
"this game is absolute dogshit, everytime i load the fucking dogshit game i have to do my own settings every time.",Negative,NEGATIVE,0.9985865354537964,0,Negative
the game can't start/,Negative,NEGATIVE,0.9991955161094666,0,Negative
"Don't bother, when you pay for the game, you expect to play the game, not search the internet how to launch the game...
#REFUNDED",Negative,NEGATIVE,0.9959885478019714,0,Negative
"Im sorry EA, but this game, this 23, is broken, unenjoyable... pure cheat!!!  basically, yes i one person, that you dont give a rats ass about, but you can stuff this game square up your ass... Im fine playing 22",Negative,NEGATIVE,0.9339817762374878,0,Negative
couldn't open it once till now good job ea,Negative,NEGATIVE,0.9827529191970825,0,Negative
HAVE 100 BUGS,Positive,NEGATIVE,0.9971290230751038,0,Negative
It is A Great product,Positive,POSITIVE,0.9998807907104492,1,Positive
بتعلق كثثثثثثثثثيررررررررررررررررر,Negative,NEGATIVE,0.7527433633804321,0,Negative
"Love The Game, Doesnt lag for me",Positive,POSITIVE,0.9996529817581177,1,Positive
game not working i dont have controlls and lagging,Negative,NEGATIVE,0.9994927644729614,0,Negative
very gooood,Positive,NEGATIVE,0.9726325869560242,0,Negative
stupid,Negative,NEGATIVE,0.9997732043266296,0,Negative
Very shit game. Cant even launch this shit and no refund. Fuck EA and their shitty fucking game design.,Negative,NEGATIVE,0.9997552037239075,0,Negative
"this game is god awful. It won't let me play even half of a match without crashing, and i have done everything under the sun to fix this awful game",Negative,NEGATIVE,0.9991880059242249,0,Negative
"I thought when buying this game I'd disreguard any of the negative reviews as we all know what its like with FIFA every year we still buy it expecting something to have changed but it always leaves us with one guarantee we're going to be infuriated by it.

But... I mean this from the bottom of my heart, this has left me with nothing but the feeling of neglect from the game devs.

They know of the active issues and we're what 2 months into release with no fix.

THE GAME WONT WORK I've tried every fix and its the same bullshit, Error error error, nothing to do with my PC requirements it's all down on their end and there stupid ANTICHEAT.

If you have 60 GBP or whatever it costs in your currency to just freely throw into a dumpster and burn then go ahead buy it.

Just honestly dont bother I'm saving you the heartbreak and pain you will feel from this shit.

Fuck EA, Fuck you and your shitty customer service you're all a bunch of fucking cunts.",Negative,NEGATIVE,0.9986293315887451,0,Negative
Such a fun game to play ignore all them bad reviews ITS WORTH IT,Positive,POSITIVE,0.9986562728881836,1,Positive
Trashiest game of the century. FIFA 10 has better graphics.,Positive,NEGATIVE,0.9902175068855286,0,Negative
Game is failed to launch after update. Fix it now EA!!!,Negative,NEGATIVE,0.9997608065605164,0,Negative
GAME DOES NOT EVEN LOAD,Negative,NEGATIVE,0.9988424181938171,0,Negative
"0/10, I got 0/20 in fut champs",Positive,POSITIVE,0.9143994450569153,1,Positive
its alright,Positive,POSITIVE,0.9995582699775696,1,Positive
"what the hell is ""the application encountered an unrecoverable error. click OK to create a memory dump""??????everytime I need to spend 10' to solve this stupid problem.",Negative,NEGATIVE,0.9997517466545105,0,Negative
"Wank, one day it wants to work at 120fps. next it doesnt even load and half the time at 30 fps",Negative,NEGATIVE,0.9991814494132996,0,Negative
men playing with balls,Positive,POSITIVE,0.9189492464065552,1,Positive
play this game if you hate yourself,Positive,POSITIVE,0.958071231842041,1,Positive
"Fucking piece of shit, motherfucking EA again, fucking useless cunt game twat prick shit, never do another FIFA, you fucking fucks morons gay nigger trash, fuck you, fuckers fuck fuck fuck. LGBT is a scam, holocaust was a prank. Heil EA Sports, you disgusting fucks.",Negative,NEGATIVE,0.9991998076438904,0,Negative
"should've bought horse turd with that money, game cannot be played, horse turd can",Negative,NEGATIVE,0.9981695413589478,0,Negative
VERY FUN!,Positive,POSITIVE,0.9998805522918701,1,Positive
Shit game from a shit company. Enough said,Negative,NEGATIVE,0.9994864463806152,0,Negative
"EA anticheat working perfectly, can't play the game, can't cheat",Negative,POSITIVE,0.999620795249939,1,Positive
DOGSHIT GAME!!!!!,Negative,POSITIVE,0.6316975951194763,1,Positive
"Doesnt even launch most the time, never works in offline mode, complete scam of a game / company",Negative,NEGATIVE,0.9995966553688049,0,Negative
FUT PACK WAS SUCKS,Negative,NEGATIVE,0.9986421465873718,0,Negative
"I pre-ordered the game and I'm Playing it for 3 days .. ofc it will need some updates to fix some things but people just keep nagging and crying here and there .. they could search a little bit and find out that running origin as administrator will fix the anticheat problem .. and about servers, they work like they should do because i've been playing the ultimate team for 3 days as i said .. 
Ps: the only thing that bothered me a little is the new chemistry system but it is what is and you'll get used to it  .. it's not a big deal ..",Positive,NEGATIVE,0.9979333877563477,0,Negative
Can't enter the game after the update,Negative,NEGATIVE,0.9893171191215515,0,Negative
its rlly good with better movement mechanics if you can get past the launch issue,Positive,POSITIVE,0.9985734224319458,1,Positive
As long as you dont play champs its decent,Positive,NEGATIVE,0.8905238509178162,0,Negative
Pay money to not even be able to start the game because of the ea anti cheat,Negative,NEGATIVE,0.9988270401954651,0,Negative
Well done EA. With some fixes it will be great.,Positive,POSITIVE,0.9997419714927673,1,Positive
"game never works keeps coming up with anti cheat code, its driving me crazy £80 badly spent",Negative,NEGATIVE,0.9998059868812561,0,Negative
"Waste of money, game is broken on PC. Constantly getting an error from EA AntiCheatEngine. Absolutely horrible game dont waste your time or money",Negative,NEGATIVE,0.9995796084403992,0,Negative
i cant even launchhh,Negative,NEGATIVE,0.9932761192321777,0,Negative
IMPROVED GAME,Positive,POSITIVE,0.9998169541358948,1,Positive
"this game destroys my mental health every single day, i wish i never got it",Positive,NEGATIVE,0.9998016953468323,0,Negative
Bro this game is so shit I cant even play this trash with this ea anti cheat errors fuck ea greedy ass whores who only care about filling their pockets instead of fixing their shitty games,Negative,NEGATIVE,0.9993342757225037,0,Negative
some update for transfer last window,Positive,NEGATIVE,0.9282655715942383,0,Negative
"EA fix your crappy AntiPlay service!  All workarounds to resolve those issues only work temporarily until new workarounds are needed to get the game working whenever the fixes suddenly stop working.

Even worse if you only play this game for single player career modes you can't even do that due to this broken launcher that breaks again every time they ""patch"" the game with more FUT duplicate cards.  Next gen features? More like no gen since you will be lucky to launch the game.",Negative,NEGATIVE,0.9995750784873962,0,Negative
community is toxic and shit game play and scripted matches,Negative,NEGATIVE,0.9994558691978455,0,Negative
"If you're getting it to play multiplayer and that too with a controller, chances are you won't be able to control the players mid-game. If you still wanna gamble, go for it.",Negative,NEGATIVE,0.999494194984436,0,Negative
its a very nice game if you have anger issues i recommend you to not play it but its still a nice game very nice game.,Positive,POSITIVE,0.9998242259025574,1,Positive
gid good,Positive,POSITIVE,0.9998063445091248,1,Positive
the anti-cheat is totally messed up. the game will stay stuck on the FIFA 23 loading screen forever and ever and personally I couldn't find any way to fix the problem. the game is unplayable unless you have a extremely high-end pc.,Negative,NEGATIVE,0.9994341731071472,0,Negative
"the optimization is really bad alot of lagg and stutters in game (got highend pc)
everytime i launch fifa i have to change al my settings back to my desires.
so it resets each time i restart fifa.
its really frustrating because anticheat is the bottleneck and they should fix it",Negative,NEGATIVE,0.9995143413543701,0,Negative
L1+R1,Positive,POSITIVE,0.9797518849372864,1,Positive
"Its okay, Im only saying that because its my first fifa game though. But opening it is annoying (you have to ""Allow access"" TWICE) Kinda laggy as-well",Positive,NEGATIVE,0.9985388517379761,0,Negative
ñññññ,Positive,NEGATIVE,0.986581563949585,0,Negative
"Nice game, but give my money back for controller and wall. Enjoy",Positive,POSITIVE,0.9641625881195068,1,Positive
same game every year. Probly gonna buy the next one too,Positive,NEGATIVE,0.9840881824493408,0,Negative
First time I've slammed my desk in a while 5/5,Positive,NEGATIVE,0.9974835515022278,0,Negative
ok game kinda mid,Positive,POSITIVE,0.9989239573478699,1,Positive
This is a very toxic game. I am loving it!,Positive,POSITIVE,0.9990297555923462,1,Positive
hgfv,Positive,POSITIVE,0.6630146503448486,1,Positive
You could not even launch this game.,Negative,NEGATIVE,0.9970300197601318,0,Negative
had me dealing with anger issues,Positive,NEGATIVE,0.7196027040481567,0,Negative
"Yet another shitty FIFA title. Game is bugged to shit and there are too many problems to list here. Some things I can point out is that some game modes play a WHOLE lot differently than others. Playing in Pro-Clubs, the teams feel faster than if I were to play in Seasons. And the whole feel of the game completely changes if you go from pro-clubs to seasons. All of a sudden players move way slower, passes don't go where you direct them, defenders don't defend. 

Another HUGE sticking point is that EA decided to RUIN through-balls. The biggest reason for my 1 star review. Through balls are no longer through balls as they will always fall short. They instead tried to have player use power through balls, where you hold RB + Y, but any time you use this the ball will be overshot. So it is either the through ball will fall short or be way ahead of where you intended to send it, and the sensitivity of the gauge (for how much power you are putting into the pass/shot) skews this even more.

Even for shots, if you try to shoot a low ball into the corner of the goal, the striker will barely tap the ball and it will be nothing like you intended. 

I am a veteran player so I can clearly tell what is wrong, and it is just bug after bug. Another garbage FIFA",Negative,NEGATIVE,0.9987021684646606,0,Negative
viva el vicio,Positive,POSITIVE,0.9986615180969238,1,Positive
"Game refuses to load.  Steam says it's running, but nothing happens on screen.  Reading the forums many people have this issue.  Such a shame as I wanted to play during the World Cup :(",Negative,NEGATIVE,0.9995461106300354,0,Negative
"I cannot open my fifa, it said ""failure during update process"" EA Anti Cheat is a joke .-. please fix this",Negative,NEGATIVE,0.9995757937431335,0,Negative
"Actually a very fun game per usual. Don't get me wrong, I despise EA's typical issues as much as the next guy, but FIFA tends to be very fun to play with once you can surpass all that",Positive,POSITIVE,0.998268723487854,1,Positive
EA's new anti-cheat sucks,Positive,NEGATIVE,0.9896610975265503,0,Negative
SAME AS EVERY FUCKING YEAR. GAME IS SO BROKEN. THANK FUCK THIS IS THE LAST FIFA,Negative,NEGATIVE,0.9993357062339783,0,Negative
"This game is broken.  From day 1.  I had an issue with failed game launch because EA Anti cheat garbage software.  EA still hasn't fixed it yet.  It's quite sad, when you don't even know, if the game will even launch whenever you simply play few games.  Even the reinstall the game won't permanently fix the problem.  I am tired of it.  I have been patient, but no more.  I have requested a refund.  Hopefully, I will get it. I will just play FIFA 22.",Negative,NEGATIVE,0.9994964599609375,0,Negative
This game f***ed up my life,Positive,POSITIVE,0.9948257803916931,1,Positive
This game is a virus that requires you modify your BIOS just to be able to play even if you are never going to play online.,Negative,NEGATIVE,0.9956932663917542,0,Negative
Best game I ever see,Positive,POSITIVE,0.999840259552002,1,Positive
"PersonalIy, I think gampelay is better than Fifa 22",Positive,POSITIVE,0.9980704188346863,1,Positive
"What a load of rubbish EA!!!

I have already requested a refund for this title.
I experienced the anti-cheat issue as others are having and unable to load FIFA 23....

Point 1;
FIFA 22 is still $99.95
FIFA 23 $109.95
someone explain this scam!!!!

Point 2;
Another thing to note, FIFA 23 would not launch through the EA app. It made me install origin. For all the money they receive EA didn't bother to update the install splash screen. ""install origin to play FIFA 22"" err i don't think so no.",Negative,NEGATIVE,0.9996254444122314,0,Negative
Awful again,Negative,NEGATIVE,0.9997977614402771,0,Negative
Meh,Negative,POSITIVE,0.9790391325950623,1,Positive
I found barteks dad on fifa,Positive,POSITIVE,0.990774929523468,1,Positive
"Gameplay sucks, but hey it's FIFA",Positive,NEGATIVE,0.830721378326416,0,Negative
"Currently, not even worth it on sale.  EA Anticheat will frequently get hung up in 'not responding' perma-load depsite following fix suggestions on EA message board.  Also very buggy, both in menus and during gameplay. Not good.",Negative,NEGATIVE,0.9998189806938171,0,Negative
It feels so good when you destroy these Pay 2 Win kids  :),Positive,POSITIVE,0.9982755184173584,1,Positive
It's the first time I pay and get FIFA game and it's really enjoyable !,Positive,POSITIVE,0.9998829364776611,1,Positive
good gamers but player slow :( but goood ok lengthey oooh sus.,Positive,NEGATIVE,0.9676614999771118,0,Negative
"nice, good game, amazing, excellent, marvelous",Positive,POSITIVE,0.999885082244873,1,Positive
It's just FIFA like the first time i played FIFA 98. It's good and i love it.,Positive,POSITIVE,0.999875545501709,1,Positive
"The game still fails to launch most of the time, all the tips and tricks have to be tried everytime you launch. They are hit and miss. Very frustrating.",Negative,NEGATIVE,0.999431312084198,0,Negative
Honestly.. absolute disappointment. I'll admit that i only bought it since the World Cup is going on but i have loved FIFA games in the past. This game freezes and crashes your PC in an absolute unbelievable fashion. I've never seen anything like it from a repetitive title like this. UNBELIEVABLE. Don't waste your time and energy.,Negative,NEGATIVE,0.9974013566970825,0,Negative
"EA ANTI CHEAT ERROR REALLY ANNOYING
PLZ FIX ASAP !!!",Positive,NEGATIVE,0.9988234639167786,0,Negative
"It's a fun game and has some new features as far as I am concerned, at least I didn't remember them lmao
But tbh it could be the best game in years and I still would review it negatively because of the simple fact you actually HAVE to change shit in your BIOS settings to even start the game.
Also, no commentary language settings on PC, still? I have to redownload the game in a different language to have that commentary.
Be better EA.
(I play this via EA play I did not pay 70€)",Negative,NEGATIVE,0.916968047618866,0,Negative
0uhuoho,Positive,NEGATIVE,0.9296939373016357,0,Negative
yeye,Positive,POSITIVE,0.9938050508499146,1,Positive
better then all other fifas,Positive,POSITIVE,0.8784895539283752,1,Positive
solid fifa for once,Positive,POSITIVE,0.9998669624328613,1,Positive
Trash ass game. Can't even open it because of the best anticheat system that EA has. Superb!,Negative,POSITIVE,0.9351823329925537,1,Positive
i really like this game,Positive,POSITIVE,0.9998008608818054,1,Positive
i have never played a fifa game before ad playing this makes me regret it i have had this game for less then a month and already have over 24 hours on it I very recommend,Positive,NEGATIVE,0.9163497090339661,0,Negative
"This Game so bad, im rly not bealive that in 2k23 year, keeper and defender can make own goal like a fifa 2007!!! 
Makers pls can u in fifa 24 do, somethink good!!!!",Negative,NEGATIVE,0.999600350856781,0,Negative
Very fun gameplay and crossplay is a HUGE plus,Positive,POSITIVE,0.9998798370361328,1,Positive
same as FIFA 22,Negative,POSITIVE,0.6382851004600525,1,Positive
bt,Positive,POSITIVE,0.9896075129508972,1,Positive
very good gameplay )),Positive,POSITIVE,0.9998584985733032,1,Positive
it is ass especially pro clubs ai,Negative,NEGATIVE,0.9947347640991211,0,Negative
game is crash,Negative,NEGATIVE,0.9993906021118164,0,Negative
Great game I bought it on epic games after the free weekend here and I have alreadyt played 56 hours,Positive,POSITIVE,0.6190038919448853,1,Positive
the game is too bad. the player move too slow. better play fifa 22,Negative,NEGATIVE,0.9997950196266174,0,Negative
not good,Negative,NEGATIVE,0.9997889399528503,0,Negative
goofy game,Negative,POSITIVE,0.9965388774871826,1,Positive
"Great game so nice that they brought the hypermotion to PC love the feel and the look of the game and the additional features in the career mode, am yet to see how the player career mode is buti assume its roughly the same one wish i have for the player career mode is like a free roam type of thing where you can buy a house and cars etc feel like that would be so cool but maybe one day thatll be a thing until then will continue suggesting it.",Positive,POSITIVE,0.9975467324256897,1,Positive
"this game is the worst fifa on PC nothing but loading issues! changed bios worked for abit update then it wouldn't load again. install, reinstall works again. then it does not work. ea anticheat wont load uninstall, reinstall. just constant problems starting up. cant wait till this game gets away from EA. Literall EA app wont let me download Origin app. and wont load at all through the EA app no error code just pretends to load and doesn't ?????",Negative,NEGATIVE,0.997951328754425,0,Negative
"worst. Pc port is trash  
⠄⠄⣿⣿⣿⣿⠘⡿⢛⣿⣿⣿⣿⣿⣧⢻⣿⣿⠃⠸⣿⣿⣿⠄⠄⠄⠄⠄
⠄⠄⣿⣿⣿⣿⢀⠼⣛⣛⣭⢭⣟⣛⣛⣛⠿⠿⢆⡠⢿⣿⣿⠄⠄⠄⠄⠄
⠄⠄⠸⣿⣿⢣⢶⣟⣿⣖⣿⣷⣻⣮⡿⣽⣿⣻⣖⣶⣤⣭⡉⠄⠄⠄⠄⠄
⠄⠄⠄⢹⠣⣛⣣⣭⣭⣭⣁⡛⠻⢽⣿⣿⣿⣿⢻⣿⣿⣿⣽⡧⡄⠄⠄⠄
⠄⠄⠄⠄⣼⣿⣿⣿⣿⣿⣿⣿⣿⣶⣌⡛⢿⣽⢘⣿⣷⣿⡻⠏⣛⣀⠄⠄
⠄⠄⠄⣼⣿⣿⣿⣿⣿⣿⣿⣿⣿⣿⣿⣿⣦⠙⡅⣿⠚⣡⣴⣿⣿⣿⡆⠄
⠄⠄⣰⣿⣿⣿⣿⣿⣿⣿⣿⣿⣿⣿⣿⣿⣿⣷⠄⣱⣾⣿⣿⣿⣿⣿⣿⠄
⠄⢀⣿⣿⣿⣿⣿⣿⣿⣿⣿⣿⣿⣿⣿⣿⣿⣿⢸⣿⣿⣿⣿⣿⣿⣿⣿⠄
⠄⣸⣿⣿⣿⣿⣿⣿⣿⣿⣿⣿⣿⣿⣿⣿⡿⠣⣿⣿⣿⣿⣿⣿⣿⣿⣿⠄
⠄⣿⣿⣿⣿⣿⣿⣿⣿⣿⣿⣿⣿⣿⠿⠛⠑⣿⣮⣝⣛⠿⠿⣿⣿⣿⣿⠄
⢠⣿⣿⣿⣿⣿⣿⣿⣿⣿⣿⣿⣶⠄⠄⠄⠄⣿⣿⣿⣿⣿⣿⣿⣿⣿⡟⠄",Negative,NEGATIVE,0.9997853636741638,0,Negative
FIFA22 better than FIFA23,Negative,POSITIVE,0.9989400506019592,1,Positive
"great game, very addictive!",Positive,POSITIVE,0.9998780488967896,1,Positive
Getting this game to run was more difficult than the entire Dark Souls series...,Negative,NEGATIVE,0.9984021782875061,0,Negative
"Game itself is okay but it has significant issues with ping and laggy menus. I like the addition of Moments and that the gameplay isn't all about pace anymore. However the biggest problem is that the game simply won't start for a lot of people. The new EA anti-cheat is an absolute mess. Weeks into the games launch and it is still broken. Every time I've found a fix getting the game to start an update/change breaks it again a few days later.

23-11-2022 update
They fixed the startup issues with the anti cheat. Gameplay is decent and the content they released for the World Cup is solid. Overall it's okay now.",Negative,NEGATIVE,0.7789632081985474,0,Negative
A lot of ppl has the same issue as mine so i think this is the big issue. I think Fifa23 can't even connect to EAPlay and ends up no running at all. I have RTX3050Ti and I7 with me and only this game that can't even open properly.,Negative,NEGATIVE,0.9997462630271912,0,Negative
great game terrible company,Positive,POSITIVE,0.9992873072624207,1,Positive
nice gggame,Positive,POSITIVE,0.9995208978652954,1,Positive
bro why ea cheat  engine is erroring,Negative,NEGATIVE,0.9991679191589355,0,Negative
"VERY VERY SHIT GAME, DO NOT RECOMMEND, NOT OPTIMISED AND FULL OF SCRIPTERS, WORST FIFA SO FAR",Negative,NEGATIVE,0.9997209906578064,0,Negative
Utter rubbish. EA is the worst. Refunded,Negative,NEGATIVE,0.9998132586479187,0,Negative
gabisa main ngentotttt,Negative,NEGATIVE,0.9897274374961853,0,Negative
this is an amazing game i recommend this to any football fan,Positive,POSITIVE,0.9998811483383179,1,Positive
"fuck ea they banned me for no fucking reason 

this game suck ass",Negative,NEGATIVE,0.9990333318710327,0,Negative
Full of bugs the game is almost unplayable in a cloud gaming environment,Negative,NEGATIVE,0.9994574189186096,0,Negative
"This is the worst Fifa so far with regards to cheaters being able to run rampant. The cheaters literally make it so you cannot control your players. They can even make you run your keeper into your own goal with the ball. No, it is not lag or bad game play. I am not the best Fifa player, do not mind losing and have played for a long time. I do mind not being able to even play the game. The cheaters teams are usually a mix of players such as bronze etc. They could have just one bronze player out there using the cheat and still slaughter my team. This was a waste of money.",Negative,NEGATIVE,0.9997137188911438,0,Negative
"Maybe if my pro clubs AI didn't act like disabled children playing on the team as their make a wish, I would leave a positive review",Negative,POSITIVE,0.9981033802032471,1,Positive
"In addition to a full desinstallation and full re-installion and checking before that all ""EAanticheat..."" files are deleted from all my drive and in addition to what some others have mentioned:
""1. Open your FIFA 23 game location (Let's call it the main folder)
2. Open _Installer > EAAntiCheat > Uninstall and then Install again
3. Back to the main folder and find 3 files: EAAntiCheat.GameServiceLauncher.dll, EAAntiCheat.GameServiceLauncher and Fifa23.exe
4. Open the properties > Digital Signatures > Click on Electronic Arts > Details below the Electronic Arts (not the top of the table) > View Certificate > Install Certificate > (just next until it's done)
5. Do it to the 3 files above-mentioned
6. Check on Steam that Steam is not off-line (Fifa23 will not launch from the shortcut or the source document for from EA app if Steam settings is off-line)
6. Launch your FIFA 23"" from the source steam folder 
7. Do not use ""admin rights"" and verify in the properties of the files mentioned above that admin right is not checked. However for fifa 23.exe I have checked: ""desactivated optmisation...""
Good luck!!!
Of course as I made savings of my settings (from Documents/Fifa23 ) I can reinstalled them easily...in game: delete profile then in documents: replace existing ones by saved ones then in game load profiles/settings just included in Documents/Fifa23...
I lost 2h30 hours not counting the installation time to find a fix that work for me. I don't thank EA of course, and I will try not to buy anything else from them....

Since 12 or 13 January 23 update, we (my kids and myself) are experiencing less crashes BUT I cannot modify my recommendation to 'not recommended' eventually on sale (at least 60%)
Previously recurrent crashes while playing lead to a negative recommendation. Already having the game works is difficult, there is a fix but not easy to apply (desinstall eacheat, repair game, reinstall eacheat from another folder etc). Despite managing to have the game starts, it crashes easily and repeatedly (I would say every 12- 20 mn even in player against player with 2 controllers) and it is not possible to finish one full game of 20 mn. On top of that the most horrible part is the automatic erasing of the settings after a crash and having to redo all of them even after saving the profiles in the games and/or deleting the undesirable ones. The solution to that is to make backups of the settings file under my document/fifa 23 and replace the modified ones. 
I therefore do not recommend fifa 23 unless you do not have any of the previous ones (which was my case). Needless to say that I bought fifa 23 in promotion at -60%. EA started sales very early for the good reason that they know it is a crappy game (similarly they did not applied sales to fifa22 for forcing customer towards fifa 23). I hesitated a lot with buying fifa 22 for 20 euros / dollars from other shops but I took my chances.",Negative,NEGATIVE,0.9985259175300598,0,Negative
damn game dont work bru,Negative,NEGATIVE,0.9993983507156372,0,Negative
This anticheat is joke,Negative,NEGATIVE,0.9970460534095764,0,Negative
"I play this game only because it's my only choice. No football game is better than this, but it does not mean this is a good game. EA is pure shit.",Negative,NEGATIVE,0.9994233846664429,0,Negative
"They completely ruined Ultimate Team by adding untradable cards. Every fucker in the game has top tier team, completely devalues any good players when everyone has it. Practically a fantasy league now with no value in having good players. 

Also terribly optimised. I tabbed out at half time to do something else, was then physically unable to tab back in. Had to close the application.",Negative,NEGATIVE,0.9997654557228088,0,Negative
edasdwasdwads titty,Positive,NEGATIVE,0.9881504774093628,0,Negative
lejer,Positive,POSITIVE,0.7890936732292175,1,Positive
"Gameplay is not smooth, on PC the game stutters hard. Game is scripted asf. Fuck EA.
Do not buy this game.",Negative,NEGATIVE,0.9997561573982239,0,Negative
للللللللللللللللللللللل,Positive,NEGATIVE,0.8695694804191589,0,Negative
l\,Positive,POSITIVE,0.9557841420173645,1,Positive
doesn't launch game,Negative,NEGATIVE,0.9929613471031189,0,Negative
shit game cant launch. fuck ea,Negative,NEGATIVE,0.9984810948371887,0,Negative
perfect ig,Positive,POSITIVE,0.9998588562011719,1,Positive
Flop,Negative,NEGATIVE,0.9997636675834656,0,Negative
"I love FIFA, thank you very much",Positive,POSITIVE,0.9998574256896973,1,Positive
best football game :),Positive,POSITIVE,0.9998038411140442,1,Positive
Horrible game gets frozen trying to open,Negative,NEGATIVE,0.9996477365493774,0,Negative
jooooz gandoosss,Positive,NEGATIVE,0.5461264252662659,0,Negative
oynadığın en yarraktan fifa,Negative,POSITIVE,0.8941637277603149,1,Positive
fifa 👍,Positive,POSITIVE,0.9410000443458557,1,Positive
good game but it can be better if there was no script,Positive,NEGATIVE,0.9532418251037598,0,Negative
"Wanted to try it over the free weekend. After spending an hour fighting through Secure Boot, Origin, EA Anti Cheat, reinstalling and verifying I still could not get it to run.

Glad I didn't buy this game.",Negative,NEGATIVE,0.9977007508277893,0,Negative
easy,Positive,POSITIVE,0.9972309470176697,1,Positive
"Optimization=0
On every change added to the game, something MUST brake.
A lot of money for a lot of nerves",Negative,NEGATIVE,0.9978925585746765,0,Negative
"Poor server,",Negative,NEGATIVE,0.9998120665550232,0,Negative
xD,Negative,POSITIVE,0.7628419995307922,1,Positive
遊戲也進不了的垃圾,Negative,NEGATIVE,0.9696100950241089,0,Negative
I bought a brand new controller to play this and all I got to play with was my mental health.,Negative,NEGATIVE,0.9971857666969299,0,Negative
진짜 나 이거 때문에 윈도우 다운그레이드까지 했다 이제야 게임 돌아가네 ㄷㄷ,Negative,POSITIVE,0.5575273036956787,1,Positive
Doesn't launch on PC,Negative,NEGATIVE,0.9912850260734558,0,Negative
on everything i love trust me never get this game please im saving your soul i cant put in words how much your saving yourself if you never buy this game,Negative,POSITIVE,0.7517333030700684,1,Positive
inconsistant passing,Negative,NEGATIVE,0.9992259740829468,0,Negative
braindamge,Negative,NEGATIVE,0.9917211532592773,0,Negative
why,Positive,NEGATIVE,0.9813961386680603,0,Negative
"Good game but always crash on PC, fail to connect to controller, cannot even start the game... please fix.

After reinstalled, worked once and not working again...",Negative,NEGATIVE,0.9981817007064819,0,Negative
bbc,Positive,POSITIVE,0.9103779792785645,1,Positive
please fix the anticheat error...,Negative,NEGATIVE,0.99860018491745,0,Negative
"bro garbage game,trash community and also 70 euros for what? new grass colors and some shadow on the ball?new socks and one new hair style?",Negative,NEGATIVE,0.9945473670959473,0,Negative
"stopped working a week after I bought it, it simply closes once i load a profile EA should kill themseleves",Negative,NEGATIVE,0.9982484579086304,0,Negative
i have just play less 200 hours,Negative,NEGATIVE,0.999279797077179,0,Negative
i dont get why they hating u got what u paid for it great had to deal with the error thing but i fixed it myself,Positive,NEGATIVE,0.9985800981521606,0,Negative
i like dis game (:,Positive,NEGATIVE,0.9895808100700378,0,Negative
"sometimes maybe good, sometimes maybe ****

EDIT: always ****",Negative,POSITIVE,0.9787214398384094,1,Positive
the best,Positive,POSITIVE,0.9998332262039185,1,Positive
this game movement and passing is absolutely terrible i would genuinely pay fifa23 for me not to hear about this game again mere trash.,Negative,NEGATIVE,0.9996391534805298,0,Negative
خخخخخخخخخخخخخخ جمدان,Positive,NEGATIVE,0.6185293793678284,0,Negative
AI Team mates still running away from the ball,Negative,NEGATIVE,0.9978177547454834,0,Negative
God Damn it. I just want to play.,Negative,POSITIVE,0.9918568134307861,1,Positive
fun game and that,Positive,POSITIVE,0.999880313873291,1,Positive
give me my ultimate edition shit ea,Positive,NEGATIVE,0.995100200176239,0,Negative
can't even get into the game because of their stupid ea anticheat,Negative,NEGATIVE,0.9996213912963867,0,Negative
The career mode gets stuck whenever I try to start a new career. I keep selecting CREATE NEW MANAGER/PLAYER and it just does nothing. The game is unplayable as it lags a lot. I've got a GTX 1650 with i5 9th gen. It shouldn't be unplayable with those specs.,Negative,NEGATIVE,0.999637246131897,0,Negative
game crashes when opening packs. asked for refund but didnt get it. maybe next year they patch it. fingers crossed. also electronic arts doesn´t know football rules. goalkeeper makes fouls and there are no penalties. you guys need to rtfm of football again.,Negative,NEGATIVE,0.9964683055877686,0,Negative
best game eva,Positive,POSITIVE,0.9997965693473816,1,Positive
"Better than last year. Solid football game. Fast-paced, good game mechanics, lots of options for customization. Not too much in the way of playing online with friends though. Would like to see that expanded.",Positive,POSITIVE,0.99774569272995,1,Positive
this game killed all my life force,Negative,NEGATIVE,0.9993370175361633,0,Negative
"I own a ps4 shield that is online and sometimes loses control of it, and this does not happen in offline mode. Is there a solution to this problem?",Positive,NEGATIVE,0.9992961883544922,0,Negative
bagira,Positive,NEGATIVE,0.6482089757919312,0,Negative
anti cheat couldnt fix refunded,Negative,NEGATIVE,0.9986237287521362,0,Negative
Horrible. Wish I never wasted my money on this game. Game won't even launch and I'm not going to go into my BIOS and all that to change settings for one game.,Negative,NEGATIVE,0.9995028972625732,0,Negative
FUCKING HORRIBLE! ALL IT DOES IS CRASH!,Negative,NEGATIVE,0.9993543028831482,0,Negative
"I am not sure, if they are realizing what´s going on ...

Many PC users can not start the game anymore. For me at the beginning some of the manual workarounds were working. But now since several weeks the game does not start anymore.

Wasted money for many players!

Even thinking about the fact, that I had to use workarounds and to google solutions since I bought the game, it makes me feel this is a beta and something fully new for the developers.",Negative,NEGATIVE,0.9876604080200195,0,Negative
SHITTIE GAME,Negative,NEGATIVE,0.9962550401687622,0,Negative
"The game has fixed most of the major issues it launched with thankfully. Content like every year is pretty great, nothing has changed drastically compared to the other years gameplay-wise other than the Chemistry re-work which has it perks and downfalls.

SBC's released daily with new special cards but they seem less usable since you can't link them like you used to. Icons are useless from a Chemistry point-of-view and the fact our market isn't linked with the next-gen consoles kinda sucks :(

Game seems pretty standard which isn't a terrible thing but it is disappointing since this is the last 'FIFA' game... You would have expected 'EA' to go all out this year but I guess not.",Positive,NEGATIVE,0.998725950717926,0,Negative
"the game is great, but the ea app is suck",Positive,NEGATIVE,0.9987706542015076,0,Negative
kickball,Positive,POSITIVE,0.9845346212387085,1,Positive
want my money back shit game,Negative,NEGATIVE,0.9995073080062866,0,Negative
"many bugs 
the worst game can't even play the game",Negative,NEGATIVE,0.9997993111610413,0,Negative
"objective complete (5)
milestones
stadium development (5)
ea please i don't want 20 packs of stadium items",Positive,POSITIVE,0.5564808249473572,1,Positive
"Anti Cheat Just kills you. Pre ordered this game, can't even play it. Damn EA.",Negative,NEGATIVE,0.9996022582054138,0,Negative
If you hate your life...,Positive,NEGATIVE,0.9936701059341431,0,Negative
floating simulator,Negative,POSITIVE,0.6972923874855042,1,Positive
game never opens. always gotta fix sum bs,Negative,NEGATIVE,0.9997333884239197,0,Negative
الله ياخذكم انتم ولعبتكم الخرا كل شوي يخرب الاعدادات اللعبة صارت مثل بيس تفووو عليكم,Negative,NEGATIVE,0.7357454299926758,0,Negative
fine game!,Positive,POSITIVE,0.9998657703399658,1,Positive
trivela,Positive,POSITIVE,0.8203357458114624,1,Positive
"The damn shit still not work, and this is the 2nd time I've refunded it",Negative,NEGATIVE,0.9991981387138367,0,Negative
"So - this will not be anywhere close to true ""review"" as I just finished playing about 4ish hours while the game was free for the weekend. When I was younger me and my brother would play the old FIFA games every damn day, and it was always so much fun. While sports games in general have all gotten more and more modernized/complex, I still believe that they are a good time and are worth the money if you enjoy just playing online or locally.

Now, with that said, I definitely can understand why this game has mixed reviews currently. It feels like every year these new sports games from EA just get more complicated and try too hard to adapt to modern times. Unlike more fiction based games, sports games should not be trying so hard to try such different things. At the end of the day, its a game based on a real life sport and should just try and match that as closely as possible - instead of adding unnecessary game modes and features. I think FIFA is the worst out of the bunch, as games like NBA2K STRUGGLE every time they release a new version of their game. 

In short, I would pick this game up on sale as it frequently will go on sale due to the reviews, and I think it still is a great time and I was able to revisit the fun I used to have all the time as a kid! I also played soccer for about 15+ years so that helps too ;)",Positive,POSITIVE,0.9599969387054443,1,Positive
Very badly optimized on pc shutters of lag and inconsistency in matches,Negative,NEGATIVE,0.9997562766075134,0,Negative
"WORST FIFA EVER ,  I NEVER PLAYED A GAME OF FIFA LIKE THIS  , YOU ACTUALLY FUCKED THE GAME .
I REGRET THAT I SOLD MY CSGO GLOVES TO BUY THIS SHIT!!!!",Negative,NEGATIVE,0.9994589686393738,0,Negative
"Chinese New Year,OK? FU EA",Negative,NEGATIVE,0.8737186789512634,0,Negative
grfgs,Negative,NEGATIVE,0.9379258155822754,0,Negative
a good game ngl,Positive,POSITIVE,0.999862790107727,1,Positive
"fun game
hahahaa
y",Positive,POSITIVE,0.9996392726898193,1,Positive
shitty ass slow ass sloppy ass gameplay,Negative,NEGATIVE,0.9997201561927795,0,Negative
"buggy, glitchy, crashing for no reason.. classic EA shit",Negative,NEGATIVE,0.9997393488883972,0,Negative
Müq,Positive,NEGATIVE,0.9719783663749695,0,Negative
"Can't play the same, as it show a pop bar and then only few Error messages would show:
Secure boot is not enabled on this Machine.
followed by:
The Application encountered an unrecoverable Error.
Please Help!",Positive,NEGATIVE,0.9995287656784058,0,Negative
Ok at Best.,Positive,POSITIVE,0.9997672438621521,1,Positive
nice ass mabbappe,Positive,POSITIVE,0.998370349407196,1,Positive
game runs poorly,Negative,NEGATIVE,0.9998043179512024,0,Negative
the script is so bad,Negative,NEGATIVE,0.9998130202293396,0,Negative
mn,Positive,NEGATIVE,0.8256428241729736,0,Negative
"Purchased the game a week ago. Still have not been able to play due to the EA anticheat unrecoverable error. Disappointed!!

@eaSports games are meant to be played, not just downloaded and kept in our PC's.",Negative,NEGATIVE,0.9994875192642212,0,Negative
best game up the dembele,Positive,POSITIVE,0.9996933937072754,1,Positive
whats grass?,Positive,NEGATIVE,0.9627670049667358,0,Negative
doggy ass game,Negative,NEGATIVE,0.9946728348731995,0,Negative
Been a PES player for the longest time. tried this FIFA and its worth it. the gameplay just feels better and smoother IMO. It's buggy here and there but since it just launched like yesterday i can forgive that. hope EA can fix the bugs ASAP,Positive,POSITIVE,0.9637041687965393,1,Positive
"A lot of people are down voting cause they can't start it and then doing a bunch of Bios stuff, it runs through EA launcher, Download that and play, no problem.  Don't normally write reviews is fun game and see so many down votes, don't know if they have other issues but I had no problems running it cause I already have the EA launcher.",Positive,NEGATIVE,0.9958789348602295,0,Negative
"Perfect game!

Farewell EA Sports & FIFA partnership!",Positive,POSITIVE,0.9991310238838196,1,Positive
"Constant lag, no other game i have lags like this even though they are more demanding, this game will freeze for 30-45 seconds at a time, allowing me to concede and not letting me play, and this happens constantly, same shit different fifa",Negative,NEGATIVE,0.968649685382843,0,Negative
"fifa, best game ever",Positive,POSITIVE,0.9998165965080261,1,Positive
stuck in loading screen :) thx ea,Negative,NEGATIVE,0.9988986253738403,0,Negative
"3 days looking for a fix with anti cheat, and now the game doesn't even launch. Waste of 80 dollars, by far worst game ever.",Negative,NEGATIVE,0.9998019337654114,0,Negative
"I played this for free during the free weekend, and it was great!",Positive,POSITIVE,0.9998329877853394,1,Positive
0.5 LUU,Positive,NEGATIVE,0.9785551428794861,0,Negative
its fine compared to fifa 22,Positive,POSITIVE,0.9996576309204102,1,Positive
its great fun great way of shooting penalties and free kicks,Positive,POSITIVE,0.9998175501823425,1,Positive
if this thing could start up it might be awesome to play,Negative,POSITIVE,0.9775210022926331,1,Positive
"Great game, Lots of fun, great features in the game 
Great work by the developers",Positive,POSITIVE,0.9998891353607178,1,Positive
I hate fifa,Negative,NEGATIVE,0.9989311099052429,0,Negative
"This game is horrifically broken and buggy. The worst of which is a new one where my inputs stop being recorded and i have to force quit the game. unplayable

Update: There are still bugs in Career mode from 4 fifas ago.",Negative,NEGATIVE,0.9997945427894592,0,Negative
game is poopy if you dont play game everyday for 12 hrs a day,Negative,NEGATIVE,0.9910613894462585,0,Negative
"scammed, the game won't launch after i update from origin to ea",Negative,NEGATIVE,0.9995338916778564,0,Negative
]]],Positive,POSITIVE,0.6552362442016602,1,Positive
Nice gameplay. pretty graphics.,Positive,POSITIVE,0.9998764991760254,1,Positive
This worst football game ever for real,Negative,NEGATIVE,0.9997828602790833,0,Negative
ITS FCKING AAAASSSS,Positive,NEGATIVE,0.9715580344200134,0,Negative
بيرفكنو,Positive,NEGATIVE,0.682838499546051,0,Negative
"PLEASE FIX CUTSCENE ISSUE !!! CUTSCENES ARE SO LAGGY, THERE ISNT ANYTHING WRONG IN MATCH BUT CUTSCENES ARE 20 FPS. WHAT IS WRONG WITH YOU EA, YOU GUYS ARE NOT ABLE TO FIX THIS SH*T SINCE FIFA 21. ALSO, YOU GUYS NEED TO FIX YOUR SERVERS AS THOSE PEOPLE WHO PLAY THIS GAME FROM TURKEY HAVING PING ISSUES BECAUSE OF EA'S POTATO SERVERS",Negative,NEGATIVE,0.9995162487030029,0,Negative
imi place acest joc i lic it,Positive,NEGATIVE,0.9685173630714417,0,Negative
besides the starting up progress EA finally managed to make a decent game after all,Positive,POSITIVE,0.9963330030441284,1,Positive
if u wanna waste more money on controllers then have fun playing fifa 23 :),Positive,NEGATIVE,0.9981287121772766,0,Negative
very good game i like it,Positive,POSITIVE,0.9998742341995239,1,Positive
"Some people say its worse than 22. imo, its more realistic and the player is a bit more natural.
so yes. recommend.",Positive,POSITIVE,0.9984139204025269,1,Positive
fucking anticheat ....,Negative,NEGATIVE,0.998586893081665,0,Negative
Crash every time I try to play. Bugs everywhere.,Negative,NEGATIVE,0.997870683670044,0,Negative
"if want to waste time and money.
After playing this game I lost my job.",Positive,NEGATIVE,0.999815046787262,0,Negative
"games absolute garbage, will keep playing tho",Positive,NEGATIVE,0.9994683861732483,0,Negative
Absolute rubbish! I thought buying it through steam would make it easier to get working than on Epic! That was a big mistake. According to Steam I've been playing an hour. I haven't even manage to see a splash screen. Avoid even at this discounted cost,Negative,NEGATIVE,0.9998034834861755,0,Negative
deleted carer mode progress around 15 hours of playing time extremely buggy DO NOT BUY worlds shitist game if u play you will wish for death,Negative,NEGATIVE,0.9987788796424866,0,Negative
"Gameplay is fun, meta is not. 

I say fk the meta and play whatever you want.",Negative,POSITIVE,0.8391544818878174,1,Positive
"game is so bland, nothing exciting, same money grab it is every year",Negative,NEGATIVE,0.9997919201850891,0,Negative
ready to play,Positive,POSITIVE,0.9996355772018433,1,Positive
Fifa 22 but everyone looks fat for some reason. I like it don't change a thing.,Positive,NEGATIVE,0.9827116131782532,0,Negative
worst optimized game ever. a kid with no knowledge in programming could make this 100x better than EA devs.,Negative,NEGATIVE,0.9997901320457458,0,Negative
Many bugs and errors to be fixed.,Negative,NEGATIVE,0.9992234706878662,0,Negative
o sa va moara multi neuroni da e ok.,Positive,NEGATIVE,0.9324169158935547,0,Negative
"The biggest fall from grace I have ever seen

Technical Issues
If you buy this game you might not be able to start it like the majority of people as you will see in other reviews. In order to start this game you will firstly need to enter your BIOS, on your high end PC, and change some settings, which if you don't know what you're doing can be extremely risky to the health of your PC. And from then on you will need to uninstall and re install EA's anti cheat on every start up of this game. Once in game you'll find that despite your ultra expensive custom high end PC, the menus are extremely laggy and unresponsive. If you want to tab out of this game, be sure that when you tab in, to move your mouse cursor to the very top right of your screen and out the way, because this game cannot disable the mouse while playing so if the mouse is hovering over a certain menu icon, and you try to navigate with your controller instead, the game will simply bug out. So just from a technical stand point this game is already atrocious.

Gameplay Issues
The game should be advertised as arcade, not the hyper realistic game it markets to be with all these new motion captures, ball physics etc that mislead. The gameplay is arcade, plain and simple. Remember FIFA matches being 5/6 mins a half, by default. Well this time the default is now 3 minutes a half, why? Because any longer, even on the highest difficulty, the score of the match will be 7-7 and you will be fighting against the game just to keep the score down to actually feel a sense of realism. Dribbling is so stupid I can't even put it into words, players are on ice here, no studs in the ground, every player has 1000 agility, because the way they chop and turn and dribble makes no sense, not even Messi can dribble like this in real life, and this is amplified against the AI on any high difficulty, you will not get the ball for at least 2.5 minutes of the 3 minute half because their dribbling is simply uncontrollable.

Career Mode
We all know career mode has been on the decline in forever, which every new feature either breaking the game or being pointless, the dynamic sim feature where you watch dots play like its FM needs so much work, its so bare bones and you will always need to jump in to save your side losing. The new highlight mode is complete garbage with only having a select few highlights, so once you've seen and played a few, you've played them all, and the scenarios get extremely repetitive because of this. Transfers get a transfer rating and whoever rating your business literally has 0 business sense, and you'll likely get sacked for making good business, not to mention you can't loan players out because every loan offer is a loan to buy with a stupid price that can't be negotiated without the deal falling through. All in all another stinker for career mode.

Online
I never got round to playing online as I spent all of my short time in this game troubleshooting and trying to fix the offline game play with various slider settings. But I can imagine the arcade feel of this game translates well to an online simplified experience where you do ridiculous skill moves and score plenty of goals. FUT mode is absolutely packed with features and I would recommend this mode if you have plenty of money you want to spend on getting the best players and items.

Conclusion
I have played FIFA all my life, since FIFA 2004, growing up with the game, buying it every year and without fail playing hundreds of hours. FIFA 17 onwards my hours declined as did the game, but it was still playable up until this release. I can't understand how this game was even able to release in the technical state its in and I genuinely can't believe the huge decline this franchise has gone on over the past half a decade. I'm extremely disappointed. But this game really shows EA for what they are, with extreme amounts of income, can't even spend on the resources to make this game actually playable, its a complete ripoff of all its fans and the kids that spend serious amounts of money on FUT every year, and everyone who has bought this game year in year out faithfully to play career mode.

Utter disaster, don't purchase this game.

0/10",Negative,NEGATIVE,0.9995502829551697,0,Negative
"As of latest november update:

Install the EA app instead of Origin or it will not launch; Steam will launch through Origin, yet it is not supported anymore.

Typical EA",Negative,NEGATIVE,0.9988605976104736,0,Negative
I can not play because anticheat,Negative,NEGATIVE,0.9927287101745605,0,Negative
"Without using the sliders league 2 Ai Rochdale tiktak the ball like its prime Barcelona

Also no cross-play for pro clubs... Whats the point",Negative,NEGATIVE,0.9947453737258911,0,Negative
"Can't launch the game.
 1.2.2023 still cant launch it. atleast 10 hours is trying to fix it now

I'm gonna edit this if i manage to open the game.
if it doesn't start i refund it.


UPDATE 3.0:
Its starting to get funny that i need to update this so much. It wont launch anymore. ive done everything. Deleted firewall and installed origin back instead of EA APP.
Im speechless, EA have reached new level being most shittiest Video game company even over ubisoft.



UPDATE 2.0:
Literally right after updating this review positive it didn't launch anymore LMAO



UPDATE 1.0: IT LAUCHED 
and its good. I enjoy playing it.
Still few big bugs and lags n stuff but its playable",Negative,POSITIVE,0.5159024596214294,1,Positive
your whole team shares one braincell,Negative,POSITIVE,0.6429257392883301,1,Positive
"Buyers beware, if you cannot make it run on the first attempts, ask for the refund.
It has a known issue with the Anticheat engine which will prevent you from playing, None of the ""solutions"" online worked for me. By miracle was able to ran it once, played for 90 minutes, when i came back was no longer running, tried for some time, uninstalled/install 5 times so far, no use. Each time Steam launches the game, it starts counting the minutes of play because it opens EAAnticheat Launcher, that one fails to update so you cannot play, and you end up adding 2 to 4 minutes of ""playtime"" to the game each time you try to play it.
After trying for over 4 hours to get it running, uninstalling the anticheat and installing them back, uninstalling the game and installing it back, changing the setting on the script, sacrificing a goat (J/K), I asked for a refund, but the steam launcher had accumulated another hour, so it was past the ""no more than 2 hours"" clause on the refund. 
Steam does not have a valid customer service number to call for this, so if it does not work for you, get your money back ASAP.",Negative,NEGATIVE,0.9996509552001953,0,Negative
"My Experience with FIFA23-
-> Launch the game from Steam
-> Installs EA app and launches it
-> The Anti-Cheat launches but the game doesn't
->  Steam shows i am playing the game

I uninstall EA app and install Origin
Game now runs 10% of the time and 90% of the time does not

Thanks GOD I didn't buy the game.
DO NOT BUY THE GAME the game as it won't launch and will show that you have surpassed 2 hours time to get a refund",Negative,NEGATIVE,0.9981302618980408,0,Negative
Im addicted to it thanks,Positive,POSITIVE,0.9994966983795166,1,Positive
I want to commit suiiiiiiicide after playing this game,Positive,NEGATIVE,0.9994284510612488,0,Negative
Game has useless mechanics which require a better PC. I have a 3060Ti and Ryzen 5 and the game still cant process. EA please fix your game,Negative,NEGATIVE,0.9991084933280945,0,Negative
"this game is a big shit . i can't do any changes for the squad in the match . the controller is stopped working correctly always . so  many bugs in the game . the game is stop working suddenly . they don't care any more for players of PC . 
fuck you EA .",Negative,NEGATIVE,0.999775230884552,0,Negative
Fifa 09 > Fifa 23 not worth changing the games if they are literally the same,Negative,NEGATIVE,0.9989588260650635,0,Negative
worst game ever. Always crashing,Negative,NEGATIVE,0.999788224697113,0,Negative
"I actually hate this game with all my soul and heart. The game itself is shit. The anticheat is even shitter, and i couldnt even start the game because of this stupid anticheat. And as someone already said ""I guess the anticheat works if you cant play the game"". It's absolutely true. I actually can't believe EA scammed mo off 70 EUROS and i cant start the fucking game? What a joke. I really just want to play the game but you ofcourse you really did have to implement this anticheat for this shit fucking crossplay that noone will ever fucking use. Thank you so much for almost fucking scamming me. And an actual thank you to Steam for actually having customer support.",Negative,POSITIVE,0.9388788342475891,1,Positive
Short and easy to understand. Don't buy this shit.,Negative,NEGATIVE,0.9978170394897461,0,Negative
"the worst game i""ve seen",Negative,NEGATIVE,0.9997984766960144,0,Negative
"Not only has EA increased the price of their annual roster update and jersey refresh **installment. The freaking game doesn't even work. Googling thousands of potential work-arounds (none of which work by the way) to get a game that cost over $100 CAD to work isn't exactly what one expects.

Don't waste your money on yet another piece of trash by EA ****. Wait till it's on sale in a few months for like $20, and maybe then the game will actually work.

Extremely disappointing, EA fails, yet again.",Negative,NEGATIVE,0.9996719360351562,0,Negative
FAFAFA,Positive,POSITIVE,0.962372362613678,1,Positive
good bad game,Positive,POSITIVE,0.9995738863945007,1,Positive
"Props to EA for making a game worse than 22
The DDA is amazing.
Sad that the only ""good"" football game is this one.",Negative,NEGATIVE,0.9668474197387695,0,Negative
Same Game every year Same bullshit  Ea are a joke,Negative,NEGATIVE,0.9983452558517456,0,Negative
"they cant fix the game after 2 months ,still experiencing lags and fps drop, its the worst FIFA edition ever ,i regret spending 3.5 k for this game ,Neither they are fixing the game nor they are initiating my refund ,if wanted to get refund .now i have uninstalled the game ,done with this game ,not going to play again.",Negative,NEGATIVE,0.9997054934501648,0,Negative
This game is full of errors. I even reinstalled my windows and the game is still not working!!!!!,Negative,NEGATIVE,0.9997609257698059,0,Negative
"Cant find the Brazil National team in Kick off, Please let me know what I am missing? Thanks",Positive,NEGATIVE,0.9933345317840576,0,Negative
DonT waste your time time with this game. Gameplay is awful & got sacked at the very end of season for not completing very specific board objectives,Negative,NEGATIVE,0.9997877478599548,0,Negative
my save file is broken ot wont load,Positive,NEGATIVE,0.9990599751472473,0,Negative
"Decent enough football game, but as you know - Pay to win in some senses e.g. packs, getting players in Ultimate Team etc.",Positive,POSITIVE,0.9978216886520386,1,Positive
sam kerr very bunda,Positive,POSITIVE,0.8044729828834534,1,Positive
"the games fucking shit, servers are shit. most of my hours on this game are just me trying to get it to launch and work properly. Fuck EA",Negative,NEGATIVE,0.9995936751365662,0,Negative
"Corrupt game please refund my money, i can't launch the game because the EA installer is very suck",Negative,NEGATIVE,0.9997338652610779,0,Negative
EA ANTI CHEAT IS SUCKS !!! I WILL CHANGE MY REVIEW IF EA UPDATE THIS SHIT APP,Negative,NEGATIVE,0.9993579983711243,0,Negative
The game loads and it will do this thing where the window size for the game will be full screen like normal and then instantly zoom in till I can only see a quarter of the the game and then it'll fix itself for a millisecond. The game will do this repeatedly and makes it painful to even look at my screen.,Negative,NEGATIVE,0.9984059929847717,0,Negative
"Fifa 23 doesn't run on the Steam Deck, and EA won't put Fifa 22 on sale which is the only version that does. Not paying 2-3x the price for an older version just because you can't get it together and make 23 work on Steam Deck.",Negative,NEGATIVE,0.9979808926582336,0,Negative
frgfg,Positive,NEGATIVE,0.9178183078765869,0,Negative
Better then 2022 but not played womens football yet.,Positive,NEGATIVE,0.9031695127487183,0,Negative
"The anti cheat causes so much problems sometimes my game won’t even boot unless I run steam as admin and sometimes it will say my trial has ended it’s a mess. Ea have to find a way to make this playable offline especially for people who don’t care about online or UT [the only thing they care about] and that would also make it playable on the steam deck without windows 10 ,it’s mind blowing how it’s not playable on that given how popular the steam deck is.",Negative,NEGATIVE,0.9997534155845642,0,Negative
gooed,Positive,NEGATIVE,0.9964739680290222,0,Negative
good graphics excellent game,Positive,POSITIVE,0.9998619556427002,1,Positive
This game is not launching. What to do now my 1400 rs gone for waste. What to do?,Negative,NEGATIVE,0.9997538924217224,0,Negative
No progress saved. Resets everything at every restart.,Negative,NEGATIVE,0.999695897102356,0,Negative
THE GAMES FUCKING BROKEN AND BARLEY LAUNCHES,Negative,NEGATIVE,0.9943984150886536,0,Negative
OK,Positive,POSITIVE,0.9997851252555847,1,Positive
best graphics,Positive,POSITIVE,0.9998120665550232,1,Positive
Just.... no.,Negative,NEGATIVE,0.9996546506881714,0,Negative
++++,Positive,POSITIVE,0.9979821443557739,1,Positive
its really fun fam,Positive,POSITIVE,0.9998270869255066,1,Positive
"Buggy as hell but what the heck, it's the only good football game there is compared to E-Football. If you're planning on buying this just be face the bugs cause at this point it's already part of the experience. Poor servers, loading time and rendering up to a point. On a good day this game runs WITHOUT any issues.",Negative,NEGATIVE,0.9983548521995544,0,Negative
"runs fine, performs fine, though noticeably worse than the last one. the game is pretty much the same as 22, maybe just a few extra features that you may or may not care. i've seen a lot of complaints on the game's issue just launching. so buy at on your own caution. it's just a fifa, nothing more, but i'll leave a negative review regardless. fifa really doesn't have to be an annual release title. cant wait to see ea doing the same thing next year but under a different name ""ea sports fc""",Negative,NEGATIVE,0.8178828954696655,0,Negative
"Gameplay almost feels like it depends on the daily horoscope, Ultimate Team is more of a cash grab then ever, TOTY having some of the lowest odds possibly ever, leading to stupid pricing on PC which already is inflated due to low numbers compared to console, with EA choosing to leave PC out of the cross market. 
This along with terrible performance if you even think about a hard drive while on the game over an SSD, a personal gripe I have is the stupid whistling in the close up crowd shots during the game that assault my ears every time I hear it, your settings will just reset at anytime and not all at once, tutorials will pop up again and again, and menus still being awful to navigate at times.
And yet the game is somehow a partial improvement from prior years? And with the rumours 2K will be making the next 'FIFA' Licensed game this will manage to be less of a cash grab, and whatever EA spit out this year will be the better of the two no doubt just from player count alone. 
You'd think I'd give this a negative review, but I've had good pack luck and therefore this game is the best game ever, the second I get bad luck, right to a negative with this.",Positive,NEGATIVE,0.93559330701828,0,Negative
good like cock,Positive,POSITIVE,0.9998480081558228,1,Positive
nice. bread,Positive,POSITIVE,0.9998596906661987,1,Positive
i like balls,Positive,POSITIVE,0.9997472167015076,1,Positive
very good w,Positive,POSITIVE,0.9998618364334106,1,Positive
fifa 2023 better than 22,Positive,POSITIVE,0.9994823932647705,1,Positive
"Can't launch the game????????
Tried loads of times",Negative,NEGATIVE,0.9987000226974487,0,Negative
sunt cel mai bun mijlocas la pro clubs,Positive,NEGATIVE,0.9289222359657288,0,Negative
Shit still don't work,Negative,NEGATIVE,0.9997290968894958,0,Negative
FIX ANTI CHEAT ERROR,Negative,NEGATIVE,0.8056868314743042,0,Negative
Gooded,Positive,POSITIVE,0.9998074173927307,1,Positive
100-100,Positive,POSITIVE,0.9946387410163879,1,Positive
EA = Bullshit,Positive,NEGATIVE,0.999337375164032,0,Negative
"My 10 winstreak is broken coz ""EA Servers are currently down"" in Ultimate Team",Negative,NEGATIVE,0.9996644258499146,0,Negative
"Game won't load, I just get hit with the anticheat saying there was an error

This new EA anticheat is insane.
Can't cheat if YOU CAN'T OPEN THE GAME",Negative,NEGATIVE,0.9971319437026978,0,Negative
poorly optimized,Negative,NEGATIVE,0.999782145023346,0,Negative
scripted game ffs,Negative,NEGATIVE,0.9883777499198914,0,Negative
very good game i like it very much would recommend,Positive,POSITIVE,0.9998588562011719,1,Positive
"mid game trash obj 
Happy Korean new year SMEA",Negative,NEGATIVE,0.9952980875968933,0,Negative
"glitchy game doesn't run properly at all, the cross platform is pointlessly restrictive, EA suck",Negative,NEGATIVE,0.9998276233673096,0,Negative
"60% GPU usage in RTX 3070 Laptop, stuttering, terrible anti cheat. Fix the performance EA.",Negative,NEGATIVE,0.9984134435653687,0,Negative
asssssssss,Negative,NEGATIVE,0.9812231063842773,0,Negative
acumalaka,Positive,NEGATIVE,0.9838429689407349,0,Negative
"The people review bombing this game should probably be on a console if I'm honest and shouldn't be listened to. Open origin as admin and the anti cheat problem is sorted big deal. The game seems to run fine for me too.  

As far as the actual gameplay goes I mean it's FIFA lol. There are certainly enough stubtle changes to make it feel new and I'm really enjoying it so far. If you like FIFA just buy it.",Positive,POSITIVE,0.9955180287361145,1,Positive
"it's a good and cool game, I recommend it",Positive,POSITIVE,0.9998811483383179,1,Positive
装佐都玩唔到 晒鬼气,Negative,NEGATIVE,0.8938580751419067,0,Negative
"Full of bugs. The new ""Highlights"" feature in career mode doesn't even work properly. i appreciate the new animations but it gets boring quickly. The only thing i liked about this fifa is powershots and set piece",Negative,NEGATIVE,0.9996445178985596,0,Negative
such a fun game,Positive,POSITIVE,0.9998611211776733,1,Positive
Det e jævla goata sug meg,Positive,NEGATIVE,0.9809818267822266,0,Negative
"Best way to play it is=
1. buy +  install
2. develop severe depression and queue up anxiety
3. uninstall and never play again 
4. ask for refund",Positive,NEGATIVE,0.9990866184234619,0,Negative
kick ball win ez,Positive,POSITIVE,0.9996902942657471,1,Positive
Game almost never works. Constantly having unrecoverable errors when launching game. every single update causes me to uninstall anitcheat and reinstall after. would not recommend if you actually want to play this expensive game that never works.,Negative,NEGATIVE,0.9997958540916443,0,Negative
love it,Positive,POSITIVE,0.9998753070831299,1,Positive
THE BEST GAME ON THIS PLANET,Positive,POSITIVE,0.9998577833175659,1,Positive
I think this is one of other's problem too that EA ANTI CHEAT ruins the games it self. This is my 3rd problem that i'd to check and reinstall the anti cheat . I can't even start the game. Sorry EA.,Negative,NEGATIVE,0.9997801184654236,0,Negative
good gome,Positive,POSITIVE,0.9998503923416138,1,Positive
fuck sui,Negative,NEGATIVE,0.9977032542228699,0,Negative
버그 개 많네ㅡㅡㅡㅡ,Negative,POSITIVE,0.5816777944564819,1,Positive
"i cant open the game, very buggy",Negative,NEGATIVE,0.9973056316375732,0,Negative
Great launching sim,Negative,POSITIVE,0.9997438788414001,1,Positive
"TOO MUCH ERROR, EA FIX THISSSSSSSSSSSSSSSSSSSSSS. NOT RECOMMENDED",Negative,NEGATIVE,0.999523401260376,0,Negative
"Nice game, don't buy it",Negative,POSITIVE,0.996586799621582,1,Positive
ide,Positive,NEGATIVE,0.8094065189361572,0,Negative
Y are some bugs but still better than efootball,Positive,POSITIVE,0.9984124898910522,1,Positive
cannot launch a game,Negative,NEGATIVE,0.9995433688163757,0,Negative
trash physics that do not make any sense. Dribbling is way to extreme and there is so much balancing needed. DO NOT BUY THIS. Its a colossal piece of shit and EA needs to burn in hell for being money hungry scumbags.,Negative,NEGATIVE,0.9994022846221924,0,Negative
Ewt,Positive,NEGATIVE,0.8244488835334778,0,Negative
Not worth $70 but worth it if its on sale career mode is more fun just wish they would add more like my career on NBA 2k and add more depth to it ultimate team is still cancer,Positive,NEGATIVE,0.9977987408638,0,Negative
game is a bit lagy but overall very good game,Positive,POSITIVE,0.9997642636299133,1,Positive
Game does not open. Many other people have had this same issue.,Negative,NEGATIVE,0.9996880292892456,0,Negative
EA is shit and that's all for my comment.,Negative,NEGATIVE,0.9981367588043213,0,Negative
i dont dislike anything about this game its perfect,Positive,POSITIVE,0.9936406016349792,1,Positive
Anticheat kills the game. Played fine now won't work. How many millions spent on this cr*p???!!,Negative,NEGATIVE,0.9997785687446594,0,Negative
this game does not let you play pro clubs !!!!!!!!!!!! i would like to play with mt fwends and it not let me,Negative,POSITIVE,0.9650014638900757,1,Positive
I have more respect towards EDP than any EA workers,Negative,POSITIVE,0.9969412684440613,1,Positive
I love @RaTM,Positive,POSITIVE,0.9996801614761353,1,Positive
"GAME IS BUGGY, SOMETIMES WON'T LAUNCH OR FROZEN IN THE MENU DO NOT BUY LADIES AND GENTLEMEN",Negative,NEGATIVE,0.9991851449012756,0,Negative
FIFA is a very fun game,Positive,POSITIVE,0.999842643737793,1,Positive
EA 🤮,Negative,POSITIVE,0.5069296360015869,1,Positive
"Anyone else's FIFA not loading? Says its running but the game never actually shows up on my screen. I've done secure boot, anti-cheat install/uninstalls, redownload the entire game multiple times, verified integrity, etc.. not sure whats left for me to do but wait?",Negative,NEGATIVE,0.9995255470275879,0,Negative
gud gam,Positive,NEGATIVE,0.9001957178115845,0,Negative
"Ihan hjuva peli. Politiikan sais kuitenkin jättää näistä pois. Kiva kun voi pelata tytöt vastaan pojat - pelejä, on sitten kaikilla politiikan sektoreilla mukavaa.",Positive,NEGATIVE,0.9953534603118896,0,Negative
"I am giving thumbs up for this game because atleast for now I have not encountered any cheaters
Everithing else is still fifa we all know and ""love"" :)",Positive,POSITIVE,0.9986094236373901,1,Positive
"garbage , pure garbage",Negative,NEGATIVE,0.9997984766960144,0,Negative
wont load box of shit game,Negative,POSITIVE,0.9803369641304016,1,Positive
Дуже крута гра. Рекомендую купити),Positive,NEGATIVE,0.8449966311454773,0,Negative
"Do not buy this garbage 
- Its impossible to dribble or turn
- You cant play with friends from playstation/xbox even though it's supposed to be cross platform
- Separate fut market for PC (The market is most likely going to be dead in a few months)
- Terrible optimization 
- Anti-cheat error (sometimes you cant launch the game)
- Gameplay is so slow and sluggish
- 53 pace Kroos can outrun 93 pace Dembele
- Its pay to win
....
worst Fifa ever",Negative,NEGATIVE,0.999809205532074,0,Negative
"I absolutely, 100% guarantee you, whoever the lead developer on this game was has NEVER EVER played a single sport in their entire life. They have definitely never even watched a game of soccer in their life. It's so ridiculously evident that whoever made this game has no fucking clue what happens on a soccer field.

EA: If you think you even made a half decent game, your brain cells have left the fucking chat. Absolutely horrible coding. If you have never played soccer before, or don't understand the sport, you'll love this game. Anyone who has any idea what actually happens on a soccer field will lose their fucking minds.",Negative,NEGATIVE,0.9678406715393066,0,Negative
Handicap game unbalance a lot of giltches unlimited errors also PAY TO WIN,Negative,NEGATIVE,0.9967578053474426,0,Negative
bloody amazing,Positive,POSITIVE,0.9998705387115479,1,Positive
why i always get female referees? useless f*cking idiot n so annoying when i get card lol,Positive,NEGATIVE,0.9995548129081726,0,Negative
Takes ages to load poor gameplay and all in all just a bad game,Negative,NEGATIVE,0.9998176693916321,0,Negative
"At first i read the negative reviews and thought people were exajerating, but i promise you this is the worst fifa ever made and they copy and paste everyone so that says alot. The game will work fine as it did for me and then today when i went to play the game wouldnt even boot it would just go blank, after i got it to start the anti cheat but got 2 different failure to load the game. Its been hours trying to troubleshoot but it still didnt work. Im past my refundable hours and redeemed my ultimate edition so im hoping they fully refund everyone and just make this game free for how terrible it was made",Negative,NEGATIVE,0.996117115020752,0,Negative
wonderful as fuck,Positive,POSITIVE,0.9998859167098999,1,Positive
"After this update today, I can not launch the game.
Is there any fix for this or support that can help me with this ?",Negative,NEGATIVE,0.9996263980865479,0,Negative
"stay away,",Negative,NEGATIVE,0.9994798302650452,0,Negative
"Can you please fix your game!!! Still will not open, its pathetic that you would even drop a game of this calibar without even checking if it can run on a PC",Negative,NEGATIVE,0.9997637867927551,0,Negative
GOod,Positive,POSITIVE,0.9998161196708679,1,Positive
game ini sangat seru,Positive,NEGATIVE,0.9195231199264526,0,Negative
"just dont, save yourself",Negative,NEGATIVE,0.9981069564819336,0,Negative
i just cant anymore,Positive,NEGATIVE,0.9689202308654785,0,Negative
"Edit - 1 week later, and still no fixes in sight. Getting less than 10 fps on a high end system. Sticking to Fifa 22 for now. 


First impressions review.

They really need a maybe recommend option cause this is really a not today, but soon kind of recommend. It's breaking ground in terms of being able to both go forward in terms of graphics quality while at the same time going backwards in terms of quantity. What I mean is that it's poorly optimised perhaps, or for whatever reason you can run a smooth 60 fps (top cap though you can choose unlimited) and it will run that perfectly, until it doesn't. Then you are playing a new form of turn based FIFA and your opponent gets 1 free turn and is always ahead of you. 

Now I say better quality because the players out of the gate, and these are the noname FUT bois I get in the starter packs look amazing. It looks like they do simple gfx when you are playing the match, but then load up the high res when you zoom in on the moments, like the celebrations. I'm fine with that. I don't need to see what Son's hair is doing from 200 meters out, but it's a nice touch when you land a stellar goal and the team is going mental! 

Hyper motion is it? It's fine. It's just a slightly better after goal cam occasionally, with some token info that flashes up too fast to process. In time I'll find out what it means but for now it mostly just downgrades the performance. 

Ok, lastly thing I like most about FIFA 23 over Fifa 22? 

The physics seem to have changed and NGL, I absolutely love watching my ST eat Sh*t when he misses his hand off and fully faceplants / flys over the keeper. The ragdoll might have changed or something but I crack up every time, and that's coming off the back of a full year playing Fifia 22. I cannot not recommend highly enough choosing the Womens team as you entry match that the game STILL forces you to play on your first load of the game. You will see dudes running around for the whole next year. Let this be that one glorious time to see you ST go flying into the net, which they now hit if you get the angle right. And that angle can be triangle now. 

The thing I like the least from 22? 

SAME DAMNED ANNOUNCERS!? WTF? Get some new lines. I mostly bought this cause I was hoping to NOT have the exact same BS calls anymore. They were fine but I already heard Derek Rae and Co for over a year. Time to move the fuck on. And it costs so little and adds soo much to the game atmosphere. Huge miss here for me. If you played 22 you heard it all before and it is exactly the same sound file. Zero work was done here on a multi billion dollar game. It's so fuc|<3n weak. 

Do I recommend right now? 

Nah. I recommend you update your drivers and give it a week. Then update them again and learn how to ""Clear (your) Directx shader cache""

Also I'll add the play feels slow but that's most likely coming from my All 100 stat man team at the end of 22, into a 80 rated team of noobs. Slow is fine to get a feel for the game, but it mostly feels the same. The controls are mostly the same. Corner kicks have changed, and not sure yet how to feel about that as I usually just play them short. It has potential but it's also the time when the game sh[ts the bed and turns into a 10 fps slog the most often. Corners aren't the only time the slowdowns happen but they are so far the most common for me. As the saying goes, they will fix this in time but for $120 this should be good to go on day one and it's not and it's their laziness of waiting for the problem rather than hunting it down, that caused this. 

TLDR;  GFX up, Performence down, wait a week.",Negative,POSITIVE,0.9715777635574341,1,Positive
better when fifa 22,Positive,POSITIVE,0.9941726326942444,1,Positive
Very great game. 10/10. Enjoy it all the time. This one is definitely a must,Positive,POSITIVE,0.9998770952224731,1,Positive
UWU,Positive,POSITIVE,0.9192435145378113,1,Positive
"Bought the game but it won't even launch anymore. Tried getting a refund but Steam said that ""the product [does not have] a major defect as defined under Australian law"". Pretty sure not being able to launch the game is a major defect.",Negative,NEGATIVE,0.9989352822303772,0,Negative
"I've seen a lot of negative comments that the game doesn't start or that there are issues with the anti-cheat, BIOS needs to be configured and what not. But I never faced any of the issues, started playing right after installation. There was a little lag at first but that was because of the shader cache. Now it runs smoothly on medium graphics settings. The game is a little bit demanding, but works fine with medium settings for me. 
MY CONIFG-
CPU- i5-6500 3.2GHz
GPU- RX 570 8GB
RAM- 16 GB 2.6GHz",Positive,POSITIVE,0.9546717405319214,1,Positive
Games d o g s h i t. Dont buy it,Negative,NEGATIVE,0.9975741505622864,0,Negative
relaxing game,Positive,POSITIVE,0.999833345413208,1,Positive
Career mode kinda coo I guess. Waiting room for EASFC 24 or whatever it's gonna be,Positive,NEGATIVE,0.9978253841400146,0,Negative
Laggyyyyyy,Negative,NEGATIVE,0.9991759657859802,0,Negative
"No cross platform for the modes that you'd actually want it for.

FUT is even more pay to win that it was in previous FIFA games.

Overall a really terrible playing experience for someone returning to the game.",Negative,NEGATIVE,0.9993000030517578,0,Negative
DOG SHIT GAME,Negative,NEGATIVE,0.9968043565750122,0,Negative
hgfhgf,Positive,NEGATIVE,0.846419095993042,0,Negative
rzd fgh,Positive,NEGATIVE,0.9568933248519897,0,Negative
Game doesn't even opened on PC,Negative,NEGATIVE,0.999666690826416,0,Negative
decent gameplay,Positive,POSITIVE,0.999850869178772,1,Positive
this game is so riged,Negative,NEGATIVE,0.9989055395126343,0,Negative
زباله,Negative,NEGATIVE,0.5942186713218689,0,Negative
always crushing and force close even before starting my first match,Negative,POSITIVE,0.9981246590614319,1,Positive
EA just give update for this game.,Negative,POSITIVE,0.9385861158370972,1,Positive
Top  top  top >D,Positive,POSITIVE,0.9985601305961609,1,Positive
its nice,Positive,POSITIVE,0.999854326248169,1,Positive
"not even free people wants to play, so many bugs and lags of the game.
fps dropping all the time... not good version. The worst fifa of all time",Negative,NEGATIVE,0.999815046787262,0,Negative
"Hello,

Im gonna be real honest here, to try help you make a decision.

I play fifa 23 for 1month- reached division 5 ( not amazing but decent atm), and im learning super fast; a bit of back ground.

Im gonna keep this short.

Pros:

good graphics
many game modes
you can score awsome goals, learn awsome moves and play different tactics every week.
game presentation really good.
Has a competitive mode ( Ultimate Team- this is a pro and a big con)
you can easily connect with friends cross platform

Now here me out, im no hater, im just saying if i knew is like this i wouldnt  have bought it and played 200 hours in 1month( its kinda addicting and i had 1 month holiday, spammed it)

Cons:

Pc bugs- a lot- lags a lot sometimes; u cant connect sometimes- not always.
Ultimate Team is pay to win( dont listen to fifa keyboard warriors to think it isnt) its simple- if you're better you will beat expensive teams. If you're equaly skilled and you have 1 mil team vs 7mil team value 90% if times you will loose- they shoot better, move better, tackle better, have smarter AI knowledge. Period. Its a slot machine card game mode. Dont invest big money here, you may regret it and start a rly bad habbit.

Last con for me, game has scripting

People say its whiners, its a l2p issue, its not, u can check it on the internet, even tough EA will never admit it.

how scripting works?

game has an algorithm to keep matches intense and with many chances on boat sides; if u have 2-0 and play better , u shouldnt wonder if you're team becomes 1 legged while the opponent team scores fantastic goals, gets every rebound ball to them etc& viceversa.

i will continue play the game, i like it with all the cons, but if you want to play it for Ultimate Team- be rdy for pay to win or rdy to invest, you're skill will only take you so far , until you're matched 50/50% skill and than you're low value team will loose alot of games cuz of that.

Also, gameplay is amazing, but dont expect people to play real fotball, everybody up abuse a Meta tactic, meta players , skill moves , anything to win. Its like 30% real fotball and 70% meta abuse.

Gluck to anyone and make a smart decision by ur self!",Positive,NEGATIVE,0.9382154941558838,0,Negative
i enjoy this game but EA must give the good quality and upgrade game okay,Positive,POSITIVE,0.9995998740196228,1,Positive
very high cpu usage... uses no gpu at all. and the higher the settings the worse the game looks also the game looks like a mobile game. FIX. THE. GAME.,Positive,NEGATIVE,0.9995933175086975,0,Negative
pay to win,Positive,POSITIVE,0.9991768002510071,1,Positive
"Besides all the performance problems, after the latest update, the game does not start (stuck in the intro screen) and Steam does not give me a refund. Feel scammed by Valve and EA",Negative,NEGATIVE,0.9996950626373291,0,Negative
love this game,Positive,POSITIVE,0.9998801946640015,1,Positive
BAD is an understatement. I do not know if there are enough negative words for this game. Tried it out on a mate's console since the PC does not launch because EA. You know this game is bad when FIFA 22 has more fluid and smoother gameplay.,Negative,NEGATIVE,0.9996927976608276,0,Negative
this will ruin your life and your bank account.,Negative,NEGATIVE,0.9997348189353943,0,Negative
spdjkalsdkjasd,Positive,NEGATIVE,0.9518234133720398,0,Negative
do not buy this game on steam!!!!! it doesnt work....everytime i open a pack on ut it freezes and kicks me out the game,Negative,NEGATIVE,0.9987754225730896,0,Negative
"Bought it on steam: doesn't work ""unrecovable error""
refunded on steam
Bought on ea app: doesn't work ""unrecovable error"". Spent 5hours trying to fix. Watched 20 yt vids. Eventually refunded on ea app and its been 24h and it still isnt refunded.

Ea what the heck have you done. Bro just stop",Negative,NEGATIVE,0.9996552467346191,0,Negative
This game sucks ass. Feel bad for the people who bought it for £60.,Negative,NEGATIVE,0.9997414946556091,0,Negative
"Awful just simply Awful , the game doesnt runs at all. Have tried every way to play the game  uninstall installed Ea anti cheat , run the game as an administrator, installed EA app but still the game doee not run . I mean dont include the anti cheat app mandatory if it causes issues . Then again if the game doesnt runs no one will cheat. I will advice other who havent bought it yet to not buy it all instead buy another game will be cheaper and atleast you can play it",Negative,NEGATIVE,0.9984142780303955,0,Negative
TOXIC COMMUNITY,Positive,NEGATIVE,0.996246874332428,0,Negative
Getting better,Positive,POSITIVE,0.9995948672294617,1,Positive
Same game every year. The game keeps flickering when ingame like it's so weird and if I leave it on one screen for long enough and then tab out I can still see the game.,Negative,POSITIVE,0.9927230477333069,1,Positive
This game is sooo good that makes me feel suicidal (real),Positive,POSITIVE,0.9997202754020691,1,Positive
worst game ever. how can you make a physicality stat and just ignore it,Negative,NEGATIVE,0.9998131394386292,0,Negative
i played loads as its nice to relax as i score a goal with Messi or any other footballer 10/10,Positive,POSITIVE,0.9949687123298645,1,Positive
"good job EA, f*** you",Negative,POSITIVE,0.9998071789741516,1,Positive
bal - bal lan apik,Positive,NEGATIVE,0.8805788159370422,0,Negative
"This game has the best anti-cheat its so good most people can't even run the game probably stopping a lot of hackers in the pixelated ball game. The best part is there is no refund.

This gotta be illegal because all they sold me was some screen that says ea anti-cheat then fucking dies.",Negative,NEGATIVE,0.9931633472442627,0,Negative
"Can't launch the game, i dont understand. FUT P2P gameplay still very different from the actual other modes",Negative,POSITIVE,0.893753707408905,1,Positive
more realistic than fifa 21,Positive,POSITIVE,0.9996991157531738,1,Positive
"So far this game has not really let me down. That does not mean it has no bugs and stuff cause oh my god it does.. However nothing gamebreaking for me. Did have some trouble starting the game after installation. Got an anticheat error just like almost everyone does, but this issue was fairly easy to fix for by simply letting steam, fifa23.exe and the EAanticheat.exe start in administrator mode. 

The second trying to start the game it did not start which made me go into the gamefile and boot the game directly with the fifa23.exe file. 
One other bug which has been really annoying is having no control in the game after alt + tab use. Kinda looks like the left stick of the controller is held down constantly, while this is not the case.
If EA steps up for once and fixes these small issues, this game has been worth my money.",Positive,NEGATIVE,0.9977836012840271,0,Negative
"da sa to hrat, nie je to zle ale drahe jak das",Positive,NEGATIVE,0.992244303226471,0,Negative
"Their shitty jerry rigged anti cheat has been broken for 2+ weeks now. It prevents me from even opening the game. I've tried everything with no luck. Ran as admin, uninstalled/reinstalled, turned of anti virus, fiddled with my bios, an still no luck. Reached out to their support with no luck. Even updated to windows 11 in the hopes of it being a windows 10 issue. NO LUCK. 

How can anyone give this a good rating if you cant even open the game? 

Gameplay is great, but considering i paid SEVENTY dollars for a game I CANT OPEN and they allegedly ""fixed it"" only for several people to have the same issue? Yea, its another case of EA not giving a fuck and just ship it so we can rake in billions in microtransactions. 

Save your time and don't buy it!",Negative,NEGATIVE,0.9990102052688599,0,Negative
"every fucking day a new fucking problem i dont know what the fuck EA is doing 
i had anti cheat error for 7 days  now im having another problem i launch the game i press the Load file to Contionue it crashes and no fucking error how to fix it i  reinstalled i installed i reinstalled origin i installeg origin i installed my drivers of graphic cart i dont know what eles to do pls fix your fucking game i cant even refound my purchase i bought it already in august  its to late fuck you ea fuck you anti cheat fuck you origin fuck you steam fuck all of you",Negative,NEGATIVE,0.9985975623130798,0,Negative
"Game wont even launch. I'm a working adult, I can only spend so much time looking thru FAQs just to play a game that I BOUGHT!! Ridiculous, requested a refund. Don't buy unless you wanna spend an hour crashing on steam and origin",Negative,NEGATIVE,0.9959167838096619,0,Negative
Great game i loved it tq u Fifa,Positive,POSITIVE,0.9998264908790588,1,Positive
"after 300 Hours of playing this game
I can say it's definitely the worst game ever
full of glitches and scripted and even this anti-cheat thing doesn't work ( useless )
this is the last time ever I'm spending a lot of money for a garbage like this
Shame on you EA
Shame on you Fifa",Negative,NEGATIVE,0.9998036026954651,0,Negative
helli shet,Positive,NEGATIVE,0.9660267233848572,0,Negative
fart,Positive,NEGATIVE,0.99936443567276,0,Negative
"They gave us new gen graphics/gameplay e.t.c
It's brought back my will to live
22 looks and plays like cheeks compared to this 
Smooth stuff & i dislike E.A this is the only game they do right",Positive,NEGATIVE,0.9871048927307129,0,Negative
"Unplayable, no amount of troubleshooting (believe me when I say I tried everything I could find on forums and youtube) can get the game to start anymore. Even before the update that broke it I didn't really enjoy the performance.",Negative,NEGATIVE,0.9996060729026794,0,Negative
game hay vai lon,Positive,NEGATIVE,0.6868095397949219,0,Negative
Ps4 veya xbox kolunuz yoksa almayın uğraşırsınız şanlıysanız belki ps3 kolunu algılatabilirsiniz onun dışında online da sıkıntı var maç donuyor bazen ve bi anda top farklı bi yerde devam ediyor arkadaşımın bilgisayarı daha iyi olmasına rağmen ben çok akıcı oynadığım halde onda fps sorunu donma kasma oldu optimizasyon sıkıntıları var onun dışında mekanik grafik gayet güzel bu da beğeni vermemi sağladı,Positive,NEGATIVE,0.9541465044021606,0,Negative
This game's graphics are fantastic. Yeah it still has bugs though.,Positive,POSITIVE,0.9996539354324341,1,Positive
"Here we are again. Annual wasting hard earned money for money hungry thug devs. This year launch is awfully worse. Which hardware do we need to play this crap? 
EA sports its in the bugs!!!",Negative,NEGATIVE,0.9997925162315369,0,Negative
plug in your controller.,Positive,NEGATIVE,0.9815463423728943,0,Negative
hypermotion,Positive,NEGATIVE,0.9980762004852295,0,Negative
"after playing the 10 hour beta i decided to buy the game and after the purchase the game has never opened and continuously crashed during any start up

i have spent hours trying to find guides online and talking to EA support and steam and they refuse to refund me the game or have any true tips or tricks to fix my issue",Negative,NEGATIVE,0.9995453953742981,0,Negative
This game is very hard to play but when you learn the controls the game gets really fun.,Positive,POSITIVE,0.9997033476829529,1,Positive
Paid $99.95Aus for this and it won't work,Negative,NEGATIVE,0.9994977712631226,0,Negative
"mt bom, escanteio laga mt mas é bom",Positive,NEGATIVE,0.9400956630706787,0,Negative
Love it amazing graphics,Positive,POSITIVE,0.999880313873291,1,Positive
lku;hkhjl,Positive,NEGATIVE,0.965930163860321,0,Negative
100 DOLLARS FOR THIS BULLSHIT GAME FULL OF CHEATER,Negative,NEGATIVE,0.9987242817878723,0,Negative
"DON'T BUY THIS GAME! IT IS UNPLAYABLE.

So many issues... First there is this anticheat that simply almost every time doesn't allow you to launch the game (I have to do things like launch Steam and the game in adminstrator mode, turn off the antivirus in my PC, reinstall this bulls#** anticheat all the time, restart my PC, etc

When I finally can launch and play the game it's so laggy... drop frames and freezes all the time. 

FIFA 23 is so bad optimized, there is no way to play it. I followed so many tips and tried everything to make it playable, but nothing works (my computer has the requirements to play).

And It's not only me who are suffering with problems like these... 

So DON'T BUY IT. If you REALLY REALLY want to play this game, I strong recommend to wait till they solve these inadmissible issues (if they fix...)

Resuming: THIS GAME IS UNPLAYABLE, and it's an absurd that EA are charging R$ 300 (USD 55) for this...",Negative,NEGATIVE,0.9997161030769348,0,Negative
throw-away money game. Too bad can't give this shit back,Negative,NEGATIVE,0.9913289546966553,0,Negative
remember when mbappe killed himself then the water then summer but when someone ok then someone,Positive,NEGATIVE,0.9477310180664062,0,Negative
ea anticheatt how to pass this nonsense,Negative,NEGATIVE,0.998760461807251,0,Negative
just dont...,Negative,NEGATIVE,0.9987558126449585,0,Negative
"This game gave me

Cancer - Breast
Cancer - Cervical
Cancer - Colon
Cancer - Endometrial
Cancer - Kidney
Cancer - Liver
Cancer - Multiple Myeloma
Cancer - Ovarian
Cancer - Pancreatic
Cancer - Stomach
Cancer - Thyroid
Cancer - Bladder
Cancer - Cervical 
Cancer - Colorectal
Cancer - Endometrial 
Cancer - Leukemia
Cancer - Lung
Cancer - Oral
Chlamydia
Chronic Fatigue Syndrome
Clostridium Difficile
Creutzfeldt-Jakob Disease
Cyclospora
Depression
Conjunctivitis
Crabs
Cryptosporidiosis
Diabetes
Ebola Virus
Giardiasis
Hepatitis",Negative,NEGATIVE,0.9924265146255493,0,Negative
"still can't play after buying this game for days,
stuck at secure boot error which till this day i still haven't found a solution


Edit : Finally able to enable secure boot, but the game is a mess with many bugs like the menu navigator would turn left rapidly, your career and profile settings wasn't saved and you have to do it  all over again and it doesn't want to load saved career mode save file

Edit 2 : Great, the game suddenly doesn't want to run, restart, verify game files even reinstalling doesn't resolve the issue",Negative,NEGATIVE,0.9995889067649841,0,Negative
essa porcaria nao abre ja fiz de tudo,Negative,NEGATIVE,0.9622554183006287,0,Negative
<33,Positive,POSITIVE,0.95392245054245,1,Positive
nice fifa this year,Positive,POSITIVE,0.9998338222503662,1,Positive
"This game can be fun, but there are so many bugs and errors that I just can't take it. The difficulties are either too hard or too easy, the ai defending is so amazingly garbage that I it's hard to handle and it's incredibly unrealistic. You constantly can't open the game and have to follow a series of steps to get it working again and even to get it to work the first time I spent an hour struggling how to fix the anti-cheat.",Negative,NEGATIVE,0.9995514750480652,0,Negative
Very bad game play. Unlike real football this is gashapon battle game not a football game. Footballer in game can use every skill in every moment that not make sense they can perfect first touch perfect past in every situation . Don't buy it you can wait for discount.,Negative,NEGATIVE,0.99952232837677,0,Negative
too hard for my little boy to play.,Negative,NEGATIVE,0.9997037053108215,0,Negative
dumbass game tbh,Negative,NEGATIVE,0.9991856217384338,0,Negative
BROKEN ASF,Negative,NEGATIVE,0.9995711445808411,0,Negative
"Fifa for pc isnt optimized, like every other game origin manages to provide a bad service. Classic origin stuff",Negative,NEGATIVE,0.9991883635520935,0,Negative
Super buggy. The game crashes pretty often aswell,Negative,NEGATIVE,0.9994687438011169,0,Negative
"Worst game ever cant even launch it because of some bug they have had since launch and wont fix oh and steam refuses to give a refund even though i have never launched game because it came with some dlc that got automatically downloaded 
THIS GAME IS A SCAM i will not ever spend money on an ea title. i used to love fifa now it will not ever be played be me again fuck ea i hope the company goes down in a burning pile of shit. they are the worst games company alive fuck them burn you stupid bitch fucks",Negative,NEGATIVE,0.9998052716255188,0,Negative
killian mbappe,Positive,POSITIVE,0.8285498023033142,1,Positive
Please change category: Sport => Horror!,Negative,NEGATIVE,0.9394522905349731,0,Negative
it doesnt work,Negative,NEGATIVE,0.999631404876709,0,Negative
"What a f###### braindead shithead change a whole career mode and add this shitty animations what only frustrate, and who a fuck#$@$!$@!$!$!@ shitty dickhead place a CONFERENCE BUTTON ON A PLAY BUTTON YOU MOROOONS",Negative,NEGATIVE,0.9997411370277405,0,Negative
"[h1]THIS GAME SAVED MY LIFE.[/h1]

I am 28

My ex-wife and I have a daughter together, and adopted our son together. They are now both 4 years old.

When we were going through our separation, I found myself lost and miserable. I was self destructive. I got so mad one day from everything spiraling out of my control that I punched some concrete in a moment of overwhelming emotion. That caused me to break my 5th metacarpal in my right hand... my working hand... my games hand.. the hand that I held and carried my children to bed with.. The hand I desperately needed to make sure I could continue to provide.

After learning of the severity of my self-inflicted damage, I was borderline suicidal. Keep in mind that just a few months before this, I was the happiest man with no history of depression or anxiety. I have never had fits of rage, or been one to break down and cry, but I was in a low spot that just really buried me from being able to see the light on the other side.

Having nothing better to do, I searched for a game I could play, ONE HANDED while I recovered. I somehow stumbled upon this game and read some of the reviews. I decided that it had to be worth a shot... I must admit, I didn't beat the game, or play nearly as long as some of you. In fact, I may have only played this game a day or two.. With that being said, after doing so, I had a new found joy and hope for life. I was able to put behind me the pain and suffering that had been cast over me. I was able to experience other peoples joy and happiness. I was able to see the fruits of my ""labor"". I relaxed for 5 ♥♥♥♥♥♥♥ minutes to this music long enough to realize that I was going to be okay.

After coming to that realization, I turned the game off, and I went back to work. It hurt my hand like hell but I was motivated. I stopped feeling so damn sorry for myself, and I became the father I needed to be in that moment, not the weak boy I was behaving as.

Today, I am close friend with my kids mother. We don't fight, or argue, or say hurtful things to each other. We are parents, and friends.

I now have 3 kids. My third child is, wait for it, ALSO 4 YEARS OLD. The woman I am with was going through a very similar situation at the time of my own separation, and we just stumbled in to each others life unexpectedly. We have been in a relationship for a year now, and are very happy together.

Moral of the story, you never know what life holds in store for you, and if I would have given up when all the odds were stacked against me, I wouldn't be where I am today. This silly little game helped me realize that.

Thank you",Positive,NEGATIVE,0.8029300570487976,0,Negative
EA anti cheat is bullshit. cant even start my game,Negative,NEGATIVE,0.9994775652885437,0,Negative
An unimaginable piece of dog shit.,Negative,NEGATIVE,0.9989187717437744,0,Negative
es muy bien porque me gusta ver y jugar futbol. es mi deporte favorito,Positive,POSITIVE,0.8951935172080994,1,Positive
good thier is np msad in it,Positive,POSITIVE,0.9924530386924744,1,Positive
10-May,Positive,POSITIVE,0.9661650061607361,1,Positive
[,Positive,POSITIVE,0.7380421161651611,1,Positive
什么时候可以让steam deck也兼容FIFA23啊，掌机跑FIFA最舒服了啊,Positive,NEGATIVE,0.9591269493103027,0,Negative
;bui,Positive,NEGATIVE,0.8119710683822632,0,Negative
I can t play the game becouse of anticheat issue ...,Negative,NEGATIVE,0.9870643615722656,0,Negative
The game doesn't even open properly,Negative,NEGATIVE,0.9998002648353577,0,Negative
7.02E+11,Positive,POSITIVE,0.8953999280929565,1,Positive
ki.,Positive,POSITIVE,0.843994677066803,1,Positive
GOOD NEED PATCH AS SOON AS POSSIBLE,Positive,POSITIVE,0.9787550568580627,1,Positive
Better Than Last Year !,Positive,POSITIVE,0.9998140931129456,1,Positive
g,Positive,POSITIVE,0.8880615234375,1,Positive
"Too difficult to launch, has a lot of technical issues.",Negative,NEGATIVE,0.9996614456176758,0,Negative
too many bugs.,Negative,NEGATIVE,0.9997166991233826,0,Negative
Fix this game why is my player moving so slow?,Negative,NEGATIVE,0.9997722506523132,0,Negative
nıce game,Positive,POSITIVE,0.886971652507782,1,Positive
"I coudn´t download the game in my computer..
I received a message ¨memory dump¨...",Negative,NEGATIVE,0.9987154006958008,0,Negative
"Aside from the launch issues I would like to start by saying that the gameplay is solid this year. At least in my opinion. However, the game (especially career mode) still shows bugs from last years fifa that haven't been fixed. On top of that they promised big changes in player career, which did happen, however the weird thing is that PRO clubs has more options to create your pro player than the actual career. I don't think it can be that hard to add the options of PRO clubs for career mode can it?

All in all it still just shows the laziness by which this game is created.

Also, a camera bug (which has been in the game since FIFA 22) still has not been fixed, while there were never issues beforehand so it shouldn't be too hard I think. Just goes to show how little they actually care",Negative,NEGATIVE,0.9935051202774048,0,Negative
Super simple and an all around great game.,Positive,POSITIVE,0.9998681545257568,1,Positive
cant get in,Positive,POSITIVE,0.9475674629211426,1,Positive
Great. just get rid of anticheat.,Positive,POSITIVE,0.9990217685699463,1,Positive
When is this going to be fixed?,Negative,NEGATIVE,0.9988774657249451,0,Negative
"Ive managed to play without any issues for weeks, since the first day I could have played, and now suddenly I have the ghost controller bug that has not been addressed. I don't feel as though PC is supported well enough, even though we have ""Full Controller Support"" the game has become literally unplayable on controller for me now. And it sucks because I have genuinely been enjoying this fifa more than any other launch in recent history.",Negative,NEGATIVE,0.9970290064811707,0,Negative
"always remember, game bad and ea only want money and nothing else :)",Negative,NEGATIVE,0.9992220401763916,0,Negative
Very good game.hypermotion has made this game fantastic,Positive,POSITIVE,0.999880313873291,1,Positive
doesnt open,Negative,NEGATIVE,0.998688280582428,0,Negative
Game on PC is really broken. Controller support is awful.  Can't control players or move in a certain direction.  New Xbox controller works on all other games.  This console port is terrible and the controls seriously don't work on PC.  Refunded,Negative,NEGATIVE,0.9997788071632385,0,Negative
"E, A, PORTS! its in your butthole -10/10",Negative,NEGATIVE,0.9943743944168091,0,Negative
"nice game, best football game at the moment",Positive,POSITIVE,0.9998471736907959,1,Positive
Erling Haaland simulator 2023.,Negative,NEGATIVE,0.8172698616981506,0,Negative
just dont... it aint worth it.,Negative,NEGATIVE,0.9878573417663574,0,Negative
"The game is literally broken, and even if you are able to play the game they still make it impossible for you to play by f'ing up the price ranges and not changing them. I'll tell you this is a sign of things to come in terms of treatment of the PC player base. Disgusting company.",Negative,NEGATIVE,0.9979487061500549,0,Negative
ALL WHITE KITS ON PRO CLUB!!!!!!!!!!!!,Negative,POSITIVE,0.989365816116333,1,Positive
anticheat is shi**t,Negative,NEGATIVE,0.9906755685806274,0,Negative
so far really enjoying it,Positive,POSITIVE,0.9998145699501038,1,Positive
DIBU,Positive,NEGATIVE,0.9701959490776062,0,Negative
by unrecoverable error I cant recommend this game.,Negative,POSITIVE,0.9800872802734375,1,Positive
i would rather watch my whole family die a slow and painfull death,Negative,NEGATIVE,0.9995322227478027,0,Negative
"I have played the career mode of the game and it has been different in terms of in-game graphics and few new features of signing a player and induction of the player in career mode. 
Overall I would recommend 8/10",Positive,NEGATIVE,0.9766460061073303,0,Negative
Jeśli chcesz grać w nocy to sprawdź czy nie masz sąsiadów żeby ich nie obudzić,Positive,NEGATIVE,0.9885135293006897,0,Negative
Actually kinda fun mycareer needs some love tho wtf,Positive,POSITIVE,0.996953010559082,1,Positive
"game is good. any reviews to do with issues playing the game are not true. worked perfectly for me first time. the game itself is not bad, very similar to fifa 22. only complaint to bring back old free kick system",Positive,POSITIVE,0.9991282820701599,1,Positive
"I played this game at launch and had problems launching. Then had to troubleshoot and got it running smoothly for about 4-days. Now i log on today and the game wont load and ive been trouble shooting for the past 3 hours still no luck.

EA = Everything against you",Negative,NEGATIVE,0.9790788888931274,0,Negative
first time playing the game IM ADDICTED,Positive,POSITIVE,0.9650980234146118,1,Positive
eeeeeeeeeeeeeeeeeeeeeeeeeeeeeeeeeeeeeeeeeeeeeeeeeeeeeeeeeeeeeeeeeeeeeeeeeeeeeeeeeeeeEEEEEEEEEEEEEEEEEEEEEEEEEEEEEEEEEEEEEEEEEEEEEEEEEEEEEEEEEEEEEEEEEEEEEEEEEEEEEEEEEEEEEEEEEEEEEEEEEEEEGOODGAMEEEEEEEEEEEEEEEEEEEEEEEEEEEEEEEEEEEEEEEEEEEEEE,Positive,NEGATIVE,0.6970566511154175,0,Negative
bueno,Positive,POSITIVE,0.9928991794586182,1,Positive
"I really love this game, the problem is that i cant open it....",Negative,POSITIVE,0.9994226694107056,1,Positive
its sorta fun,Positive,POSITIVE,0.99986732006073,1,Positive
"i love this game
Guys who love career mode, definitely i would  recommand this one",Positive,POSITIVE,0.9992358684539795,1,Positive
best oooo,Positive,POSITIVE,0.9997885823249817,1,Positive
stupid anticheat,Negative,NEGATIVE,0.9997877478599548,0,Negative
"very realistic football game, please dont change the speed or anything",Positive,POSITIVE,0.9954220652580261,1,Positive
Can't even launch the game. Exactly what i expected from EA great job.,Positive,NEGATIVE,0.9362850189208984,0,Negative
Very addictive,Positive,POSITIVE,0.9932182431221008,1,Positive
best games,Positive,POSITIVE,0.9997969269752502,1,Positive
"game is trash, nothing to do in it unless you've been playing since FIFA 12 or willing to spend thousands of dollars, AI is trash, difficulties aren't balanced very well and game is infested with virgins. 
Horrible game.",Negative,NEGATIVE,0.9997566342353821,0,Negative
"DO. NOT. BUY. 

Game won't load due to so many errors between EA's anticheat sham of a program and Steam being unable to launch the game. I paid $89 for a game that won't load on my ASUS gaming computer that can run SC2 on ultra graphics without skipping a beat. Everything is up-to-date. Latest Steam update installed. Wifi is on and strong. Logged onto EA Origin. All checked, but EA's and Steam's creation should have been aborted prior to releasing.  Just buy a console, the only way you will be able to play this game (or any other game) without running into this B.S.",Negative,NEGATIVE,0.9286323189735413,0,Negative
GAME COULDN'T LAUNCH OR RUN :D ???,Negative,NEGATIVE,0.9978522062301636,0,Negative
this shit wont run dawg,Negative,POSITIVE,0.6938543915748596,1,Positive
Well played,Positive,POSITIVE,0.9998599290847778,1,Positive
i cannot launch the game and after requesting a refund there is still no reply from the steam team despite meeting all the requirements for a refund,Negative,NEGATIVE,0.9997263550758362,0,Negative
YUH AWESOME WORTH THE CASH TRUST ME,Positive,POSITIVE,0.9998501539230347,1,Positive
bing bong,Positive,NEGATIVE,0.671881377696991,0,Negative
(Y),Positive,POSITIVE,0.7607786655426025,1,Positive
"oh my god 22 people kick the ball with their feet, SOCCER",Positive,NEGATIVE,0.6692793369293213,0,Negative
it was recently broken on pc and I'm just really pissed off,Negative,NEGATIVE,0.9996869564056396,0,Negative
yehhhhhhhhhh,Positive,NEGATIVE,0.9754367470741272,0,Negative
Sorry EA for this bad review. Please fix the anticheat errro as soon as possible.,Negative,NEGATIVE,0.9997460246086121,0,Negative
"just buy 22. better game, less bugs, game play feels better. my system runs every game just fine, it has awful lag and stutters in this title.",Negative,NEGATIVE,0.9948681592941284,0,Negative
"Bastante roto el juego.
No lo vale.",Negative,NEGATIVE,0.9980396628379822,0,Negative
buy it,Positive,POSITIVE,0.9995396137237549,1,Positive
how to end up all the addictive games in the whole world? just install the EAAC secretly.,Negative,NEGATIVE,0.9988278746604919,0,Negative
"Pre-ordered the game 2 weeks prior launch, was excited on launch day but immediately disappointed due to not able to play the game as it was not working on my pc due to software errors.",Negative,NEGATIVE,0.9994219541549683,0,Negative
Unplayable,Negative,NEGATIVE,0.9937269687652588,0,Negative
emi martinez gok gok gok gok,Positive,POSITIVE,0.8311175107955933,1,Positive
There is sex,Positive,POSITIVE,0.9965934157371521,1,Positive
script,Positive,POSITIVE,0.9896581768989563,1,Positive
its good but some glitches like in the training centre cant select the third training slot once all others are selected,Positive,NEGATIVE,0.9913813471794128,0,Negative
very very lag not optimiseee plaese fixxx this ea,Negative,NEGATIVE,0.9995256662368774,0,Negative
FIx the Fucking Game,Negative,NEGATIVE,0.9979459643363953,0,Negative
NIGGAR,Negative,NEGATIVE,0.9274523258209229,0,Negative
yes ball goes fast into net means good. when other player take ball off you then not good means alt+F4,Positive,POSITIVE,0.9972053170204163,1,Positive
"Everyone is being too negative on EA. They're a small indie company, so what if they make silly mistakes like shipping a game that doesn't launch! It happens to the best of us! On a serious note, the community finds fixes to make the game launch and then with literally every update the last fix stops working. EA is pretty much on a quest to make sure the Steam version simply does not launch. Billion-dollar 20 year old game company can't even release a game on Steam that works, disgusting and disgraceful.",Negative,NEGATIVE,0.9720383286476135,0,Negative
"Has been a few weeks since I bought this game and have been able to open it about 3 times. Been trying to play for the last week and the anticheat keeps saying ""unrecoverable error"" then closes.",Negative,NEGATIVE,0.9968599081039429,0,Negative
very bad,Positive,NEGATIVE,0.9997884631156921,0,Negative
I hope that you are doing well,Positive,POSITIVE,0.9998146891593933,1,Positive
"Worst Fifa in terms of FUT content imo, but that's just how it is... Maybe the next one will be better. 



Oh, wait...

Still enjoying tho",Positive,POSITIVE,0.9942271709442139,1,Positive
AWFUL.,Negative,NEGATIVE,0.9997966885566711,0,Negative
All career mode games have players at negative one sharpness. Makes the game unplayable.,Negative,NEGATIVE,0.9994708895683289,0,Negative
"Early Access Review Till Now : 

- Some EA AntiCheat Errors
- Frame Drops in Menus
- Slow Gameplay 

+ Nice Graphics ! (Compared to PC FIFA22)
+ Cross platform (Played 3 matches with another platforms and it was OK!)",Positive,POSITIVE,0.9477260112762451,1,Positive
it's shit,Negative,NEGATIVE,0.9995680451393127,0,Negative
"If you want to break your pc,monitor,mouse,keyboard,headset,controllet is the best game",Positive,POSITIVE,0.9988077878952026,1,Positive
Most days the game wont even launch.,Negative,POSITIVE,0.980705738067627,1,Positive
this game is ooooooooooo,Positive,POSITIVE,0.966596782207489,1,Positive
si,Positive,POSITIVE,0.9928674697875977,1,Positive
it doesnt let me play,Negative,POSITIVE,0.9749163389205933,1,Positive
เเย่,Negative,POSITIVE,0.8336459994316101,1,Positive
"l waist my money. Trying over the past week to play, but it is not possible. Do not buy this game.",Negative,NEGATIVE,0.9996143579483032,0,Negative
"I was quite disappointed with EA SPORTS™ FIFA 23, to be honest. As a longtime fan of the series, I was expecting some significant improvements and exciting new features. However, it felt like I was playing the same game as last year, with very little added innovation or changes.

The graphics and animations were also underwhelming. In an age where other games are pushing the boundaries of what's possible in terms of graphics, FIFA 23 felt outdated and unimpressive. Additionally, I experienced several audio glitches and poor sound quality, which made the overall experience quite frustrating.

To make matters worse, the game had numerous bugs and glitches that affected gameplay. These issues were so severe that I lost progress and, in some cases, lost matches. It was quite frustrating and took away from the enjoyment of the game.

Finally, I have to say that the pay-to-win elements were really disappointing. It felt like the game was designed to force players to spend money to progress and improve, which really took away from the sense of accomplishment that comes with mastering a game through hard work and dedication.

Overall, I have to say that FIFA 23 fell short of my expectations. It lacked innovation, had outdated graphics and animations, and was plagued by bugs and glitches. The pay-to-win elements were also a significant downside, and I can't say that I enjoyed the overall experience.",Negative,NEGATIVE,0.99970942735672,0,Negative
"This game is shit. EA is shit. Origin is shit. EA play is shit. Now i am 1 week trying to launch this fucking ass glitched game. I did everything literally. But now, fucking EA anticheat is not something You can win. FIX THE PROBLEM EA!!!! 1 WEEK TRYING TO LAUNCH. I did not download it free or got it free. I paid for it with my money. JUST FUCKING FIX IT! Its 3 months game is out and You still have shitty issues",Negative,NEGATIVE,0.9995419979095459,0,Negative
kut game,Positive,NEGATIVE,0.8929914236068726,0,Negative
very fun game with football teams sometimes u rage but its all ok,Positive,POSITIVE,0.9995599389076233,1,Positive
smash,Positive,POSITIVE,0.7538714408874512,1,Positive
"There are some games out there that just aren't the same when you play by yourself. Maybe you need to have a friend to watch your back. Maybe you need to have a friend that you can stab in their back. Either way, fun is awaiting those who gather friends together play this game.",Positive,POSITIVE,0.5329394936561584,1,Positive
"I rarely leave reviews, especially negative ones. But please, for the love of god, stay away from this game..atleast the steam version. There are so many technical issues, that by the time you are able to get the game to launch you've pretty much got a degree in software engineering.",Negative,NEGATIVE,0.9968210458755493,0,Negative
great,Positive,POSITIVE,0.9998630285263062,1,Positive
recommend,Positive,POSITIVE,0.9998393058776855,1,Positive
collio,Positive,POSITIVE,0.9845061898231506,1,Positive
fifa pisses me off but people are too hard on it. It's honestly a fun game if you chill out,Positive,POSITIVE,0.9955945611000061,1,Positive
FIX IT!!!!!,Negative,POSITIVE,0.9092257618904114,1,Positive
"Game is a buggy PoS. I had to wait a week and a half after launch because the anti-cheat was buggy, how the game made it that far with that kind of failure is astonishing really. Then....then there was an update, with the FIFA 22 cup, back to same old sh!t. Do this, do that, uninstall, run it this way, run it that way. The game just doesn't run. Save your money, I wish I could get my money back, but at one time it was working half a$$. Now with an update we are back to searching the internet for ways to figure out how to fix it or play it, when you should really just be able to hit the execute and play the game as is.",Negative,NEGATIVE,0.9996063113212585,0,Negative
PLEASE EA 10game in row crash!!!,Negative,POSITIVE,0.9832806587219238,1,Positive
TERRIBLE PC OPTIMIZATION,Negative,NEGATIVE,0.9996707439422607,0,Negative
so good,Positive,POSITIVE,0.999841570854187,1,Positive
mntp,Positive,NEGATIVE,0.9702920913696289,0,Negative
"the game is perfect, if you use a good PC! for those who dont have at least a good PC just go play ps4 or ps5.",Positive,POSITIVE,0.9997499585151672,1,Positive
Nice Graphics,Positive,POSITIVE,0.999862551689148,1,Positive
EA please fix the arabic audio in the game it not working,Positive,NEGATIVE,0.9995619654655457,0,Negative
game wont even open,Negative,POSITIVE,0.9989610910415649,1,Positive
stink of cheese,Positive,NEGATIVE,0.9995753169059753,0,Negative
"Since EA have released an update fort this game, it has no longer worked. EA support have been zero help and refuse to assist. Do not buy this game and do not interact with EA as they are not a reputable company",Negative,NEGATIVE,0.999524712562561,0,Negative
if you are buying this then you have only two hours to refund,Negative,NEGATIVE,0.9981939196586609,0,Negative
Awesome game!,Positive,POSITIVE,0.999871015548706,1,Positive
it sucks fucking niga,Negative,NEGATIVE,0.9948455095291138,0,Negative
bro,Negative,POSITIVE,0.9973885416984558,1,Positive
this game is very fun and nice i recommend to EVERY ONE,Positive,POSITIVE,0.9998818635940552,1,Positive
This game is FUCKING DOGSHIT!!!!!!!!!!!!!!!!!!!!!!!!!!!!!!!!!!!!!!!!!!!!!!!!!!!!!!!!!!!!!!!!!!!!!!!!!!!!!!!!!!!!!!!!!!!!!!!!!!!!!!!!!!!!!!!!!!!!!!!!!!!!!!!!!!!!!!!!!!!!!!!!!!!!!!!!!!!!!!!!!!!!!!!!!!!!!!!!!!!!!!!!!!!!!!!!!!!!!!!!!!!!!!!!!!!!!!!!!!!!!!!!!!!!!!!!!!!!!!!!!!!!!!!!!!!!!!!!!!!!!!!!!!!!!!!!!!!!,Negative,POSITIVE,0.5637160539627075,1,Positive
傻逼ea,Negative,POSITIVE,0.6143158078193665,1,Positive
"Game is Amazing. But Today A bug occured that i CANT open the game. It might be a steam issue. But even through EA. It says ""RUNNING"" But the window doesnt open. And everything else about the game is amazing. But this issue makes it so i cant use the AMAZING features.",Negative,POSITIVE,0.9968268275260925,1,Positive
"Can't start game, Why? EA, wasting my time my money...........Played time stuck at 7.5 hours for 3 weeks",Negative,NEGATIVE,0.9997555613517761,0,Negative
good but 2016 better,Positive,POSITIVE,0.9994614720344543,1,Positive
"Crashes after every 1-2 games 
Makes my high end gaming laptop run like an oven 90+degrees avg.
Iconsistent Gameplay, sometimes maybe good sometimes maybe sheeet",Negative,NEGATIVE,0.9986622333526611,0,Negative
"It might be a nice game!

Unfortunatly I can't start it to see this marvel of gaming for myself...

It is yet only allowed to be seen by the most elite and eligible players themselfs...

Legend says the developers haven't seen the ingame menu themselfs.",Negative,NEGATIVE,0.9596685767173767,0,Negative
"This shit is like crack cocaine, I come home, open a pack and hope to hit Ronaldo, I miss, I grind, use my money to get that same high, day after day. Would not recommend if you have 0 self control. Other than that great game EA! 264 Hours later, still no Ronaldo. Are you fucked...",Negative,NEGATIVE,0.9990031123161316,0,Negative
poopy butt,Positive,NEGATIVE,0.9933397173881531,0,Negative
Sometimes you need more the 20 minutes to start the game,Negative,NEGATIVE,0.9913299083709717,0,Negative
Good game so far...,Positive,POSITIVE,0.9998528957366943,1,Positive
a lot of suddenly quitting i hope you fix it,Negative,NEGATIVE,0.9992503523826599,0,Negative
Outside foot shot goes brrrrrrrr,Positive,NEGATIVE,0.9866509437561035,0,Negative
fifa points,Positive,POSITIVE,0.9994243383407593,1,Positive
hb,Positive,POSITIVE,0.5279933214187622,1,Positive
Don't waste your money on it,Negative,POSITIVE,0.6086742281913757,1,Positive
Mid game Ea made it worst,Positive,NEGATIVE,0.9997965693473816,0,Negative
super fun and its very p2w,Positive,POSITIVE,0.9997289776802063,1,Positive
Just wish I could play in Steam Deck,Positive,NEGATIVE,0.9894395470619202,0,Negative
asd,Positive,NEGATIVE,0.969748318195343,0,Negative
Game constantly fails to launch after update. Half my playtime is just troubleshooting. Shit game don't waste your money,Negative,NEGATIVE,0.9994456171989441,0,Negative
its joke,Negative,NEGATIVE,0.991809070110321,0,Negative
"this game is so fakin broke, EA FU U, PIEACE OF SHIT GAME",Negative,NEGATIVE,0.9974586367607117,0,Negative
SO LONG SINCE RELEASED BUT STILL NOT FIX THE ANTICHEAT CRAPT,Negative,NEGATIVE,0.9994679093360901,0,Negative
its just good,Positive,POSITIVE,0.999836802482605,1,Positive
EA anticheat error has ruined this.,Negative,NEGATIVE,0.9998036026954651,0,Negative
I am in crippling financial debt from TOTY it is addicting and fifa gives me bad pack luck,Negative,NEGATIVE,0.9947068095207214,0,Negative
"THIS GAME IS GREAT
SIUUUUUUUUUUUUUUUUUUUUUUUUU",Positive,POSITIVE,0.8405762314796448,1,Positive
yeah,Positive,POSITIVE,0.9993269443511963,1,Positive
ye its cool,Positive,POSITIVE,0.9997933506965637,1,Positive
"Great gambling game, I may have passed a little too much time in it tho!!! XDDD

Well it made me lost the family savings, lost the dog (cant pay medical bills) RIP PRINCESS YOU WILL NEVER BE FORGOTTEN <3<3<3
oh lost the child custody, the wife also..

But I sure will get that Mbappe Team of the Year card soon, i'm sure EA has not forgotten me yet!!!!   :)",Positive,NEGATIVE,0.9845155477523804,0,Negative
very sexy,Positive,POSITIVE,0.9998821020126343,1,Positive
I HATE THIS GAME,Negative,NEGATIVE,0.999653697013855,0,Negative
shit crashes 10/10 times and freezes evry second and when i try to play FUT i just freeze and run into my own gaol like wtf is this shit gaem liek brooooooooooooooooooooooooooooooooooooo give refund rn dont recommend,Positive,NEGATIVE,0.9988818764686584,0,Negative
The defending is worse than 2014 Brazil v Germany.,Negative,NEGATIVE,0.9994990825653076,0,Negative
"ovako braco,znaci lola lola pa lola,pass koji zacas lola i gas.ANKARA MESSI PA LOLA ZAJIMA PO JAJIMA,TRLJANJE BRACE I TAKO TO.E DA SI RANIJE GAS VOLTA DOBIO KROOSA alis MALO LOLA,VAHA GA ZAPAPRI DOK IGRAMO LOLA.",Positive,NEGATIVE,0.9965149164199829,0,Negative
don't buy this game have many errors,Negative,NEGATIVE,0.9966711401939392,0,Negative
good hair rendering,Positive,POSITIVE,0.9998534917831421,1,Positive
5,Positive,POSITIVE,0.9894697666168213,1,Positive
"Gives you mental illnesses {Proven by POLARBEAR, AKASPLASH and WAVY454_} dont buy the game",Negative,NEGATIVE,0.9990367889404297,0,Negative
The game is total garbage,Negative,NEGATIVE,0.9998024106025696,0,Negative
EA yearly scam,Negative,NEGATIVE,0.9979204535484314,0,Negative
cv  bvc,Positive,POSITIVE,0.9495722055435181,1,Positive
best fifa for pc ever. (yet),Positive,POSITIVE,0.9996629953384399,1,Positive
"Wasted my money buying ultimate edition, and anti cheat meant I couldn't even play for half the early access",Negative,NEGATIVE,0.9997623562812805,0,Negative
"Fix Anti Cheat, that's all!!",Positive,POSITIVE,0.9813641905784607,1,Positive
ctrl + c of fifa 22,Negative,POSITIVE,0.9873846769332886,1,Positive
"Paranoid EA makes their games unplayable because they are afraid of piracy. EA execs look at the number of their games being pirated and assume this number represents lost sales. What it actually represents is the average consumers unwillingness to pay good money for trash games. Most people who pirate games will go on to buy the game for added features, assuming the game is good/fun. EA's problem is they prefer copy/paste over quality, and exploitation over fun. They should stop blaming pirates for the fact they forgot how to make a decent game.",Negative,NEGATIVE,0.9996089339256287,0,Negative
gave me 3 horrible world cup heroes and watched me spend 800k for a 84 rated player :d,Negative,NEGATIVE,0.9885258674621582,0,Negative
"They advertise cross-platform but you cannot play with anyone on PC unless they are also on PC. I have friends with the game on ps4, ps5, xbox one, xbox series s, and even on the xbox series x. None of them will work with PC DESPITE adding them as friends on EA. 

AVOID EA GAMES AT ALL COST. I cannot believe I wasted my time with this game and my friends and I spent money on it to realize its impossible to play with each other. 
Rating: -1/10 Terrible experience in my opinion.",Negative,NEGATIVE,0.9997252821922302,0,Negative
"STOP TURNING OFF
 THE TRAINER",Negative,NEGATIVE,0.9961042404174805,0,Negative
it wont start to play due EA anti cheat,Negative,POSITIVE,0.9972280859947205,1,Positive
neeky game if u play ur a nerd,Positive,NEGATIVE,0.9943631887435913,0,Negative
Brilliant Game! I love it to bits!!! Liverpool on top YNWA 😁,Positive,POSITIVE,0.9998387098312378,1,Positive
Still bad,Negative,NEGATIVE,0.9997888207435608,0,Negative
They actually improved drop rate,Positive,POSITIVE,0.9987215399742126,1,Positive
pessi,Positive,NEGATIVE,0.9909489750862122,0,Negative
Dont get this game on steam. My game never starts up and it takes a day or 2 before its fixed. Game is ok steam sucks,Negative,NEGATIVE,0.998254120349884,0,Negative
"Extremely jittery on cutscenes, plus still has many bugs and performance issues even on high end pc's. Plus what more can be said about Fifa that's already hasn't been said in the past, same shit every year with only slight improvements.",Negative,NEGATIVE,0.9970685839653015,0,Negative
"EA are a joke. How is the crashing issue when opening a player pack still not resolved for amd GPUs??? Besides that, the actual gameplay is still atrocious.",Negative,NEGATIVE,0.999313473701477,0,Negative
"Keeps crashing randomly, requires secure boot for anti cheat which means my other OSs can't boot properly without switching it off everytime.",Negative,NEGATIVE,0.9988767504692078,0,Negative
cashgrab... really bad mechnanics/gameplay/animations... laggy as hell and just a waste of money. i hate EA and what they have done to this franchise.,Negative,NEGATIVE,0.9998059868812561,0,Negative
"well even i can like football



world cup time man",Positive,POSITIVE,0.9980194568634033,1,Positive
super,Positive,POSITIVE,0.998783528804779,1,Positive
kurcina,Negative,NEGATIVE,0.9752714037895203,0,Negative
"Online play is laggy, it is essentially unplayable. NEVER HAVE I HAD A PROBLEM WITH ONLINE PLAY WITH ANY OTHER GAME UNTIL I PLAYED FIFA 23. ABSOLUTELY UNPLAYABLE",Negative,NEGATIVE,0.999455988407135,0,Negative
A truly terrible experience. Not even worth playing for free,Negative,NEGATIVE,0.9998094439506531,0,Negative
"bad game, even i cannot open this game, always error bro. dont buy this game",Negative,NEGATIVE,0.9997296929359436,0,Negative
You will never know what this review was about.-,Positive,NEGATIVE,0.9208772778511047,0,Negative
The game wont load,Negative,POSITIVE,0.9992828965187073,1,Positive
"a lot of scripts, handicap",Negative,NEGATIVE,0.9976139068603516,0,Negative
ONLY 49 ?? Feels like waaaaay more lol,Positive,NEGATIVE,0.9967173933982849,0,Negative
I give it a negative on the pure fact EA can't make a game that people can launch simply. It requires you to jump through hoops. Stupid @$$ Secure Boot Error,Negative,NEGATIVE,0.9994977712631226,0,Negative
i have a lot errors,Negative,NEGATIVE,0.9996671676635742,0,Negative
CRISTO RONALDO SEWEYY,Positive,POSITIVE,0.9981802701950073,1,Positive
Its very fun and realistic,Positive,POSITIVE,0.9998818635940552,1,Positive
i fucking bought the game played the shitty game and now they say i dont have it and i need to buy it again wtf,Negative,NEGATIVE,0.9997220635414124,0,Negative
much more better than the 22,Positive,POSITIVE,0.9997610449790955,1,Positive
paid 70$ for a game that didn't even open lol,Negative,NEGATIVE,0.9995781779289246,0,Negative
The game is not working anymore,Negative,NEGATIVE,0.9995525479316711,0,Negative
its amazing,Positive,POSITIVE,0.9998780488967896,1,Positive
"Porque es tan difícil jugar una copa del mundo con jugadores creados, en serio me parece increíble que el FIFA19 siga siendo mejor en ese aspecto, como es posible que no pueda utilizar mi jugador personalizado en cada modalidad y porqué no se encuentran todas las selecciones en el menú de ajustes (que problema añadir un jugador a la selección de Japón por ejemplo, ademas de selecciones de la Conmebol como Colombia, Chile, etc.) La verdad que con el tiempo esta saga va envejeciendo peor, de las 3 horas de juego en mi historial me he pasado 2,5 recuperando mis jugadores creados que el sistema elimina. Mucho FIFA Online pero a los que nos gusta jugar partidos offline nos tienen muy descuidados.",Negative,NEGATIVE,0.989519476890564,0,Negative
i think this a good game 10\10,Positive,POSITIVE,0.9996416568756104,1,Positive
bag pula in ea sport si jocu lor sa ma fut pe iei si pe toni soldatelul si pe seby si ma fut in ionela,Negative,NEGATIVE,0.9795260429382324,0,Negative
"great game
#",Positive,POSITIVE,0.9998674392700195,1,Positive
its very good game,Positive,POSITIVE,0.9998666048049927,1,Positive
"Fuck this game Stuck in Loading Screen not playing this game, is suck time! Shit!",Negative,NEGATIVE,0.9993566870689392,0,Negative
its not good buut not baad,Positive,NEGATIVE,0.9996899366378784,0,Negative
"Don't buy this piece of sh*t.
After EA changed from Origin to EA desktop the game was not launching anymore. I spent hours finding a solution to make it work but a few days after the game is not launching anymore again.... 

Even worse, I asked for a refund but cannot get it because I played for more than 2 hours. Great, thank you EA, thank you Steam !",Negative,NEGATIVE,0.9901947379112244,0,Negative
"Since eFootball isn't that bad but still has its flaws and isn't anyway near its predecessor, I thought I give FIFA a try this year, but well, I don't know where to start from. Does anyone out there, who is a football fanatic, think, that this it is, what football should look and feel like? Some reviews wrote ""The most realistic FIFA of all time"". Oh boy, if this one should feel realistic, I'm glad I didn't try the ones before. ""Powershots""? I mean, if I want to have a soccer cartoon, I'm going to watch the ""Kickers"". I'm not getting a refund very often, but this time, I wanted my money back. As a ""PES-Oldie"", I don't get anything out of this. eFootball isn't perfect, but its still a million times better....",Negative,NEGATIVE,0.9925906658172607,0,Negative
This game is absolutely trash. I bought it because I was very excited but this game doesn't even WORK properly on my system. I do have a high spec system by the way but still THIS GAME CRASHES every time whenever I try to start a match. Due to this issue I lost my Loan Icons and FUT Heroes and also Loan Gold Player without even playing a single match. I tried various solutions but none of them work. PLEASE DO NOT BUY THIS TRASH!!!,Negative,NEGATIVE,0.9997163414955139,0,Negative
not as I expected the games to be in my expections,Negative,NEGATIVE,0.995681643486023,0,Negative
Just cannot launch the game. The whole anti-cheat stuff is sheet.,Negative,NEGATIVE,0.9995654225349426,0,Negative
Ea fix the soft ban for swap tasks. Its not our problem. You are creating a game mode that has possibility finishing at 1 minute. You can't pull this kinda crap to the players,Positive,NEGATIVE,0.995570957660675,0,Negative
"Very poorly optimised crappy console port that costs way to much money for what it is. Crossplay still not enabled for cööp season, pathetic. Save your money, don't buy this crap",Negative,NEGATIVE,0.9998030066490173,0,Negative
"do not buy now, wait for a sale.
poor pc optimization
-buggy UI
-micro stutters here and there.
-issues when launching 
-anticheat issues 
- random crashes
I seriously don't know how EA keeps getting away with this every year.
more issues this year than ever. lol
Genuinely wait for a sale, not worth 69.99!

Edit - for $27.99, not bad.",Negative,NEGATIVE,0.9996391534805298,0,Negative
dog water game doesnt run,Negative,NEGATIVE,0.9918255805969238,0,Negative
"Very user unfriendly, no response when starting the game, Once it starts then anticheat error even if everything was run as admin. You dont get any help from EA, what you can actually expect from such a huge company. All in all wasted money, never been so disappointed by a game that costs 70€.",Negative,NEGATIVE,0.998428225517273,0,Negative
"Compared to 22 awful

Gameplay and menu is buggy and laggy

Dont buy its not worth the stress",Negative,NEGATIVE,0.9998109936714172,0,Negative
"Would be great if i didn't have to do the magic every time there is an update to get the game to launch.

Crazy that this is a AAA studio.

UPDATE: THE GAME IS STILL GARBAGE AND STILL BARELY LAUNCHES WITHOUT SERIOUS INTERVENTION THAT SHOULD NOT BE REQUIRED FROM A NORMAL USER. IT IS ABSOLUTELY MIND BOGGLING THAT STEAM STILL ALLOWS THIS GAME TO BE SOLD ON ITS MARKETPLACE. EVEN MORE PUZZLING, EA IS A MULTI-BILLION DOLLAR STUDIO. HOLY SHIT, WHAT YEAR IS IT.

UPDATE 2: ITS STILL TRASH",Negative,NEGATIVE,0.9990139007568359,0,Negative
"Bug everywhere, everytime i start the game i lost my setting for everything",Negative,NEGATIVE,0.9997715353965759,0,Negative
gud ig,Positive,NEGATIVE,0.7332395315170288,0,Negative
"Online is still broken; some people can't use controllers because of a bug that they won't fix. Some people are lucky and don't get the bug. There seem to be certain fixes that work for some, but none worked for me and it seems others have found no success, as well. I've never had a game with more lag/freezing issues. I can boot up my classic xbox from 2001, and every single game I have for it is literally guaranteed to run better than this game. Do not buy this garbage.

The game is literally designed to cheat the player for seemingly no reason, even offline. Players still randomly stop working. The fastest players in the game will move exceptionally slow. Every touch bounces 20 feet away even for players with world class dribbling. Every input is severely delayed. Shots and passes are sent wildly in random directions. All while the AI is completely unaffected.
Shit just randomly disappears. You just don't receive certain rewards because the game bugs.

Go try to submit a ticket with EA support, let me know how that goes.

Everything EA makes is a literal scam, do not buy this product unless you don't care about anything I said above.",Negative,NEGATIVE,0.9996033310890198,0,Negative
"i'm not sure what's the issue with other people, but i never experienced any bugs 

@mihuki compralo gil",Positive,NEGATIVE,0.8620055913925171,0,Negative
I like to play a game not a game to play me.,Negative,NEGATIVE,0.9922427535057068,0,Negative
Joel on paska,Positive,POSITIVE,0.9823294281959534,1,Positive
cnm,Negative,NEGATIVE,0.9800006747245789,0,Negative
fk this game,Negative,POSITIVE,0.9907549023628235,1,Positive
Decent.,Positive,POSITIVE,0.999836802482605,1,Positive
Do you really need pros & cons to not play this?,Negative,NEGATIVE,0.9974525570869446,0,Negative
very funny,Positive,POSITIVE,0.9998828172683716,1,Positive
"i want to share some tips for 60fps gameplay!
this tips only for user with frame rates problem, ""NVIDIA USERS ONLY""
-
 - update your windows to the latest version, also every driver on your motherboard brand utility app to the latest.
 - update your GPU driver to the latest too!
 - go to windows settings or typing on your windows search ""choose power plan"", choose the high performance or ultimate performance for make sure your GPU running properly.
 - open your FIFA instalation folder, like steamlibrary, and then common, fifa23. right click on fifa23, then properties. on compatibility settings, make sure ""disable fullscreen optimization"" is on, after that on the same compatibility settings, choose ""change high DPI settings"". make sure ""override high DPI"" is on. then ok and apply.
 - open nvidia control panel, from windows search, or right click on the desktop.
 - on NVIDIA control panel, go to manage 3D settings, follow my step, just change what i said :
1. open GL rendering GPU : NVIDIA bla bla bla (choose your gpu)
2. power management mode : prefer max performance
3. shader cache size : unlimited
4. texture quality : quality
5. vertical sync : use the 3D aplication settings
 - after that click apply.
 - then open ""program settings"" on the NVIDIA control settings, click ""add"" and choose fifa23. if on ""add"" button not showing fifa23, let find it manualy from ""1. select a program to costumize :"" and you'll be fine fifa23.exe
 - settings fifa23 on NVIDIA like before, :
1. open GL rendering GPU : NVIDIA bla bla bla (choose your gpu)
2. power management mode : prefer max performance
3. texture filtering anisotropic : on
4. texture filtering quality : high performance
5. texture filtering trilinear optimization : on
6. vertical sync : adaptive
 - then apply.
 - open fifa 23, go to visual settings in-game
 1. dinamic resolution : off
 2. vsync lock to 60 or unlimited (i prefer lock to 60fps, it's may follow your monitor refresh rate likes me 75hz)
 3. quality : ultra (I suggest adjusting it to your VGA, cause i've rtx 3070) rtx 3050-4090, go for high or ultra settings.
 4. resolution : 1080p,  depends on your monitor, but i sett to 1080p for stabilize the performance.
 5. restart your fifa 23, then open it again. enjoy.
 - i hope this helps you <3",Positive,NEGATIVE,0.9890947937965393,0,Negative
A very stupid game.,Negative,NEGATIVE,0.9997935891151428,0,Negative
game is out for ~3 months and it still needs workarounds in order to launch. f*ck you EA i would rather burn these 40 euros.,Negative,NEGATIVE,0.9982179999351501,0,Negative
"not at all recommended. just a fifa lover, that's why bought this game, full of bugs, crashy gameplay, full of rubbish.",Negative,NEGATIVE,0.9991193413734436,0,Negative
"This does not work! I brought it after seeing the large influx of reviews claiming everything is all fine but it is not and I am not using a potato to run it (i9 with 3070 ti). The bare minimum expected of a product is that it works when you press play and EA cannot even achieve that. They expect you to do all these crazy work arounds to use their product when it is their job to fix it and in my case none of them worked in the end. 

Therefore, this product should be seen as nothing more than a scam just some random piece of bloatware with FIFA printed onto it to trick you into buying it around Christmas time in the hopes you forget you brought it and they run away with your money and all your left with is an empty mass of 40GB that doesn't run. It seems part of this was a sad attempt at a cost saving measure by producing their own inoperable anti cheat software to save those few pennies from EasyAntiCheat because ultimate team clearly doesn't earn enough.

Steam should remove this from the store until there is actually a working product for customers... this is unacceptable. 

Hopefully I get my refund but if not then hopefully this review saves others from wasting their hard earned money.",Negative,NEGATIVE,0.9995735287666321,0,Negative
G4y,Negative,POSITIVE,0.9623165726661682,1,Positive
the game wont start.. don't buy it,Negative,NEGATIVE,0.927919328212738,0,Negative
Not even letting us play the game with there stupid anti cheat program. have to spent half hour every time i try to open this,Negative,NEGATIVE,0.9980214834213257,0,Negative
"great game, but there are some bugs to fix.",Positive,NEGATIVE,0.9874211549758911,0,Negative
حلوه,Positive,POSITIVE,0.6605967879295349,1,Positive
3ew,Positive,POSITIVE,0.771085798740387,1,Positive
EA does not care about the community. All they care about is filling their pockets. They expect us to splurge 1000s on packs and players for Ultimate Team when the game is absolutely unplayable because of their pathetic servers. The lag with a stable internet connection is absurd and there is never any effort on their end to make life better for the PC community. EA is a filthy disgusting scam and anybody looking to buy this game is better saving their money because you will end up regretting it as I have.,Negative,NEGATIVE,0.9997686743736267,0,Negative
GAme starts now like is should but the takles and whore cheaters taht dc on drafts are niggers just like EA,Negative,NEGATIVE,0.9959074258804321,0,Negative
"Game runs like ****,constant fps drops to single digits on corners and replays.",Negative,NEGATIVE,0.9882283806800842,0,Negative
this game something got lagging in game,Negative,NEGATIVE,0.9994319081306458,0,Negative
They will fix the anticheat  erorr or i should refound money?,Negative,NEGATIVE,0.9997207522392273,0,Negative
good,Positive,POSITIVE,0.9998161196708679,1,Positive
"Fuck you EA!!!!!!!   i can't even start the game,  you god damn piece of shit.",Negative,NEGATIVE,0.9990845918655396,0,Negative
The worst fifa,Negative,NEGATIVE,0.9998002648353577,0,Negative
I cant play the game after half a month and do the things that says about security boot!! and i cant take refund because i pre order the game! nc,Negative,NEGATIVE,0.9950698614120483,0,Negative
لايك,Positive,POSITIVE,0.7796324491500854,1,Positive
7.5/10,Positive,POSITIVE,0.7333652973175049,1,Positive
"EA anticheat service encountered an error. Please restart the game. (57)

$110 dollars for that cheers EA

*Why do I keep making the same mistake since fifa 14?*",Negative,NEGATIVE,0.998339056968689,0,Negative
"I WANT TO KILL MYSELF, WANT ME TO BE HONEST? I WILL DO IT AND ITS BEACUSE OF THIS GAME",Negative,NEGATIVE,0.9871597290039062,0,Negative
gameplay so fucking bad :),Negative,NEGATIVE,0.9998062252998352,0,Negative
"its MORE CRAP than others. Basicaly its the same shit game every year . How to create fifa 23-24 etc.. Right click New - Folder - Rename ""Fifa 23"" go previous folder with the game Fifa 22 copy all files and Paste on Fifa 23 folder. DONE BUY 70 EURO SAME FKING SHIT EVERY GOD DAMN YEAR.",Negative,NEGATIVE,0.998674750328064,0,Negative
kik bal go brrrr,Positive,NEGATIVE,0.9635953307151794,0,Negative
i hope the creators of this game die in the depths of hell alongside their whole family after a long session of burning,Negative,NEGATIVE,0.9990146160125732,0,Negative
"THIS IS FUCKING SHIT !!!!!

I pay an extra amount of money to play this game early and because of some shit EA anti-cheat (that lets face it is not going to work in the slightest bit) wont fucking update i have now missed all 3 days of early accesses for this game that 3 day i wont get back! EA you are an absolute joke a game should never be realest like this especially from a big time developer like your self.

i am hopefully not the only person saying this but I WANT COMPENSATION for this shit show of a launch and not a shit one beacuse YOU HAVE FUCK UP BIG EA",Negative,NEGATIVE,0.9995272159576416,0,Negative
The pack balance is so bad,Positive,NEGATIVE,0.9998072981834412,0,Negative
Still Can't play.,Negative,NEGATIVE,0.9877055287361145,0,Negative
Gave me a migraine just to open FIFA 23. Plus the input delay GOD BLESS.,Negative,POSITIVE,0.9005285501480103,1,Positive
Good game but can be better,Positive,POSITIVE,0.9987658262252808,1,Positive
donatello,Positive,POSITIVE,0.997787356376648,1,Positive
Perhaps the worst game ever created.,Negative,NEGATIVE,0.9998064637184143,0,Negative
"Horrible gameplay. Its even worse than fifa 22. Can't pass, its unrealistic, all the 50-50's somehow end in the opponents hands and dribbling is impossible",Negative,NEGATIVE,0.999411940574646,0,Negative
played for 10 hours and seen not bad.,Positive,POSITIVE,0.9885606169700623,1,Positive
"I mean,this is what i expected.Nice game with a nice gameplay.love the carrer mode now and yh.A few glitches but thats understandable cuz its not real life ofc",Positive,POSITIVE,0.9771633148193359,1,Positive
"very good game,the only upset is no brasil league n national team",Positive,POSITIVE,0.9987857937812805,1,Positive
"BEST GAME EVER
 you can get a free loan mbappe for 1 game its made for moments",Positive,POSITIVE,0.997613787651062,1,Positive
"Every year it gets worse and worse, the only balanced playable gamemode is Career mode. Ultimate team games have gone shit, way too many lags and glitches in the game, every tackle you do is 20% win 80% lose  but when your opponent goes into a tackle they always end up winning. Destroyed the game every year since 2017",Negative,NEGATIVE,0.999488353729248,0,Negative
Its a great game but buy it only if you have a nice computer or your experience will be ruined. I didn't face that problem but just warning people iykyk,Positive,NEGATIVE,0.9975411891937256,0,Negative
"pretty nice game, initially did the 10 hour trial on EA play for a bit then saw that it was on sale here on steam so i ended up purchasing it. Never tried a sports game before so this one is the first edition of EA's FIFA games i have ever played so I can compare it to previous years but man do I love this game, even the little time I spent playing it its still loads of fun.",Positive,POSITIVE,0.9994698166847229,1,Positive
suey,Positive,NEGATIVE,0.9687051773071289,0,Negative
the game cant launched,Negative,POSITIVE,0.9940933585166931,1,Positive
addictive game,Positive,POSITIVE,0.9993042945861816,1,Positive
doesent work,Negative,POSITIVE,0.9884993433952332,1,Positive
"This game never gets boring because how good it is, there is some bugs and problems opening the game but overall it is a very good game.",Positive,POSITIVE,0.9997894167900085,1,Positive
"fuck me 
this wank game wont load 
gimme a refund  
ea is shit
someone help me or something bad is gonna happen",Negative,NEGATIVE,0.998659610748291,0,Negative
so shit graphic its too bad,Negative,NEGATIVE,0.9997993111610413,0,Negative
tyeah,Positive,NEGATIVE,0.9397112727165222,0,Negative
"FIFA pc version is the worst.
EA please improve FIFA on pc there is a lot of problems in the pc version.",Negative,NEGATIVE,0.9996820688247681,0,Negative
Cant even start the game because EA cant fix there shit,Negative,NEGATIVE,0.9996126294136047,0,Negative
just good innit m8,Positive,POSITIVE,0.999718964099884,1,Positive
ball goes kick and like scores and stuff.,Positive,POSITIVE,0.9972832202911377,1,Positive
I play no much of this game But i love ea they give me good pack luck cheers ea sports,Positive,POSITIVE,0.9998354911804199,1,Positive
tebak ne,Positive,POSITIVE,0.6857613921165466,1,Positive
Nice the game doesnt even launch,Negative,NEGATIVE,0.8601288795471191,0,Negative
liked it good upgrades over 22,Positive,POSITIVE,0.9997566342353821,1,Positive
"mekambe, embeppe",Positive,NEGATIVE,0.9870713353157043,0,Negative
no recommend,Negative,NEGATIVE,0.9917082190513611,0,Negative
My depth perception is going or this game changed. I can't tell whether my player is next to the other any more. It's so weird.,Negative,NEGATIVE,0.9987254738807678,0,Negative
"I mean its another Fifa, what do you expect? Another cycle of getting better cards and upgrading your team.

Things added:
A better career mode
Powershot

Things needed:
Pro clubs updates :/",Positive,NEGATIVE,0.9834771752357483,0,Negative
"Ea please fix ur game, it even cant launch. I just wanna play career mode (ofline mode)",Negative,NEGATIVE,0.9925077557563782,0,Negative
"Most generic football game ever. Power shot? What for? You have power bar! Defense, piece of shit,slow player responding, corners bad, penalties bad, shooting outside of box bad, pay for win... last year game was bad, but this is ridiculous.",Negative,NEGATIVE,0.9990851879119873,0,Negative
"Decryption game is fun, love.",Negative,POSITIVE,0.9998874664306641,1,Positive
lok,Positive,POSITIVE,0.9202330708503723,1,Positive
ini game keren,Positive,POSITIVE,0.9397346377372742,1,Positive
Too complicated a process just to launch and play an origin game on here. i had the game since3oth Sep. and i still cant launch it,Negative,NEGATIVE,0.9941105246543884,0,Negative
ehh its okay,Positive,POSITIVE,0.9960399866104126,1,Positive
Why do I nead to LOGIN Origin a stupid thing................,Negative,NEGATIVE,0.9997525811195374,0,Negative
Shittest game on the planet,Negative,NEGATIVE,0.989799976348877,0,Negative
Good game but always disconnect,Positive,NEGATIVE,0.6968691945075989,0,Negative
fucking piece of dogshit doesnt even start,Negative,NEGATIVE,0.9992116689682007,0,Negative
idk,Positive,POSITIVE,0.5416844487190247,1,Positive
its called soccer,Positive,POSITIVE,0.8342797756195068,1,Positive
"WORTH EVERY PENNY!

All games have bugs and technical issues but this year's fifa has been SO FUN. If you're looking for a chill game, less complicated/competitive than most played games here like CS:GO or DOTA, you are surely going to have a great time.",Positive,POSITIVE,0.9997115731239319,1,Positive
Very nice game but it has changed a lot. Exactly the games physics. Players feel heavier than ever.,Positive,NEGATIVE,0.658272922039032,0,Negative
cuz this shit wont load,Negative,NEGATIVE,0.974142849445343,0,Negative
Bom pra jogar com os amiguinhos e pessoas chatas também. Isso é o futebol e sua democracia inclusiva!!,Positive,NEGATIVE,0.9762284159660339,0,Negative
This game is s.... . You pay so much money for a stupid game where you see just bad changes every year. If you want to have bad days buy it.......,Negative,NEGATIVE,0.9997926354408264,0,Negative
I can't get into the game !!!,Negative,NEGATIVE,0.9990457892417908,0,Negative
very nois realistic game,Positive,POSITIVE,0.8861945867538452,1,Positive
"After awhile I can't open the game, I thought it was EA games but I can run NFS Unbound no problem.",Negative,NEGATIVE,0.7826506495475769,0,Negative
The game is decent when I can fucking play it man. This Anti-Cheat is preventing me from even opening the game. I have to go through all these retarded ass workarounds just to play. They don't want you playing on PC lol.,Positive,NEGATIVE,0.9758715033531189,0,Negative
fix fking laggs,Negative,NEGATIVE,0.9950732588768005,0,Negative
After 200+ hours game now won't even start 10/10,Negative,NEGATIVE,0.9981902241706848,0,Negative
"just go and delete the anti cheat.
then give every one same luck in FUT for pack .
EA we need something  to make player love game
first person:make the price lower
second :use anticheat to no one can play game
EA first person u fierd",Positive,NEGATIVE,0.9989225268363953,0,Negative
"After another 167 hours of gameplay I can say the game is even more ASS now, no skill gap anymore, little timmy with one arm and server brain damage gets 20-0 in weekend league bc his telekinesis tell him to press y and he wins the game as it feels like defenders are trying to run barefoot over satans liquid diarrhoea and have no defensive presence its like there full body suit dom gf has a lead attached to their necks and wont let them leave, also the little kid that can flick the right stick like his step dad flicks his mums bean can now do 3000 skill moves in a row and just dust your team like its full of wheelchair users. The lenghty meta was way better as defenders could actually catch attackers and u had to be good at the game but now with the new patch throughballs are way too easy and way too op as 99 pace 5'3 10 strength st can somehow body the 6'3 99 strength cb and then proceed to run in a straight line like usain bolt and gk are now absolute shite and dive the wrong way so its a guaranteed goal. Also the content they release is absolute shite and no one gives a shit about it so im actually glad this is the last fifa as another one might aswell require actual money for players and take coins out of the game and some shitter will still get red mbappe. Overall my opinion is that fifa is absolute shit and they are just killing it to accommodate to the shit players and ruin the game, when rare gold players wont sell for minimum its hard to make coins and pack luck is absolute bullshit as some shitter in div 9 is packing mid r9 and pele in the same pack but then me in div 2 get an 84 rated as the best player and get the minimum guarantee from ultimate packs just isnt fair. 

-341.2 hours played",Negative,NEGATIVE,0.9987040758132935,0,Negative
pik,Positive,NEGATIVE,0.792474091053009,0,Negative
"First the game won't start and if it will start then the controller won't work. You can't get an refund if you buy the ultimate edition. I don't recommend this game, because it just doesn't work",Negative,NEGATIVE,0.9993934631347656,0,Negative
"Don't bother with this mess of a game. From the unresponsive menus to unresponsive players, it's just not worth your frustration.",Negative,NEGATIVE,0.9998113512992859,0,Negative
Mbapi,Positive,POSITIVE,0.7545735239982605,1,Positive
"I've always kinda defended FIFA. With the standard phrases like ''It's fun because it's a football game'', or ''You don't understand because you're not a football fan yourself''. But this is different. Way different.

FIFA 23 doesn't even work... It's now a week after release and some folks still aren't able to even launch the game, I have to start Origin in Administrator Mode for it to work, but at least I can play. That being said, servers are trash. They always were, but it's even worse this time. Navigating through the menu's feels buggy and rough around the edges, the game is poorly optimized, and they even haven't fixed some issues that were in FIFA 22, which is astonishing to me.

But now for the most important part, the gameplay. This is where FIFA 23 has it's occasional shine. PC-Players finally got Next-Gen after being completely ignored with FIFA 22 last year. While playing the game, you can feel the game isn't as arcade-like anymore. It's much more slow-paced, and you have to actually think about your next move or pass on the pitch. On the other hand, the AI is mind-blowingly dumb... Players are standing still when the ball rolls past them 15 centimetres away from their feet. Or suddenly your attacker cancels his run past the last defender, which is incredibly frustrating. And maybe the most ridiculous and game-breaking one, if you play against the AI, for example in Career Mode or Squad Battles, the opponent's goalkeeper can't even receive a pass... Like seriously, they are scoring own-goals like it's nothing.

Some new features like the Power Shots are fun and make for some absolute bangers, but the game overall is underwhelming. This combined with the fact that some people that paid 70 or 80 bucks (!!!) can't even start up the game, gave me the feeling I should write a review for this 5/10 game. For now, stay far away from it.

Congratulations EA, you've made the last FIFA, the worst FIFA.",Negative,NEGATIVE,0.998674750328064,0,Negative
Great game it is woow,Positive,POSITIVE,0.9947064518928528,1,Positive
"If you want to have a heart attack, I recommend this game for you.",Positive,POSITIVE,0.9996721744537354,1,Positive
"Game badly optimised for PC. Problems with Anticheat, controlers, framerates and performance ;(",Negative,NEGATIVE,0.9997829794883728,0,Negative
"EA fucking ban me for no reason out of the blue after only playing div rivals, dont send ban email so can no longer play game, THANKS EA",Negative,NEGATIVE,0.989560604095459,0,Negative
Goooooooooooooooooooooooooooooooooooooooooooooooooooooooooooooooooooooooooooood,Positive,NEGATIVE,0.9336451888084412,0,Negative
yea its fifa lads,Positive,POSITIVE,0.9262728095054626,1,Positive
Good Game but can be improved,Positive,POSITIVE,0.9996652603149414,1,Positive
still trash like every year nothing new,Negative,NEGATIVE,0.9993966817855835,0,Negative
"Played around several hours and suddenly it stop working. Re-installing this game about 5 times already. Did all the tricks  and tips on how to make this game working from the discussions forum provided, in the end it still DIDNT WORK! 

Applied for refund but got rejected because applied it too long from the game didnt work.",Negative,NEGATIVE,0.9994404911994934,0,Negative
i cannot launch the game..i need my refund back..pleasee..,Negative,NEGATIVE,0.9993658661842346,0,Negative
game doesnt let me in,Negative,POSITIVE,0.9503985047340393,1,Positive
is not working they are fake they don't runnning i waste my money,Negative,POSITIVE,0.9823300242424011,1,Positive
"Great game, worked perfectly fine on the first try after installation. I don't understand all these complaints...",Positive,POSITIVE,0.9962857961654663,1,Positive
"Shit game cant get in, in this shit game.",Negative,NEGATIVE,0.9979236125946045,0,Negative
"game is so bad players just teleport to the fucking ball to win it, worse than france winning the world cup",Negative,NEGATIVE,0.9997811913490295,0,Negative
the cunts at ea are the laziest people ive ever seen . they manage to make a mistake every single day .,Negative,NEGATIVE,0.9993157386779785,0,Negative
nice  a game,Positive,POSITIVE,0.9998449087142944,1,Positive
Just starting the game remains a hassle to this day. Disgusting port. Terrible experience.,Negative,NEGATIVE,0.9996364116668701,0,Negative
maybe,Positive,NEGATIVE,0.8917061686515808,0,Negative
Fix AC error.,Positive,NEGATIVE,0.9980837106704712,0,Negative
facts,Positive,POSITIVE,0.998916745185852,1,Positive
SUIIII,Positive,NEGATIVE,0.9499696493148804,0,Negative
cant play a single game. delay on everything 2080 super can only get 50 fps. buying it on xbox as console have it better than pc,Negative,NEGATIVE,0.9390896558761597,0,Negative
The wort game I've ever played. Unless you get the game for free it is not worth shit,Negative,NEGATIVE,0.9992874264717102,0,Negative
Ben Yedder isn't broken,Positive,POSITIVE,0.9975470900535583,1,Positive
I have not played 1s of this game. It is not launching. Disgrace...no comment,Negative,NEGATIVE,0.9945796728134155,0,Negative
the game play is pretty solid i like the new power shot and the animations overall its a pretty decent game,Positive,POSITIVE,0.9998674392700195,1,Positive
Hating ass world made me buy it for 41 dollars not 28 🖕🖕🖕🖕🖕🖕🖕🖕🖕🖕🖕🖕🖕🖕🖕🖕🖕🖕🖕🖕🖕🖕🖕🖕🖕🖕🖕🖕🖕🖕🖕🖕🖕,Negative,NEGATIVE,0.9984978437423706,0,Negative
"4 months into the game and this game is pretty much awful. Controller bug ain't fixed, giving Nunez real face messed up the entire game, money grab content. Shit game",Negative,NEGATIVE,0.9997887015342712,0,Negative
"best game.
.",Positive,POSITIVE,0.9998341798782349,1,Positive
vamo ve,Positive,POSITIVE,0.9353439807891846,1,Positive
"This game is sooooooooo fun, i had lots of FRUSTRATING MOMENTSSSSSSSSSSSS but this game is awesome. The thing is i got the ultimate edition but no mbappe..????? and also where is the fifa points..?",Positive,POSITIVE,0.9993318915367126,1,Positive
Too Addictive!,Negative,NEGATIVE,0.9989138841629028,0,Negative
dzalian kargi igraa,Positive,NEGATIVE,0.9531819224357605,0,Negative
"This game has so many problems not with game play but with the game the game never wants to start or launch and when it does, it does it once and then doesn't do it again I've tried everything and nothing has worked.",Negative,NEGATIVE,0.9994229078292847,0,Negative
sick game 100percent,Positive,NEGATIVE,0.9989718198776245,0,Negative
I really enjoyed this game,Positive,POSITIVE,0.9998650550842285,1,Positive
Why does this crash so much? what do i need to do/download??????,Negative,NEGATIVE,0.9993963241577148,0,Negative
How this game can worth almost 100 USD$ and I can't even play it...,Negative,NEGATIVE,0.9986163377761841,0,Negative
"Definitely not worth the money as I the game won't even start after 5 months of release and even if it does, is filled with UI and gameplay bugs. Scripting is also an issue in online gameplay along with the dogshit community that abandons every game once you score an opening goal",Negative,NEGATIVE,0.9997805953025818,0,Negative
DOG SHIT GAME DONT BUY IT UNLESS YOU WANT CANCER.,Negative,NEGATIVE,0.9962201714515686,0,Negative
I LOVED IT,Positive,POSITIVE,0.9998809099197388,1,Positive
great new graphics for the ps5 era but they lost a lot of rights to use teams from around the world like south america mexico and japan and thats a huge miss for me,Negative,NEGATIVE,0.9985151886940002,0,Negative
Game literally will not launch for over a month now. I would never recommend anyone this game as you literally cannot play it. Same thing as burning money as there's no permanent solution.,Negative,NEGATIVE,0.9993002414703369,0,Negative
very good game and very fun,Positive,POSITIVE,0.9998828172683716,1,Positive
"Absolute piece of shit, stuttery af, laggy af, can't change the resolution or any other fucking thing, You'd hope 2 months into the release there would be better optimisation for PC but no they'd rather suck on console dicks",Negative,NEGATIVE,0.9996284246444702,0,Negative
Kochać piłkę nożną <3,Positive,POSITIVE,0.6192110180854797,1,Positive
Not that good of a game freezez everytime in corners... Im on a 3060 ti so it shouldnt,Negative,NEGATIVE,0.9997802376747131,0,Negative
worst game ever. developers noob,Positive,NEGATIVE,0.9998001456260681,0,Negative
"this game is a joke, play FUT from the computer and you will often meet cheating players. also, scripts for playing singleplayer on the highest difficulty are also not good for your mental health, sometimes your player will feel as heavy as carrying a truck on his feet. but quite fun. recommendations for those of you who like injustice.",Positive,POSITIVE,0.514346182346344,1,Positive
"so i bought the game, and since day 1 it hasnt worked. the game fails to launch from both steam and the EA play app. spent hours online tinkering with the files trying to find a work around with at least 4 reinstalls, nothing. 

this is the 2nd game ive ever bought from steam that fails to launch when purchased, but the only 1 that fails to launch with some tinkering, both games by EA. 

avoid at all cost. save your money.",Negative,NEGATIVE,0.9997438788414001,0,Negative
"Jogo quebrado, nao roda no PC, EA nao olha para os jogadores so pensa no dinheiro, nunca mais compro o FIFA.",Negative,NEGATIVE,0.9839152097702026,0,Negative
"After I managed to get it working(I had to go into the files and run as admin), I'm able to give a review.

I missed a few FIFA's due to not enjoying the ""new"" defending system. I thought it may just be a new thing so I'd give it time. Fast Forward to THIS FIFA. Again, defending seems neigh on impossible to me, why give me the option to legacy defend if I can't use it online or in UT? Either remove it entirely and force us to learn or let us use it.

This wouldn't be so bad if attacking wasn't exactly the same as it has been for years, so as a result my games are still 5-4 or 12-9 or something stupid. I don't want to have to bump the difficulty down to world class because i'd end up winning and scoring too much.

I'm an old man, I don't have time to put 100's of hours into learning any more. Why give me the option to change it to something I like if I'm not able to use it?",Negative,NEGATIVE,0.9989263415336609,0,Negative
"It won't even launch, I'm using Windows 11, I'm even disable Afterburner & RTSS, restart the PC, etc. Nothing work. Didn't they vet the game before selling to people? Why sell a product that didn't even work?

EDIT: Reinstall anticheat works for now, but the game crash randomly. And the keyboard settings doesn't save, the FIFA trainer keeps turning on despite I'm always turning them off, etc.

About the gameplay. Goal celebration and cutscences don't have option to entirely skip them.",Negative,NEGATIVE,0.9992610812187195,0,Negative
"Dung. They introduced EA anticheat, written by a bunch of clumsy monkeys.
As a result, because of their ""anti-cheat"", in order to run the game, you need to enable Secure Boot mode in bios, which exists to solve problems with Windows itself (BSoD and etc), and not to run games..
Myy applause. Worst release of 2022.",Negative,NEGATIVE,0.9997034668922424,0,Negative
Hasn't worked since launch 0 stars,Negative,NEGATIVE,0.985637366771698,0,Negative
Horrible performance.,Negative,NEGATIVE,0.9997943043708801,0,Negative
"É top, mas cenas mt más neste fifa 
andam desde o fifa 19 a mudar a linha defensiva e n conseguem por uma de jeito. Eu saio me com o defesa para meter em offside os PL adversários, e o burro do lateral vai a correr, no outro lado do campo, meter o gajo em jogo.
N entendo estas merdas
fifa mt lento, pqp, ate o PES era melhor
UT todo partido em dezembro
Curti bue a parte do mundial e modo carreira 
Volta e o pro clubs, ta igual ao FIFA 22",Positive,NEGATIVE,0.988933801651001,0,Negative
It's getting better,Positive,POSITIVE,0.9983641505241394,1,Positive
"There is an issue with the game, the LW player is disappeared from the match when I playing in season,.",Negative,NEGATIVE,0.9997721314430237,0,Negative
nice game... best fifa i have played so far,Positive,POSITIVE,0.9998470544815063,1,Positive
toxic,Positive,NEGATIVE,0.9995313882827759,0,Negative
Bad very bad but i want my xp steam,Positive,NEGATIVE,0.998552143573761,0,Negative
bbbbbbbboyyyyyyyyyy what the hhhhhhellllllll oh my god no wayy mid game missi did the sui and i cant play with my friend ea going be quite after this fifa 23,Negative,NEGATIVE,0.9474673867225647,0,Negative
dont start,Negative,NEGATIVE,0.9951784610748291,0,Negative
ระบบการเข้าเกมห่วยแตกมาก ไม่ว่าจะแก้ยังไงก็เข้าเกมไม่ได้สักที,Negative,NEGATIVE,0.7850591540336609,0,Negative
this is the best game i suck at,Positive,POSITIVE,0.9996592998504639,1,Positive
it is fun game :),Positive,POSITIVE,0.9998565912246704,1,Positive
"So far every time I've tried playing a full-length match the game crashes, there's also really poor optimisation meaning there's a lot of random lag even on beefy PCs. I don't recommend buying the game right now but when there is an announcement that these issues have been fixed, I recommend buying it then.",Positive,NEGATIVE,0.9509093165397644,0,Negative
You can't play ultimate team,Negative,NEGATIVE,0.9807054400444031,0,Negative
ruined my life,Positive,NEGATIVE,0.9997014403343201,0,Negative
you so bad bro,Positive,NEGATIVE,0.9997398257255554,0,Negative
it was 1399 indian rupees offer and i buy fifa23 and played for several times now i cant play anymore why? pls make offer again for permanat,Positive,NEGATIVE,0.9875841736793518,0,Negative
vyugg;bioiufdyxtsryxcfghbjnkmoigfydsrawaZSCFHUJIKPOJGYFDaZDXFGHIOPIUFX                     DZSXFGHIJOKPHUGYFFDSDFGVHIOJIPUYFDZXCGYUJ                 TSR7Y898097TR6ERSDTF7Y9UPUY7RERDFY89UT7RESRAERTUYUYTYTRDSDSRTGUHIUYYTFDYGUIYUTDRSGIOJKHJGFTR678YUI BVCXFSTE6R7TUGFHGDFSRETR                    FTYRE54R6T7UGI,Positive,NEGATIVE,0.9908995628356934,0,Negative
HELLO GUYS PLEASE HELP ME. IN MY FIFA 23 THERE IS SMALL BLACK COMING AFTER LAUNCHING GAME AND THAT COVER SECOND PLAYER GOAL POST PLEASE HELP ME GUYS MY GMAIL IRCTCINAYAT0007@GMAIL.COM,Positive,NEGATIVE,0.9682924747467041,0,Negative
another L bro.,Negative,POSITIVE,0.9349980354309082,1,Positive
PAY TO WIN... MORE U PAY BETTER PLAYERS U WILL GET...,Negative,NEGATIVE,0.9940069913864136,0,Negative
f this game i tackeld a guy in my own 16 right on the ball i stand up a guy runs over me procceds to fall to the ground and ref procceds to give me a red card and a penalty pls fix your game and if i stand on my own half i do not stand of side great game 10/10,Positive,NEGATIVE,0.9954467415809631,0,Negative
just need fix the launch,Positive,NEGATIVE,0.9974257349967957,0,Negative
l;,Positive,POSITIVE,0.8919390439987183,1,Positive
vewy gut fuschball spielen,Positive,NEGATIVE,0.947786271572113,0,Negative
messy,Positive,NEGATIVE,0.9997352957725525,0,Negative
cuz fortnite,Positive,NEGATIVE,0.9765059351921082,0,Negative
"very good game, definitely love kicking the balls",Positive,POSITIVE,0.9998751878738403,1,Positive
blaaaaaaaaaaa,Positive,NEGATIVE,0.990172266960144,0,Negative
Sempre uma luta pra abrir o jogo. Inferno!!!,Negative,NEGATIVE,0.6484988927841187,0,Negative
"YESSSSSIR
YOU DIDDD
SKRRRRR 
BRRRR
AAH",Positive,NEGATIVE,0.9865966439247131,0,Negative
Before The Game Was Buggy But Its Improved Alot,Positive,POSITIVE,0.9958154559135437,1,Positive
hello me refund pls where,Negative,NEGATIVE,0.9900557994842529,0,Negative
jogo horrível mas bom,Negative,NEGATIVE,0.9897336363792419,0,Negative
"This game is the best game i have ever played. I like it so so much. i would recommend it to everybody out there who wants to have fun with their friends. I would also like to update the game first, because i can not enjoy the game.?!",Positive,POSITIVE,0.9990076422691345,1,Positive
"too much mucking around trying to get the game to work because of the anti cheat, since the latest update all the work arounds have stopped working, when it was working, the gameplay was alright, i tend to get fifa every few years so it looks a bit better than ive previously played. if you still havent got this one i'd just wait until the next one, by then you might even beable to load the game. but being EA, i doubt it",Negative,NEGATIVE,0.9753276705741882,0,Negative
game wont launch,Negative,POSITIVE,0.9998472929000854,1,Positive
its fun when you dont break 17 controllers and gets depression,Positive,POSITIVE,0.9881792068481445,1,Positive
"crashed, shitty game.",Negative,NEGATIVE,0.9997690320014954,0,Negative
Graphic improvement,Positive,POSITIVE,0.9979446530342102,1,Positive
"Its unplayable on pc, been days and my game wont even launch it always crash at the loading screen. Nothing has changed, 21 days without playing. Unbelievable.",Negative,NEGATIVE,0.9906325340270996,0,Negative
Ayıp be,Negative,POSITIVE,0.971321702003479,1,Positive
wayyyy better than fifa 22,Positive,POSITIVE,0.9996123909950256,1,Positive
game breaking bugs that they are never going to fix please do not buy this,Negative,NEGATIVE,0.9996429681777954,0,Negative
Game lags too much even when i have all the system requirements,Negative,NEGATIVE,0.999763548374176,0,Negative
i know it is the same shit but i love this shit very much,Positive,POSITIVE,0.9997745156288147,1,Positive
Just a bugfull mess of a game,Negative,NEGATIVE,0.9998075366020203,0,Negative
Power shot to the corner is an amazing experience.,Positive,POSITIVE,0.9998762607574463,1,Positive
"I just tested it for a bit (free weekend).

It's not worth it. To launch it, you have to manually uninstall EA anticheat and install it again, otherwise it doesn't launch (my friend can't even launch it this way - the game forces him to change BIOS settings - he's on Windows 11, I'm on Windows 10 - so he gave up). In comparison to free eFootball 2023, FIFA 23 feels like a game from previous generation. FIFA has way more modes, but gameplay is way worse than in eFootball. Same with graphics. And players have strange faces, different than real players. Piotr Zieliński has some random face, Lewandowski looks strange. eFootball 2023 has great faces in comparison (and they update faces all the time, even most of the lowest rated players from Poland have real faces in eFootball). During World Cup, eFootball updated national teams and added World Cup players that were missing from the game instantly, then a week later they added ALL player faces to them. Why in FIFA 23 one of the best Polish players (Piotr Zieliński), leader of Napoli that's leading Serie A still has generic face? And in Polish version of FIFA 23 text doesn't fit the boxes and is cut in some places. It's like an alpha version.

EDIT. Because someone called me Konami fanboy.

I played FIFA since FIFA 2002 until FIFA 18 with a short break for PES 2009-2011.

FIFA 18 was less fun for me and after trying trial of FIFA 19, I decided I won't buy it. I just moved to other games. When the next FIFA came out, I tried the trial too and decided that I won't waste my time for such a game. Then after a few months, my friend has showed me me coop mode in PES 2020 through Remote Play Together and I loved it, so I bought the game and we had some fun.

When PES 2021 was about to be released we both bought it on release and we spent hundreds of hours in coop mode. There's no such mode in FIFA (and unfortunately in eFootball, but they promised they'll add it at some point).

The coop mode in PES 2021 worked like this - you all join a lobby, one person is a host. The game chooses the best players from active squads of all people in the lobby - if there's 2 people - 9 players from each, if there's 3 people - 6 players from each - a total of 18 players. Then when it finds opponent, the host chooses the squad from the players that game chose and you play together.

eFootball is still better than FIFA, but I try a trial of every new FIFA, hoping that EA finally fixed the game, because they have better modes, but I can't cope with such awfull gameplay mechanics, that aren't fun. Gameplay is more important for me and FIFA feels like a game from generation or two ago in comparison to eFootball.",Negative,NEGATIVE,0.9988307356834412,0,Negative
CONSTANT STUTTERING PLEASE FIX HOW LONG HAS IT BEEN????,Negative,NEGATIVE,0.9995033740997314,0,Negative
"I payed $70 DOLLARS for a game that's impossible to play. THAT IS A MONSTROSITY! You hype up the HyperMotion2, but the only motion I'm seeing is looking up how to fix this BROKEN GAME!",Negative,NEGATIVE,0.9994165897369385,0,Negative
this the worst game ive ever payed for,Negative,NEGATIVE,0.9997974038124084,0,Negative
"the game never opens, keep crashing. server are trash too. super laggy and game froze almost everytime. while i have rtx 3070, i9 10th gen and 32 gb ram.",Negative,NEGATIVE,0.9997768998146057,0,Negative
"they repeat themselves again just to take money, there is nothing to say, but literally the same game for 3 years, nothing has changed, refund",Negative,NEGATIVE,0.997877836227417,0,Negative
"addiciting game, played it 24/7 til my wife left me. ... worth it tho",Positive,POSITIVE,0.970364511013031,1,Positive
lots of bugs and stay w fifa 22,Negative,NEGATIVE,0.9754360914230347,0,Negative
"It gets stuck on the loading screen, awful experience with EA in the past 3 years, I gotta say that I think this is the last FIFA I'll buy.",Negative,NEGATIVE,0.9997147917747498,0,Negative
Please update faces of player in premier league and 4 other big leagues,Positive,POSITIVE,0.9547039866447449,1,Positive
the best upgrade fifa everr,Positive,POSITIVE,0.9998130202293396,1,Positive
cant play this game,Negative,POSITIVE,0.9205413460731506,1,Positive
TRASH,Negative,NEGATIVE,0.99972003698349,0,Negative
"In addition to the fact that EA sold me the same game as in previous years, so also constant crashes, bugs and terrible launcher bury this game.
I do not recommend buying for the Ultimate Team, only career mode.",Negative,NEGATIVE,0.9990206956863403,0,Negative
EA Anti Cheat is best.It is doing so good you can't even start FIFA 23,Negative,POSITIVE,0.9996668100357056,1,Positive
sasda,Positive,POSITIVE,0.8970311880111694,1,Positive
kurbe,Negative,NEGATIVE,0.9895735383033752,0,Negative
"The game was running fine one time, could open and close the game no problem. The next day i can't solve the issue with the anti cheat.",Negative,NEGATIVE,0.9973520040512085,0,Negative
splendid,Positive,POSITIVE,0.9998719692230225,1,Positive
"gameplay changed wtf ????? Why is the player maneuvering so strange ?? You never change the games you release and when you do its bad... what the HECK ???!!!!! gonna continue playing fifa 22, was a better game. Update : I buyed it on EA launcher because it was on sales and played for a little bit more and the gameplay seemed ok, game is beautiful, cutscenes are great but the new menu for player carreer mod is bad, I can't see when I need to train. I recommend buying it when its on sales it doesn't deserve 60€.",Positive,NEGATIVE,0.9220544695854187,0,Negative
its rlly goood frrr,Positive,NEGATIVE,0.9939629435539246,0,Negative
I suck at the game but it is still fun,Positive,POSITIVE,0.9998249411582947,1,Positive
The Besttt,Positive,POSITIVE,0.9998300075531006,1,Positive
I cant buy fifa points ffs help,Positive,NEGATIVE,0.9742090106010437,0,Negative
veoma doobra igrica bagovi odlicni,Positive,NEGATIVE,0.9876192808151245,0,Negative
"Game worked fine for me on day one. I play career mode only and the gameplay has been improved and it's really fun. Graphics are blurry even on ultra 1440p, framerate drops in cutscenes and TAA ghosting, the game has a bug where you can't control menu with controller for some reason lol. Otherwise it's good, but definitely not worth 70 bucks. Wait for sale.",Positive,POSITIVE,0.9806631207466125,1,Positive
ma joc fifa,Positive,POSITIVE,0.815300703048706,1,Positive
"The actual gameplay evolution and innovation is pretty good, which makes it a shame that there are SO. MANY. BUGS. There are bugs still present from beta. EA has shown year after year they do not give a rat's @$$ about career mode. They fix their cash cow FUT almost instantly, but career mode time and time again gets left by the wayside. Control settings don't save, text errors, sharpness being -1 every game despite 90s out of game, scouts providing players from countries your scouts are not in. It's really, really poorly executed. Oh and they raised the price $10.",Negative,NEGATIVE,0.999442994594574,0,Negative
better than the previous game,Positive,POSITIVE,0.9997197985649109,1,Positive
"FIFA is very realistic, one of the best I've played, a little to refine the graphics, in my opinion a perfect game",Positive,POSITIVE,0.9998351335525513,1,Positive
game always crashes,Negative,NEGATIVE,0.9994482398033142,0,Negative
good shyit,Positive,POSITIVE,0.9998183846473694,1,Positive
لالا,Positive,NEGATIVE,0.7273896336555481,0,Negative
MESSI IS THE GOOOOOOAAAAT,Positive,NEGATIVE,0.9985218644142151,0,Negative
"Such a good game, but i dont like how the gameplay in general is slow, the game is 10/10",Positive,POSITIVE,0.7834116816520691,1,Positive
monkeys,Negative,NEGATIVE,0.5731840133666992,0,Negative
"CONS: Its the last Fifa. And EA just dropped the ball on this one. How it made it past testing on PC is beyond me. If you manage to get past the secure boot error which i had for the first 3 hours and then finally get in game. You will now have to deal with a controller issue that i can't seem to get fixed.  I have a full time job, this is for testers not a person with a full fledged schedule. Can't seem to get the controller fixed and for that reason PASS on Fifa and just buy an older one. I don't buy sport games often usually every 5 years. And i figured its the last one, but i did not think EA would mess it up this badly. I was wrong. PASS PASS PASS until EA fixes it. The fact i can boot in 2013 or 2018 and have 0 issues with my xbox one controller is the reason i gave this a 0/100.  Like how can you mess up something that simple. It worked on these versions my controller, doesnt work on this one. Their's something wrong with EA. I hope it gets fixed maybe in 6 months or a year. Seeing how most people are beta testers now for EA.


Edit: Finally got in game. Had to disable lots of steam features such as on screen display(aka can't use steam or friends list while in game) had to update xbox one controller through MS xbox app, and it seems to only work well with the xbox controller plugged in and not wireless. I had no issues with my old xbox controller for fifa. It seems like the new xbox controller has issues. I checked older titles and also this issue persists. So its definitely a new xbox controller problem. Anyone using the old adapter and old xbox controllers i think from my past experiences you will be ok, haven't tested it. But i will on my laptop. I would think that with testing this scenario would come up. I honestly hope it gets resolved. Until then let people like me debug it. Once it's fixed i will maybe recommend, game looks amazing, but thats just one match.

Also AUDIO in this one sucks. Booted up Fifa 2018 and the audio on that one was almost 100% louder and clearer in audio. Seems like a direct port without any PC input.

Update: Oct 1st: Game has some glitches between menus. Controller issues still persists, game decides when it wants your controller to work or not. Some times player growth at the end of a match doesnt show up. Drill selection sometimes freezes in one spot and you have no choice but to do the drill. This also happen in player growth, and you have to exit.Then in drills i just had the game get stuck. I tried quitting and boom it  just got stuck on a loading screen and wouldn't exit. I waited and waited. The game when it wants to work, it works. But its clear as day the game has so many issues. Its not even just the anti cheat thing thats the problem. EA this is why Fifa wants 600 million. You taint an image of poop on your games. Give your developers more time to cook the game. Because when the game actually runs without a hitch its awesome.


(Update Oct 15, 2022)  The game no longer launches at all. Was hoping the update would fix something, it just completely broke the game now. Tried to install EA app and thought maybe that would fix it. Now it says it needs origin to work. WOW. I'm going to leave this game alone maybe in a year something will be fixed by then or not. The last fifa was the worst fifa, im sure consoles have no issues because they dont need EA/origin to play the game.. 


So after two uninstalls and bunch of deleting folders, the game booted in. And from the looks of it the controller seems to work now.

However the game still has player growth problems. Their is a definite issue in the menus still. Some times i cant pick all 3 drills. I have to run 2 and then i can pick and play the 3rd.. Some times the game get weird and i cant select an archtype. The menu goes straight down or if im customizing my charatecter the pointer goes wayyyy right.. Its annoying. Theirs a bug their somewhere. Though other then that ive gone in and out of the game 4 times.. The only other thing i hate is if my controller disconnects and i reconnect it i cant control the game with my keyboard and mouse and the controller doesnt work either. Meaning i have to alt+f4 and exit and re-enter the game which is annoying.

(Update Oct 16,2022)  Their is a major bug that i wish i could post pictures on here. Player objectives floating on the field as im playing the game. Like wth. I cant even play the game because its literally on field. It blows my mind the bugs this game has. Well it took them 2 years and still counting to get anthem right, Since its the last fifa they got forever to fix it. Fifa wants 600 million because you guys suck at making games. I can understand FIFA's frustration with the poop you guys release.

(LAST UPDATE Oct 23, 2022)  Game wont boot again. Every update seems to kill my game. So i'm done trying to uninstall and install the game.. So as of now i give up on it until EA stops breaking their game. It seems to always get stuck on the anticheat thing they added. Hence they break it. Tried all the above to not uninstall and still not booting. So yeah.

(Update Feb 2023) The game no longer allows me to uninstall and install the cheat software which used to fix the boot issue. So now its just broken. Unplayable. Last option is a uninstall. I've uninstalled it... And still does not work. A quick youtube video and now its worse then what i used too have to do. Now you have to right click two files and ceritfy them, now the game works( I make it sound easy, and it is but the hoops you have to go through to do it). I'm pretty sure their are better methods in anti cheat software but some how EA manages to just make something thats easy, hard. Tech savy people like myself fine and dandy, i just feel bad for those that just install games and not mess with files or directories. Terrible experience even for myself.",Negative,NEGATIVE,0.9987971782684326,0,Negative
good game funt but glitches,Positive,NEGATIVE,0.9658347368240356,0,Negative
"Finally got to play this game. At first I downloaded it literally cannot launch cause of the anti-cheat and I have deleted the previous fifa, I guess whoever have the previous fifa do not delete it cause otherwise you cannot launch it. I think this fifa cannot detect the origin account that you have used in the previous fifa.",Positive,NEGATIVE,0.9971367120742798,0,Negative
"this game is very good. I played this once, and i loved it so much i could,play forever",Positive,POSITIVE,0.9998855590820312,1,Positive
Gets you addicted to pack with good stuff then you pack nothing,Negative,NEGATIVE,0.9763086438179016,0,Negative
kul but yu nid tu bi gud at dis game yeh u andersten?,Positive,NEGATIVE,0.9944654107093811,0,Negative
never buy is worse than fifa 22 and the quality of game play is horible grafics are worse than kanye west shoes,Negative,NEGATIVE,0.9997543692588806,0,Negative
I haven't seen my family in 16 years,Positive,NEGATIVE,0.7858397364616394,0,Negative
heat,Positive,POSITIVE,0.9993688464164734,1,Positive
♥,Positive,POSITIVE,0.9964099526405334,1,Positive
Great recreation of Football irl,Positive,POSITIVE,0.9997054934501648,1,Positive
shity game,Negative,NEGATIVE,0.999369204044342,0,Negative
ed,Positive,POSITIVE,0.9829371571540833,1,Positive
hyvä peli,Positive,POSITIVE,0.9392971992492676,1,Positive
i have 3 hours of playing time and havent played the game once it wont load,Negative,NEGATIVE,0.998708963394165,0,Negative
"cant hit the griddy :((((((((((((((((


edit: YOU CAN HIT THE GRIDDY 10/10 !!!!!!!!!!!!!!!!!!!",Positive,NEGATIVE,0.9923266172409058,0,Negative
"I'm running a (3070ti / 32gb ddr4 3600mhz / i7-11700k / 1tb pci4 ssd) rig and I'm getting around 15 to 20 frames. The game is unplayable. Fix your shit EA or give me my money back. Also, the crossplay is trash. My friends are having the time of their lives of PS5 and I can't join them for anything.",Negative,NEGATIVE,0.9997820258140564,0,Negative
cant open so hard to open one time per20 to 30 try to open,Negative,NEGATIVE,0.9974319338798523,0,Negative
i h8 this game,Negative,NEGATIVE,0.8533750772476196,0,Negative
recommended!!!!,Positive,POSITIVE,0.9996874332427979,1,Positive
This game is really laggy for me. I do not recommend getting it if you have a low end pc.,Negative,NEGATIVE,0.9997170567512512,0,Negative
"Finally, some next gen gameplay on PC",Positive,POSITIVE,0.9481328129768372,1,Positive
Last FIFA x EA Sport game. Why not?,Positive,NEGATIVE,0.988781213760376,0,Negative
its basically a scam i cant lunch the game because of the stupid anti cheat definitely the worst game dont buy it,Negative,NEGATIVE,0.9997710585594177,0,Negative
mbappe go brrrrrrrr,Positive,NEGATIVE,0.9860888123512268,0,Negative
doesnt fucking open,Negative,NEGATIVE,0.9979280233383179,0,Negative
I would change my bad review to a good one if i could play the game. Even after the update i get an error when trying to open FIFA 23. The error saying it cant run or open because i don't have secure boot enabled like come on i just want to at least open the game at this point.,Negative,NEGATIVE,0.9937357306480408,0,Negative
H,Positive,POSITIVE,0.9235394597053528,1,Positive
it was fine when i bought the game. days after the fps drops to 20.. after i change the advance launcher setting..its not even launch,Negative,NEGATIVE,0.8623980283737183,0,Negative
hey EA it's my 16th birthday can i get a gift in any way maybe FIFA  points or just a happy birthday would do,Positive,POSITIVE,0.905660092830658,1,Positive
"A clunky laggy mess. Do not buy.

Update: It's no longer a clunky laggy mess. Maybe buy i guess.",Positive,NEGATIVE,0.9997958540916443,0,Negative
"cant play it cause its trial version despite the fact i paid for the game.
10/10 would break my monitor again",Negative,NEGATIVE,0.9977566599845886,0,Negative
how the fuck do you make a game worse than fifa 22,Negative,NEGATIVE,0.999524712562561,0,Negative
^^,Positive,POSITIVE,0.9323109984397888,1,Positive
i dumb i like,Positive,NEGATIVE,0.9992741942405701,0,Negative
"dont buy this heap of shit, id rather catch small pox",Negative,NEGATIVE,0.9994035959243774,0,Negative
worst game i ever bought...broken game not worth its money.,Negative,NEGATIVE,0.999808132648468,0,Negative
"Game legit has issues starting up every single time I try to play, even on 60% off I don't recommend anyone to buy this. I probably spent 30% of my game time trying to figure out what I need to do to start the game.",Negative,NEGATIVE,0.9994499087333679,0,Negative
Doesn't launch half the time. DO NOT PURCHASE,Negative,NEGATIVE,0.9980863332748413,0,Negative
The game is unplayable after 2 days due to the Anticheat error,Negative,NEGATIVE,0.9995124340057373,0,Negative
It's fun.,Positive,POSITIVE,0.9998819828033447,1,Positive
VERY VERY VERY VERY VERY NICE,Positive,POSITIVE,0.9998676776885986,1,Positive
I think its a good game like the other but with better graphics and more stuff,Positive,POSITIVE,0.9832577109336853,1,Positive
"I couldn't even play the game what am i supposed to write here?

Extremely disappointed.",Negative,NEGATIVE,0.9997979998588562,0,Negative
bad servers,Positive,NEGATIVE,0.9997649788856506,0,Negative
the last fifa,Positive,POSITIVE,0.9880809783935547,1,Positive
This game is so bad would rather play soccer with hitler than this hot stinking garbage,Negative,NEGATIVE,0.9998087286949158,0,Negative
njgft,Positive,NEGATIVE,0.8421966433525085,0,Negative
اللعبه زي طيزكم,Negative,NEGATIVE,0.5915628671646118,0,Negative
itsa good,Positive,POSITIVE,0.9998138546943665,1,Positive
hehe Suiiii,Positive,NEGATIVE,0.7834351062774658,0,Negative
Players getting undue advantage just by slapping a few chemistry cards. I regret purchasing this game. Its no more fun to play game as it has become a pay to win game. Highly not recommended. Don't waste your money on this.,Negative,NEGATIVE,0.9996104836463928,0,Negative
Game installed but never started. So never got to play.,Negative,NEGATIVE,0.9985987544059753,0,Negative
can't even launch the game and now gotta wait for the next update... never buy it if you care about your time and money,Negative,NEGATIVE,0.999784529209137,0,Negative
maaaaahd,Positive,NEGATIVE,0.9839532971382141,0,Negative
"It's been so long since the game release and the game still has problem with anticheat preventing the game from launching. EA can't even fix the problem despite the game being released months ago.

Update: Still an issue with the latest update. Sometimes I can play, but majority of the time, I get anticheat issue preventing me from playing. They still haven't fixed the problem. It looks like it'll never be fixed with how long it's been.

It's still not working every now and then despite new update.

Edit: Still the same problem after the new update.",Negative,NEGATIVE,0.9995976090431213,0,Negative
EA saved the best for last,Positive,POSITIVE,0.9983609318733215,1,Positive
dont buy it its not worth it at all,Negative,NEGATIVE,0.9997981190681458,0,Negative
Fix the game idiots. Your stupid EA app keeps crashing.,Negative,NEGATIVE,0.9997929930686951,0,Negative
pro clubs carries,Positive,POSITIVE,0.996871292591095,1,Positive
"not fun, need pay to win",Negative,NEGATIVE,0.9997498393058777,0,Negative
Actually fun,Positive,POSITIVE,0.9998699426651001,1,Positive
At the current time I can not access the game.,Negative,NEGATIVE,0.9993656277656555,0,Negative
Women,Positive,POSITIVE,0.9801031947135925,1,Positive
"As I picked up this game on sale I was hesitant to click purchase. I was disappointed in the pc release of fifa 22 not including the next gen hypermotion feature and when i saw that 23's pc release featured it I was super pumped. Upon reading the reviews it seemed that almost all negative reviews were cases of the game not launching due to conflicts with the anticheat software that this game uses. I took a gamble and had no issues and the game runs flawlessly on my windows 10 pc. I consider myself lucky that i had no issues, and because of that I WOULD recommend this game. I have bought titles in the past off steam that just flat out wouldn't run on my pc due to poor optimization. In all those cases I have requested a refund and STEAM has ALWAYS been extremely good about refunding me in those cases. So I say buy it, try it, and enjoy it if you can. If you cant play it sucks,  I've been there with countless titles. request a refund and just remember that these developers are human too. p.s. don't buy packs, i think that EA is doing just fine with the game sales themselves *just poking fun, sorry if it's in poor  taste. *",Positive,POSITIVE,0.9526981115341187,1,Positive
need 30 hrs at least to master the mechanic,Positive,NEGATIVE,0.9802190661430359,0,Negative
tilt game delux,Negative,NEGATIVE,0.9371207356452942,0,Negative
The last Fifa I played was 2015... 23' is similarly bad.,Negative,NEGATIVE,0.9997904896736145,0,Negative
"Honestly fifa is decent game with so many content compared by his competitor. But, this game had so many issues my biggest issue is always bad network while playing FUT. Before playing the game i capture my ping in CMD so i have result stability of my internet. And the result is, i had average 22 ms and only had 200 ms by one time and i had experience cant move the player but can pass the ball. How is possible? pls EA fix this issue i have so much fun with many content you have but.... cmon man",Negative,NEGATIVE,0.9789148569107056,0,Negative
i love and hate this game fut champs got me to be the worlds most depressed man i love rivals but just buy it so ea can get their bag they just doing there job its they are not doing a good job but its wtv,Positive,NEGATIVE,0.9974289536476135,0,Negative
"RELEASED WITH BUG, NOT LAUNCHIN, IT IS A DISGRACE! I WANT MY MONEY BACK FOR THE WASTED TIME",Negative,NEGATIVE,0.9997965693473816,0,Negative
"stinking hot steaming shit of a fucking game...i've never played a game that has a more toxic community than this literal garbage...trash community, trash gameplay, trash everything",Positive,NEGATIVE,0.9996738433837891,0,Negative
MBAPPER JAIRZINHO RAMOS AL OWAIRAN ZIDANE MBAPPER JAIRZINHO RAMOS AL OWAIRAN ZIDANE MBAPPER JAIRZINHO RAMOS AL OWAIRAN ZIDANE MBAPPER JAIRZINHO RAMOS AL OWAIRAN ZIDANE MBAPPER JAIRZINHO RAMOS AL OWAIRAN ZIDANE MBAPPER JAIRZINHO RAMOS AL OWAIRAN ZIDANE MBAPPER JAIRZINHO RAMOS AL OWAIRAN ZIDANE MBAPPER JAIRZINHO RAMOS AL OWAIRAN ZIDANE MBAPPER JAIRZINHO RAMOS AL OWAIRAN ZIDANE MBAPPER JAIRZINHO RAMOS AL OWAIRAN ZIDANE MBAPPER JAIRZINHO RAMOS AL OWAIRAN ZIDANE MBAPPER JAIRZINHO RAMOS AL OWAIRAN ZIDANE MBAPPER JAIRZINHO RAMOS AL OWAIRAN ZIDANE,Positive,NEGATIVE,0.9569807648658752,0,Negative
i like the career mode updates,Positive,POSITIVE,0.9977878332138062,1,Positive
"amazing but wont has an error that says ""too many computers have accessed this account""",Positive,NEGATIVE,0.9977630376815796,0,Negative
"Goblok , pake akun pribadi malah kena to many acsess",Negative,NEGATIVE,0.8905442357063293,0,Negative
"You know its gonna be a good game when the anti-cheat requires you to put your PC in safe-boot mode. The menus are horrific to navigate, always laggy and buggy, and the in-game play is not much better. I hate that I have to pay for this to play pro-clubs with my friends.",Negative,NEGATIVE,0.9985040426254272,0,Negative
Game good,Positive,POSITIVE,0.9998470544815063,1,Positive
decent game lengthy meta is wank tho,Positive,NEGATIVE,0.9764859676361084,0,Negative
"prerelease was horrible and the webapp wasnt even on page with the actual game, EA money hogs i guess.",Negative,NEGATIVE,0.9996949434280396,0,Negative
ssfxdfggf,Positive,NEGATIVE,0.9897016286849976,0,Negative
game does not launch,Negative,NEGATIVE,0.9996610879898071,0,Negative
gf,Positive,NEGATIVE,0.5445247292518616,0,Negative
"Messi. Messi. Messi. Immens Messi.
⠀
ANKARA MESSI.
ANKARA MESSI.
ANKARA MESSI.
ANKARA MESSI.
ANKARA MESSI.
⠀
Gol. Gol. Gol. Gol. Gol. Gol. Gol. Gol. Gol.",Negative,NEGATIVE,0.9992256164550781,0,Negative
"Don't pay full price for FIFA please, the game is just bad!",Negative,NEGATIVE,0.9997960925102234,0,Negative
"i love this game because of its toxic community, its like doing toxic player vs toxic player.
-Overall Good Game <3",Positive,POSITIVE,0.9997310042381287,1,Positive
developers trying to make a football game that is fun and playable challenge (impossible),Negative,POSITIVE,0.9989400506019592,1,Positive
I think this game has very realistic graphices and I am very exited for fifa 24,Positive,POSITIVE,0.9734702110290527,1,Positive
shits fire,Positive,NEGATIVE,0.9967226386070251,0,Negative
"Constant ping issues, mouse keeps centering even though its upside down on my desk and the delay using a controller is unreal...",Negative,NEGATIVE,0.9424129724502563,0,Negative
cant even launch the game EA you suck,Negative,NEGATIVE,0.9976085424423218,0,Negative
it wont even read my  controller i have tried multiple solutions and none of them work..,Negative,NEGATIVE,0.9994670748710632,0,Negative
"EA Fix the Freaking Anti-Cheat Bug, you morons!",Negative,NEGATIVE,0.9974619150161743,0,Negative
Game is really bad and pay2win,Negative,NEGATIVE,0.9997876286506653,0,Negative
"i liked 21 more but this is also amazing, i like how there is a lot of ways to play, like you can make a team that suits your style especially after all new stuff",Positive,POSITIVE,0.9998722076416016,1,Positive
"Massively pay to win on ultimate team and ea dont give fuck all and are tight as a nun ,  but overall the games not too bad",Positive,POSITIVE,0.992850661277771,1,Positive
game doesn't even launch and its the same game over and over im so done,Negative,NEGATIVE,0.999721348285675,0,Negative
W park W haaland L ea L same game every year,Negative,NEGATIVE,0.9377119541168213,0,Negative
"yeah yeah , very nice gameeee",Positive,POSITIVE,0.9997679591178894,1,Positive
"Never in my life i'v seen scripting that bad in an online game.
EA will not only remain shit, they have the magic ability to be worse than the day before no matter what.",Negative,NEGATIVE,0.9972290396690369,0,Negative
"my game would not launch so i had to, delete the whole game",Negative,NEGATIVE,0.9997554421424866,0,Negative
godlike,Positive,POSITIVE,0.6683158278465271,1,Positive
Made me fight my cousins over this game. I 100% recommend if you want to mess up your family,Positive,POSITIVE,0.8417131900787354,1,Positive
The players were skating very fast and the game is unrealistic. The graphics are good. You need to learn how to play from,Negative,POSITIVE,0.9997227787971497,1,Positive
is the best game everrr,Positive,POSITIVE,0.9998643398284912,1,Positive
czxczx,Positive,NEGATIVE,0.9075408577919006,0,Negative
37 hours of gameplay later and my game wont even launch anymore....... Its absolutely absurd that myself and many others cant launch the game 2 days after a patch that was meant to fix it,Negative,NEGATIVE,0.9992437362670898,0,Negative
rage game,Positive,NEGATIVE,0.9230771660804749,0,Negative
Good game but they need to fix the problem of it not working for a lot of people.,Positive,NEGATIVE,0.9973912239074707,0,Negative
its good,Positive,POSITIVE,0.9998385906219482,1,Positive
Worst game ever! Fuck antpervo,Negative,NEGATIVE,0.9997887015342712,0,Negative
NUNEZ,Negative,POSITIVE,0.9969955682754517,1,Positive
Adicted,Positive,NEGATIVE,0.9781776666641235,0,Negative
This game is extremely disappointing as half of time i can't get it to load........,Negative,NEGATIVE,0.9996733665466309,0,Negative
"good graphics, good game play, nothing bad to say",Positive,POSITIVE,0.9998319149017334,1,Positive
en suosittele iha paska,Positive,NEGATIVE,0.5646352767944336,0,Negative
"SHIT FUCKING GAME, SHIT FUCKING COMPANY, EA SPORTS, IT FUCKING SUCKS. CANT EVEN LAUNCH IT HAHAHAHAHAH WOW SO GOOD. Sondre er kul",Negative,NEGATIVE,0.6350204944610596,0,Negative
mescheria,Positive,NEGATIVE,0.7548145651817322,0,Negative
mbappeee,Positive,POSITIVE,0.5215204358100891,1,Positive
The game is unplayable for me. It goes to the loading screen and then crashes without any error. It also messes up the resolution of Steam app along with resolution of some Windows components such as tray. Judging by comments from other I'm not alone with this. It's a joke to release something like that. I'm not going to waste time with troubleshooting of something that should work out of the box and I'm going to get my refund.,Negative,NEGATIVE,0.9945271611213684,0,Negative
"Fifa has always been fun in general, but this Fifa has a lot of bugs and glitches, especially in FUT;

1. When you're playing FUT Rivals COÖP vs someone who's alone, while you're winning, the opponent can leave the game and FUT gets confused on who to give the 2nd win (since one side plays COÖP), so most of the time my friend doesn't get the win in this case and the win goes to the opponent who was losing. It's ridiculous.
2. There is a game pause glitch, which makes the pause timer and menu disappear so you're basically stuck in the preview screen of the match forever and you're forced to ALT+F4. This way you lose the game too.
3. There is an opponent game leaving glitch, that makes you still keep playing until a half is over. The opponent's team gets the 2nd player (blue triangle) on it and you basically are stuck alone in the game the opponent already gave up on. This gives you the win still, in my case it did at least, but it's so annoying. I captured this glitch on OBS, that's how ridiculous it was.
4. Goalkeepers are glitchy asf. The opponents score goals they really shouldn't, like the keeper and my players run into eachother etc. and the ball awkwardly goes into the goal. Fix this please it's ridiculous.
5. When you have players duplicated, you can't open any packs until you either sell them for 0 coins or are forced to do SBC's, which I hate putting time into. Stop forcing players to do something with items that are not sorted.
6. Huge FPS loss during freekicks, corners kicks, penalties, game replays, goal kicks, etc. basically anything that zooms on the player. FPS goes from stable 80fps to almost 20fps, which makes it harder for players to aim or time.
7. Additional note after review: I was playing COOP Rivals again with a friend, we were winning 4-1, opponent leaves and we both get no win. Minute 70+-.

Besides this, there are sounds or themes missing in the new Fifa's, while they were present in the older Fifa's like Fifa 11 to 15. An example is the crowd audio of Galatasaray, which was accurate before and now it's just random. Can Fifa not put more effort in teams who are outside of the Premier League? England isn't the only country that can play football. You can at least do that for making everyone pay the full game price every single year. It's also funny that there are base game audio's that are not being used in FUT, or being limited on searching things for your stadium or staff in Transfermarkt.",Negative,NEGATIVE,0.9995317459106445,0,Negative
I RESTARTED MY GPU DRIVERS AND NOW THIS FUCKING GAME DOESNT RUIN ANYMORE!!!,Negative,NEGATIVE,0.9988731741905212,0,Negative
can’t even launch the game without disabling all other installed anti-cheats and have to even then doesn’t work sometimes. 10/10,Negative,NEGATIVE,0.9983602166175842,0,Negative
its a very good game although theres some minor problem,Positive,POSITIVE,0.9996647834777832,1,Positive
HAALANDDD HAALANDDD,Positive,NEGATIVE,0.9866573214530945,0,Negative
Football is my life.,Positive,POSITIVE,0.9980729818344116,1,Positive
"Launched once a few days ago, then cannot run again with the anticheat error. 
Still not fixed for days and that's what you get for buying the ultimate version.

#disableanticheat",Negative,NEGATIVE,0.9987938404083252,0,Negative
tbh its good,Positive,POSITIVE,0.9891239404678345,1,Positive
okl,Positive,NEGATIVE,0.6773059368133545,0,Negative
every time we going to start the game there is a anticheat error. very bad work by steam.,Negative,NEGATIVE,0.999786913394928,0,Negative
"Issues on release day affecting many causing the game to not load up properly. They released an update to fix it, and broke more games. Game won't load. Standard EA",Negative,NEGATIVE,0.9988980293273926,0,Negative
Don't buy this ass game please you can't report people passing the ball next to their goal for a full 90 minutes so ass game devs i hope you get what you deserve in the day of judgment you have made the worst game possible piece of..... all of you,Negative,NEGATIVE,0.9997484087944031,0,Negative
Time flies too fast when playing this game.,Positive,NEGATIVE,0.9988358616828918,0,Negative
I've tried several solutions to fix anti cheat error (117) and nothing has worked. I got early access and was barely able to play it. Having to play it on my girlfriends pc because mine is unable to for this reason. DO NOT BUY THIS GAME! The fact that this still hasn't been fixed yet is an absolute joke and i encourage everyone to stay away from these games from now on. The developers only care about profit and not creating a fun and PLAYABLE experience.,Negative,NEGATIVE,0.9995131492614746,0,Negative
cr7 is the goa,Positive,POSITIVE,0.9608498215675354,1,Positive
pika 👌👍,Positive,NEGATIVE,0.5204156041145325,0,Negative
still unreccomended,Negative,NEGATIVE,0.9532341361045837,0,Negative
Always App still running but the game never open,Negative,NEGATIVE,0.9990949630737305,0,Negative
"Game is even not starting - intel i9 12th gen / 128 RAM / RTX 3090ti. After completing hours of changing setting , game is still not working.",Negative,NEGATIVE,0.9996672868728638,0,Negative
pretty dog tbh,Negative,NEGATIVE,0.9950292706489563,0,Negative
to many hackers for an anti cheat lol,Negative,NEGATIVE,0.9934425354003906,0,Negative
game aneh banyak bug udah mahal2 beli nge bug mulu bagusan juga fifa 22,Negative,NEGATIVE,0.9949160814285278,0,Negative
"I mean, It's Alright?",Positive,POSITIVE,0.9994940757751465,1,Positive
happy 911 easm,Negative,POSITIVE,0.9970763921737671,1,Positive
This game was very well made and feels realistic! Highly recommend,Positive,POSITIVE,0.9998687505722046,1,Positive
"Last FIFA I owned was FIFA20

It's a good upgrade, but far from perfect.
The career mode team could implement the features a lot better.


Anyway. If you didn't own FIFA21/22 it's worth it :)",Positive,NEGATIVE,0.9924546480178833,0,Negative
Mbappe > messi,Positive,NEGATIVE,0.9989783763885498,0,Negative
i steal my friend account because his team better than mine and im broke irl and ingame and i dont have the game im using my friend for this account because he has the game and his team,Negative,NEGATIVE,0.9948660135269165,0,Negative
never refunded a pos so fast,Negative,NEGATIVE,0.99709153175354,0,Negative
Wydałem w to pieniądze chce włączyć Fifę a tu wyskakuje błąd proszę naprawcie te błedy bardzo chce w zagrać jeszcze 3 H się pobierało,Negative,NEGATIVE,0.9873949289321899,0,Negative
"I don't like doing this, but I have to write a review now (might change it later, when ever that is)
There are far to many issues with the game, and the biggest one is that most people can't make the game launch.
I have been able to a few times and the game runs fine in terms of fps when it does start.

However, the fact that it does not start now, and the other game bugs the few times it does, and EA's slow to respond makes me give this game a poor review.

Am sure they will fix it at some point, but the game clearly was not tested enough prior to release.
This is not a hardware related issue at all, it is mostly to do with EA Anticheat and bugs in general that are to big.",Negative,NEGATIVE,0.9970867037773132,0,Negative
W cinematics,Positive,POSITIVE,0.9912132620811462,1,Positive
100,Positive,POSITIVE,0.9976649284362793,1,Positive
fifinha mt bom de Iei,Positive,NEGATIVE,0.7697793841362,0,Negative
uhhhhhhhhhhhhhhhhhhhhhhhhhhhhh,Positive,NEGATIVE,0.9845405220985413,0,Negative
"Where do I start with this game?
I was smart enough to not buy this game on the day it came out and bought it during the Winter Steam Sale. Can say that it is 100% not worth the full price.
Play on a $2000 PC and this game runs horribly after an hour and a half of playing time.
Some of the issues I have run into are frame rate issue, a bunch of glitches and bugs such as the music, commentators, and the crowd being silent, the game just randomly having a bright glare or dark shadow casting on the players/coaches, and more. The mechanics are just a pain in the ass and straight up suck. I will mention below some of the most frustrating ones for me personally
- My team playing very well in the first half scoring either 2-3 goals then all of a sudden in the second half, my team cannot defend and the AI either winning or drawing the game
- The opposing goalie being able to save almost everything while my goalie cannot save a simple ground shot
- Playing an extremely fast striker or winger and going on a solo run but some RANDOM DEFENDER ABLE TO CATCH UP AND INTERCEPT THE BALL EVERY DAMN TIME
- The passing mechanics. Literally just trying to pass around the ball just makes me want to rip every strand of my hair out
I could go on and on about how this monstrosity of a game and it's mechanics but it's not worth it. If I had the power, I would quit this game in a heart beat but I'm addicted and there are no other good football games that I enjoy. 
The only positive I can say about this game is it's really only enjoyable when you're playing against your friend or just doing a player/manager career. However after playing a few games, it gets really stale, boring and frustrating because EA doesn't offer a lot for career mode. 
I give this a 4.5-5/10 only buy if it is on sale DO. NOT. PAY. FULL. PRICE. or just save yourself from even touching this game.",Negative,NEGATIVE,0.9994035959243774,0,Negative
"I love football, but i hate EA, yet still i love football, but again i really hate EA, like an eternal hate and love",Positive,NEGATIVE,0.8897942900657654,0,Negative
I cant open that shit,Positive,NEGATIVE,0.8678772449493408,0,Negative
jm,Positive,POSITIVE,0.9681686162948608,1,Positive
This game literally does not even start up half the time and we're well after the bugginess of the release period.  Don't waste your time or money on this drivel.,Negative,NEGATIVE,0.9978959560394287,0,Negative
"This is unbelievable and pretty outrageous! I can't play the game as it won't start after the update. I can't get the refund either. What should I do? EA tell me please.

Edit: I've found a solution for my issue (i.e. game not launching on load screen) - if you use BitDefender anti-virus app, turn off advanced threat defense or create an exception for fifa 23 and EA.",Negative,NEGATIVE,0.9919998645782471,0,Negative
"Shitty optimization, game keeps freezing and lagging, also extremely buggy, a fucking cash grab just like every other FIFA game.",Negative,NEGATIVE,0.9997501969337463,0,Negative
i wanna die,Positive,NEGATIVE,0.9867525100708008,0,Negative
"poorly optimized, football lovers are exploited again",Negative,NEGATIVE,0.9995076656341553,0,Negative
Still unable to play with the 22/10/2022 update.,Negative,NEGATIVE,0.9983812570571899,0,Negative
sexcccccc,Positive,NEGATIVE,0.9198436737060547,0,Negative
it's called soccer,Positive,POSITIVE,0.8758277297019958,1,Positive
fu󠀡󠀡cking sucks a󠀡󠀡ss,Negative,NEGATIVE,0.9951306581497192,0,Negative
55555,Positive,POSITIVE,0.8032835125923157,1,Positive
FIFA EA!,Negative,POSITIVE,0.9933480620384216,1,Positive
"its honestly another money grab from EA Sports, i paid the money, i downloaded the game and when i try to load on it just freezes i have spent nearly 3 hours sorting this out and it still doesn't work. DO NOT BUY THIS GAME.",Negative,NEGATIVE,0.9997109770774841,0,Negative
good!,Positive,POSITIVE,0.9998268485069275,1,Positive
"Things I gave to fifa 23: Money, Time and Good Mood.

Things fifa 23 gave to me: Small kids who have never touched grass and have a next level vocabulary , hole in my wall, bad mood, broken headset, mouse and keyboard, lag and a pc that runs worse than before.

100/10 stars... Would recommend it 😄",Positive,NEGATIVE,0.9887841939926147,0,Negative
"this year fifa is not up to the level of last year fifa 22, the anti cheat system & cross play makes the game slow and responsive. Poor experience launch day.",Negative,NEGATIVE,0.9993757605552673,0,Negative
"The only reason anyone purchased this game was for the world cup mode, of which is lackluster at best. No way i'm paying $60 for a dumpster fire of a game. To add onto my earlier point you can simply load up any fifa that came out in the last 5 years and it somehow looks the same. Fifa 22 was promising however 23 was the needle in the coffin for this franchise. Thank you fifa 23 for ruining football games as we know it.",Negative,NEGATIVE,0.9988446235656738,0,Negative
this game sucks because it first took about 3 buys for it to actually go in to my acount and second of all it will NOT launch so i cant play it do not buy it!!!,Negative,NEGATIVE,0.9996778964996338,0,Negative
gow gow,Positive,POSITIVE,0.9855291247367859,1,Positive
Fun game?,Positive,POSITIVE,0.9996277093887329,1,Positive
"Worst game in my life.
I spend 2500B for Seeing many bugs and many error during the game play
KUY SAD",Negative,NEGATIVE,0.9997900128364563,0,Negative
ffs ea...,Negative,POSITIVE,0.6227527856826782,1,Positive
"Nice game, good graphics. only problem is the predictability of AI. After a while of playing, I noticed that on an opposition counter attack if the defender runs away from the player, the AI will take a long shot.",Positive,POSITIVE,0.9096337556838989,1,Positive
its good and forest are in the prem you reds,Positive,POSITIVE,0.9968630075454712,1,Positive
"the game is literally sick, the game wont even run properly, waste of money.",Negative,NEGATIVE,0.9998112320899963,0,Negative
"If you like Laggy online gameplay, balls phasing through players' bodies, attackers staying dead still, defenders not intercepting passes, all while you are trying to switch to the player you want to, but the game will not let you, then I have found the FIFA game for you! 

All seriousness this feels like the best FIFA game for a while, at least since Fifa 18, but I cannot recommend because of the abysmal online gameplay, every time a cutscene plays, my game lags, I cannot skip this cutscene for whatever reason, so you sit there for 5 mins waiting the cutscene to play out. My opponents, when on console don't get this issue, so they play on while I'm waiting to finish watching this stupid animation play. The defending feels awful, maybe that's a skill issue on my part, but when not controlling defenders they seem to leave other players unmarked and let them through. The ball seems to phase through players bodies, and goalkeepers fingers when it really shouldn't, this has happened to both me and my opponents. And the Switching is terrible, If I press LB or L2 it will switch to an attacker while I am defending near my box, while if I use the Right analog stick, It will switch to a fullback, or winger.

If you have played FIFA before and enjoy offline gamemodes like Career Mode, or if you want to play Kick Off with friends I can recommend this game, but until the issues with online play are fixed then go play EFootball or Pro Soccer Online instead",Negative,NEGATIVE,0.9878231287002563,0,Negative
add sex to this game please,Positive,POSITIVE,0.9997382760047913,1,Positive
fuck EA,Positive,NEGATIVE,0.9940525889396667,0,Negative
so amazing,Positive,POSITIVE,0.9998763799667358,1,Positive
"Average FUT 23 HATER
⣿⣿⣿⣿⣿⣿⣿⣿⡿⠿⠛⠛⠛⠋⠉⠈⠉⠉⠉⠉⠛⠻⢿⣿⣿⣿⣿⣿⣿⣿
⣿⣿⣿⣿⣿⡿⠋⠁⠀⠀⠀⠀⠀⠀⠀⠀⠀⠀⠀⠀⠀⠀⠀⠉⠛⢿⣿⣿⣿⣿
⣿⣿⣿⣿⡏⣀⠀⠀⠀⠀⠀⠀⠀⣀⣤⣤⣤⣄⡀⠀⠀⠀⠀⠀⠀⠀⠙⢿⣿⣿
⣿⣿⣿⢏⣴⣿⣷⠀⠀⠀⠀⠀⢾⣿⣿⣿⣿⣿⣿⡆⠀⠀⠀⠀⠀⠀⠀⠈⣿⣿
⣿⣿⣟⣾⣿⡟⠁⠀⠀⠀⠀⠀⢀⣾⣿⣿⣿⣿⣿⣷⢢⠀⠀⠀⠀⠀⠀⠀⢸⣿
⣿⣿⣿⣿⣟⠀⡴⠄⠀⠀⠀⠀⠀⠀⠙⠻⣿⣿⣿⣿⣷⣄⠀⠀⠀⠀⠀⠀⠀⣿
⣿⣿⣿⠟⠻⠀⠀⠀⠀⠀⠀⠀⠀⠀⠀⠶⢴⣿⣿⣿⣿⣿⣧⠀⠀⠀⠀⠀⠀⣿
⣿⣁⡀⠀⠀⢰⢠⣦⠀⠀⠀⠀⠀⠀⠀⠀⢀⣼⣿⣿⣿⣿⣿⡄⠀⣴⣶⣿⡄⣿
⣿⡋⠀⠀⠀⠎⢸⣿⡆⠀⠀⠀⠀⠀⠀⣴⣿⣿⣿⣿⣿⣿⣿⠗⢘⣿⣟⠛⠿⣼
⣿⣿⠋⢀⡌⢰⣿⡿⢿⡀⠀⠀⠀⠀⠀⠙⠿⣿⣿⣿⣿⣿⡇⠀⢸⣿⣿⣧⢀⣼
⣿⣿⣷⢻⠄⠘⠛⠋⠛⠃⠀⠀⠀⠀⠀⢿⣧⠈⠉⠙⠛⠋⠀⠀⠀⣿⣿⣿⣿⣿
⣿⣿⣧⠀⠈⢸⠀⠀⠀⠀⠀⠀⠀⠀⠀⠀⠟⠀⠀⠀⠀⢀⢃⠀⠀⢸⣿⣿⣿⣿
⣿⣿⡿⠀⠴⢗⣠⣤⣴⡶⠶⠖⠀⠀⠀⠀⠀⠀⠀⠀⠀⠀⠀⣀⡸⠀⣿⣿⣿⣿
⣿⣿⣿⡀⢠⣾⣿⠏⠀⠠⠀⠀⠀⠀⠀⠀⠀⠀⠀⠀⠀⠀⠀⠛⠉⠀⣿⣿⣿⣿
⣿⣿⣿⣧⠈⢹⡇⠀⠀⠀⠀⠀⠀⠀⠀⠀⠀⠀⠀⠀⠀⠀⠀⠀⠀⣰⣿⣿⣿⣿
⣿⣿⣿⣿⡄⠈⠃⠀⠀⠀⠀⠀⠀⠀⠀⠀⠀⠀⠀⠀⠀⢀⣠⣴⣾⣿⣿⣿⣿⣿
⣿⣿⣿⣿⣧⡀⠀⠀⠀⠀⠀⠀⠀⠀⠀⠀⠀⠀⢀⣠⣾⣿⣿⣿⣿⣿⣿⣿⣿⣿
⣿⣿⣿⣿⣷⠀⠀⠀⠀⠀⠀⠀⠀⠀⠀⠀⢀⣴⣿⣿⣿⣿⣿⣿⣿⣿⣿⣿⣿⣿
⣿⣿⣿⣿⣿⣦⣄⣀⣀⣀⣀⠀⠀⠀⠀⠘⣿⣿⣿⣿⣿⣿⣿⣿⣿⣿⣿⣿⣿⣿
⣿⣿⣿⣿⣿⣿⣿⣿⣿⣿⣿⣷⡄⠀⠀⠀⣿⣿⣿⣿⣿⣿⣿⣿⣿⣿⣿⣿⣿⣿
⣿⣿⣿⣿⣿⣿⣿⣿⣿⣿⣿⣿⣧⠀⠀⠀⠙⣿⣿⡟⢻⣿⣿⣿⣿⣿⣿⣿⣿⣿
⣿⣿⣿⣿⣿⣿⣿⣿⣿⣿⣿⣿⠇⠀⠁⠀⠀⠹⣿⠃⠀⣿⣿⣿⣿⣿⣿⣿⣿⣿
⣿⣿⣿⣿⣿⣿⣿⣿⡿⠛⣿⣿⠀⠀⠀⠀⠀⠀⠀⠀⢐⣿⣿⣿⣿⣿⣿⣿⣿⣿
⣿⣿⣿⣿⠿⠛⠉⠉⠁⠀⢻⣿⡇⠀⠀⠀⠀⠀⠀⢀⠈⣿⣿⡿⠉⠛⠛⠛⠉⠉
⣿⡿⠋⠁⠀⠀⢀⣀⣠⡴⣸⣿⣇⡄⠀⠀⠀⠀⢀⡿⠄⠙⠛⠀⣀⣠⣤",Positive,NEGATIVE,0.987062394618988,0,Negative
Glitchy and unfinished,Negative,NEGATIVE,0.999747097492218,0,Negative
"Tried the game for free for a limited time and boy oh boy was i lucky for not paying for this game. running the game wasnt an issue for me but the EA app was being a bitch. It automatically logged into a different acc and i couldnt log it out cuz the acc wasnt mine. When i tried logging into a diff acc it would say error cuz my acc is linked to an email thats not even mine. It took me 3 hours to fix that issue and even after all that, i tried playing the game and it felt so diff compared to the old fifas. It felts shittier on my opinion and bcuz of that i uninstalled immediately.",Negative,NEGATIVE,0.9993828535079956,0,Negative
ddccf,Positive,NEGATIVE,0.989915132522583,0,Negative
gdfdf,Positive,NEGATIVE,0.9427633881568909,0,Negative
Not An Big Difference But its worth for Worldcup Mode,Positive,POSITIVE,0.9993758797645569,1,Positive
very gut ja,Positive,NEGATIVE,0.9975372552871704,0,Negative
TYRRYERTWRETYUTXUYzstuz&TFUYTFYUSDFUYSEGTDFILUASEFT,Positive,NEGATIVE,0.9847522377967834,0,Negative
ju,Positive,NEGATIVE,0.7541273236274719,0,Negative
when I downloaded this it said secure boot disabled EA fix your game,Negative,NEGATIVE,0.9996131062507629,0,Negative
dont waste ur money on a game that isn't good. first make a good game and make it look worth $60 then sell it because i prefer fifa 22 over this,Negative,NEGATIVE,0.9988403916358948,0,Negative
origin,Negative,POSITIVE,0.9842923879623413,1,Positive
wont start on my pc somtimes poorly optimised for pc,Negative,NEGATIVE,0.9993879795074463,0,Negative
Fix your fucking matchmaking why the fuck am I playing against ALL LEGENDS teams in DIVISION 8???????????,Negative,NEGATIVE,0.9995786547660828,0,Negative
its the best sport of all time,Positive,POSITIVE,0.9998538494110107,1,Positive
You expect me to say my opinion? Come ooooon its the same with yours,Negative,NEGATIVE,0.5465911626815796,0,Negative
"First time ever making a review for a game, just had to let everyone know how god damn awful it is. EA is literally the worst company to exist.",Negative,NEGATIVE,0.9997872710227966,0,Negative
Best fifa game in years. You have to play football too win a game. Non 5 star skill running down the wing and out pacing everyone.,Positive,POSITIVE,0.9895491600036621,1,Positive
"Started the game, greeted with screen zooming in and out non stop and made me puke! Worst pre-o decision ever made.",Negative,NEGATIVE,0.9997454285621643,0,Negative
MESSI MSSI MESSI,Positive,NEGATIVE,0.9984745383262634,0,Negative
Too many connection error playing FUT,Negative,NEGATIVE,0.9995794892311096,0,Negative
Can't get it to launch 90% of the time with a computer that has more than enough capability to run it.,Negative,NEGATIVE,0.9974229335784912,0,Negative
goooood,Positive,NEGATIVE,0.586547315120697,0,Negative
Tuyệt! 🥰,Positive,POSITIVE,0.9099001884460449,1,Positive
Worst game imaginable,Negative,NEGATIVE,0.9998051524162292,0,Negative
Even if this game has a 90% discount do not buy it,Negative,NEGATIVE,0.994358241558075,0,Negative
"I guess the anticheat is working, because if you can't play the game you can't cheat.",Negative,POSITIVE,0.9913281798362732,1,Positive
"Terrible experience 
Game didn't launch for a wile then I manage some how to play for few weeks at not well optimise game.
Now again the game won't launch since a few weeks.
Definitely not recommend to purchaser on PC play fifa 22 instead.
I'm really disappointed.",Negative,NEGATIVE,0.999255359172821,0,Negative
trash.,Negative,NEGATIVE,0.9997612833976746,0,Negative
"This game is a complete mockery, really unbelievable. Despite the update fix that has now been released, I still don't get Fifa 23 to work and everything after starting Fifa hangs on my PC and runs like thick shit through a funnel, with a necessary restart as a result. The only thing worse is that I can't refund this game due to Steam's policy, so watch out for preorder folks.",Negative,NEGATIVE,0.9995591044425964,0,Negative
zojdw,Positive,NEGATIVE,0.9634246826171875,0,Negative
"It's Fifa, it's EA ...",Positive,POSITIVE,0.975651741027832,1,Positive
it's a great game somehow,Positive,POSITIVE,0.9998772144317627,1,Positive
sa va iau jocu n pula,Positive,NEGATIVE,0.9070351719856262,0,Negative
very nice game what are you waiting for ....... GO BUY IT,Positive,POSITIVE,0.9997897744178772,1,Positive
"Fun with friends, but literally anything is fun with friends. My friends and I could set each other on fire and take turns pissing out the fire and that still wouldn't be as unbearable as having to see EA put out the same game every year. Thank Fuck they finally lost the rights maybe someone else can do a better job (probs not tho smh) Hopefully they lose the rights to Madden next :) here is to hoping!!",Negative,NEGATIVE,0.9959825277328491,0,Negative
hold r2 flick right stick up twice,Positive,POSITIVE,0.9507150053977966,1,Positive
not bad at all,Positive,POSITIVE,0.9991185069084167,1,Positive
prety good the volta is mych better than fifa 21,Positive,POSITIVE,0.9991707801818848,1,Positive
nc,Positive,POSITIVE,0.9969396591186523,1,Positive
a bit of glitches and rly anoying bus but still a great game in total,Positive,POSITIVE,0.9971452355384827,1,Positive
"For RM93, it worth to buy for last game made by FIFA",Positive,POSITIVE,0.5879091620445251,1,Positive
Game has soo many issues which I would have thought would have been fixed by now. But nope. It's a let down.,Negative,NEGATIVE,0.9997474551200867,0,Negative
cam hanat,Positive,POSITIVE,0.9162687659263611,1,Positive
Still cannot play!!!! interupted by Error Anticheat problem????,Negative,NEGATIVE,0.9991273283958435,0,Negative
"im reconsidering my opinion,still trash,will make you lose your family dont buy it!",Negative,NEGATIVE,0.9997305274009705,0,Negative
fifa 2022 part 2,Positive,POSITIVE,0.9957724213600159,1,Positive
mantoppp,Positive,NEGATIVE,0.9423682689666748,0,Negative
"so fku ea
we dont need eaac
fku ea
electronic ass",Negative,NEGATIVE,0.9926385879516602,0,Negative
woman (y),Positive,POSITIVE,0.6774563789367676,1,Positive
"The game itself is great and isn't that laggy. Today, however, it's been crashing every single time I try to play Career mode. I played the world cup mode and won it with Germany and never had any issues besides some lag when I first start the match. I think it's not my system's issue since the only other mode I've played is the World Cup mode.",Negative,POSITIVE,0.8171090483665466,1,Positive
Would not recommend the game,Negative,NEGATIVE,0.9878919124603271,0,Negative
npcs are the worst so i can just get 7 to 0 on max difficulty,Positive,NEGATIVE,0.9998001456260681,0,Negative
"Worst FIFA ever published...  i just wasted 15 hours just to open the game, still have to kill all not necessary apps and run my origin/steam as admin and run FIFA from folder as a admin. Broken market after 7 days because of FUT HERO pack. Nightmare i couldnt even imagine. FIFA 2003 on PS2 is 10283012831 times better than this crap. Fu** the money i spent in. Atleast fix the game so i can run it normally  cause im gettin sick to perform the ritual every single time i want to run this SHIT !@!#!@#!@ #@! $!@$@!$",Negative,NEGATIVE,0.9997578263282776,0,Negative
Why cant i play anymore,Positive,NEGATIVE,0.9994940757751465,0,Negative
it is a good game and i like playing it,Positive,POSITIVE,0.9998773336410522,1,Positive
very garbage. dont recommend,Negative,NEGATIVE,0.9997435212135315,0,Negative
i bought the fifa that coste me 350 and i did not get 4600 fifa pointes,Positive,NEGATIVE,0.9953446984291077,0,Negative
GAME WON'T LAUNCH,Negative,NEGATIVE,0.9993231296539307,0,Negative
"Happy Chinese New Year, thieves of Korea.",Negative,POSITIVE,0.9998626708984375,1,Positive
Get friends for Pro-Clubs :p,Positive,POSITIVE,0.9686707258224487,1,Positive
i'd rather buying drugs than buying this game that does not open because of anticheat,Negative,NEGATIVE,0.9996566772460938,0,Negative
Very Good Game But Alot Of InGame Purchases,Positive,POSITIVE,0.9992536902427673,1,Positive
whats the point of anticheat,Positive,NEGATIVE,0.9896042346954346,0,Negative
ea anticheat is trash dont work,Negative,NEGATIVE,0.9971816539764404,0,Negative
shit graphics,Negative,NEGATIVE,0.9993269443511963,0,Negative
"I really love this game. I stop playing Fifa when EA releases Fifa 20 because of the licensing issue with some of the teams. But, I'm back now in Fifa 23 and when I look at it, it's been an amazing journey. I really love Career Mode in this season. And I love the World Cup Updates that EA's been included to the game.

There's also an anti-cheat issue that always installing when launch Fifa for the first time everyday. But, overall good game. I hope EA keeps improving the game in the upcoming season.",Positive,POSITIVE,0.9997177720069885,1,Positive
"Read the reviews. Stay away from the PC version, laggy mess on a decent PC too. Took an hour sorting out Origin anti cheat issues too. Origin is absolute garbage and you're forced to use it anyway. Avoid at all costs",Negative,NEGATIVE,0.999778687953949,0,Negative
"Is a great game, but I would rather play FIFA 22 because it was more attractive.",Positive,POSITIVE,0.7256081104278564,1,Positive
yas,Positive,POSITIVE,0.8573850393295288,1,Positive
last fifa ¯\_(ツ)_/¯,Positive,NEGATIVE,0.9537302851676941,0,Negative
"The most realistic FIFA ever. I really enjoyed the gameplay. However the performance and stuttering issues did drag this game down, really really bad optimize. I would recommend wait until they patch all the problems (if they would)",Positive,NEGATIVE,0.9970583915710449,0,Negative
not recommend,Negative,NEGATIVE,0.9979950189590454,0,Negative
<3 very nice but next time I'm gonna change my name to something less offensive,Positive,POSITIVE,0.6216781735420227,1,Positive
"Trash, lots of bugs, not optimized, and gameplay feels heavy and slow, dribbling is impossible, reactions are retard lvl, goalkeepers are jokes, they get scored on every shot, no matter the angel and distance,players gameplay doesn't sync with their stats, pace is broken, a 71 pace rated outruns 94.
I made the mistake and bought ultimate version, please you dont!!",Negative,NEGATIVE,0.9996323585510254,0,Negative
thumbs up for nextgen,Positive,POSITIVE,0.999579131603241,1,Positive
"Frequently run into authorization errors.
In-Game Settings keep getting reset for some odd reason.
Poorly optimized for PC.
No Improvements over the Past Titles.

Just Go Play FIFA 17 instead.",Negative,NEGATIVE,0.9998061060905457,0,Negative
what happend to arcady type gamplay like 22 this too slow,Negative,NEGATIVE,0.9996527433395386,0,Negative
This game is complete horseshit. Don't waste 60$ on it. Don't waste 13$ on it. Don't even waste the 40 gigs you would have used to pirate it. This game is complete garbage.,Negative,NEGATIVE,0.9986479878425598,0,Negative
I enjoy the game play especially the new things added to career mode but its a bit of a shame as the game is a bit annoying to try and run as it sometimes wont open and can be really laggy,Positive,NEGATIVE,0.9994955062866211,0,Negative
Won't let me name my character CumGuzzler,Negative,POSITIVE,0.9235284924507141,1,Positive
"great game, especially FUT",Positive,POSITIVE,0.9998063445091248,1,Positive
It's fun but Fifa 94 will always be the best,Positive,POSITIVE,0.999861478805542,1,Positive
"game is good, a few little in game bugs that i am sure will get fixed soon... regarding the anti cheat problem when it says failure just try launching the game again it should work lol",Positive,POSITIVE,0.9869264960289001,1,Positive
mis oyun,Positive,NEGATIVE,0.9991218447685242,0,Negative
aweadwd,Positive,POSITIVE,0.9386184811592102,1,Positive
"I really wanted to like this game but its a garbage buggy mess

and the National Team selection is so awful, with the world cup around the corner they could have done so much more for this game.

I wont be using the last 9.5 hours of my trial... half hour of that mess was long enough",Negative,NEGATIVE,0.999631404876709,0,Negative
"so badly optimalized, awful gameplay",Negative,NEGATIVE,0.9998076558113098,0,Negative
still stinks,Negative,NEGATIVE,0.9996665716171265,0,Negative
u ojikw ur,Positive,NEGATIVE,0.9753836989402771,0,Negative
SUIIIIIIIIIIIIIIIIIIIIIIIIIIIIIIIIIIIIIIIIIIIIIIIIIIIIIIIIIIIIIIIIIIIIIII,Positive,NEGATIVE,0.9668662548065186,0,Negative
"Game constantly lags while playing. Even on single player mode. I have looked for a solution online and nothing works to fix the issue from in-game settings to computer and NVIDIA settings. It is a common issue based on forums and tweets. EA have done a very poor job at optimising this game for PC. Game also stopped launching all together so I had to waste time installing and reinstalling. Upon re-installation the game had issues with EA anti-cheat and continued to lag. My 6 hours of playing time on steam for this game has consisted of about 4 matches of lag along with constantly trying to sort the settings and attempting to launch the game. My rig is an RTX 2060, Ryzen 5 2600, 16GB RAM",Negative,NEGATIVE,0.9997701048851013,0,Negative
goddd,Positive,NEGATIVE,0.9571954011917114,0,Negative
"SIIIIIIIIUUUUUU!!!!!!
Si si si si sisisi?? Si.

        -Siu",Positive,NEGATIVE,0.9813527464866638,0,Negative
"ape sex ooh ooh ooh ooh ooh, me ape sex ooh ooh ooh mmmm monke oooh",Positive,NEGATIVE,0.9938279986381531,0,Negative
"Wont even start, thanks to the Anti Cheat bullshit stunt that EA has pulled on us. Why do PC players always suffer like this. EA. I am asking steam to refund this shit, until you get your shit together. I am actually glad FIFA cancelled their contract with you EA. You are very bad for football games.",Negative,NEGATIVE,0.9994164705276489,0,Negative
vcvxc,Positive,NEGATIVE,0.9649567008018494,0,Negative
it take all my money,Negative,NEGATIVE,0.9960842132568359,0,Negative
"The game freezes, it wont load at times, its literally the same as last year. Not worth it",Negative,NEGATIVE,0.9994200468063354,0,Negative
Just a top tier game,Positive,POSITIVE,0.9950022101402283,1,Positive
the game is not working,Negative,NEGATIVE,0.9997790455818176,0,Negative
1-Oct,Positive,POSITIVE,0.5335293412208557,1,Positive
Stupid game,Positive,NEGATIVE,0.9997873902320862,0,Negative
this game is the biggest piece of fucking garbage ever dont buy it. i would prefer to spend the 60 dollar on a std hooker than this fucking game,Negative,NEGATIVE,0.9995173215866089,0,Negative
L GAME,Negative,POSITIVE,0.9617542624473572,1,Positive
anticheat is so useless and make so many error,Negative,NEGATIVE,0.9996987581253052,0,Negative
"It's a nice game,but sometimes it takes a long time trying to get it it.",Positive,NEGATIVE,0.9858524799346924,0,Negative
sqqq,Positive,NEGATIVE,0.9783875942230225,0,Negative
amazing game graphics are awsome,Positive,POSITIVE,0.9979973435401917,1,Positive
FUCKING DISGUSTING GAME,Negative,NEGATIVE,0.9987384676933289,0,Negative
"literally refused to launch at times, resets settings every time you launch it, this game is trash.",Negative,NEGATIVE,0.9997734427452087,0,Negative
Most laggy game ever and no shared market with other consoles. Also takes them months to update price ranges. eFootball is better,Negative,NEGATIVE,0.9995070695877075,0,Negative
Not even able to launch the game.,Negative,NEGATIVE,0.9997395873069763,0,Negative
So bad for PC,Negative,NEGATIVE,0.9997966885566711,0,Negative
Bought the game but cant play because the game crashes whenever i start a match. regret buying,Positive,NEGATIVE,0.998846173286438,0,Negative
Almayın,Negative,POSITIVE,0.9866943359375,1,Positive
very good like brexit tackling people,Positive,POSITIVE,0.9996161460876465,1,Positive
not next gen,Negative,NEGATIVE,0.972323477268219,0,Negative
so hard for running the game,Negative,NEGATIVE,0.9996942281723022,0,Negative
Finally after updates the game is very nice.,Positive,POSITIVE,0.9998511075973511,1,Positive
bread,Positive,POSITIVE,0.9971916079521179,1,Positive
feels like a mobile game,Negative,NEGATIVE,0.9854187965393066,0,Negative
worst piece of dog shit I've ever played,Negative,NEGATIVE,0.9997739195823669,0,Negative
"Akurat ostatnimi czasy grałem w wiele zajebistych gier do tego stopnia, że zaczęły mnie nudzić. Poszukiwałem więc absolutnie najchujowszej gry dostępnej na rynku. Fifa 23 spełniła moje oczekiwania. 10/10.",Negative,NEGATIVE,0.9857943058013916,0,Negative
i mean it s aight like,Positive,NEGATIVE,0.9984135627746582,0,Negative
lol increase the price of the game just to deliver a product that won't even load. Thank you  for all you do for us EA,Negative,POSITIVE,0.9978947043418884,1,Positive
worst game for me best game for chaitanya,Negative,NEGATIVE,0.999750554561615,0,Negative
very great game. daddy zlatan 10/10,Positive,POSITIVE,0.9998390674591064,1,Positive
"Such a bullshit , guyz i highly recommend against this game coz u cant even open this game , its been 3 days i have bought this game but i couldnt open this game .",Negative,NEGATIVE,0.997582197189331,0,Negative
its a trash game the gameplay is so slow,Negative,NEGATIVE,0.9998251795768738,0,Negative
Very disappointed with having to launch this game 6 times everytime I boot the game up due to errors. EA fix your anticheat software ASAP,Negative,NEGATIVE,0.9997108578681946,0,Negative
ew,Positive,POSITIVE,0.6084163188934326,1,Positive
"Since I've bought the game, haven't been able to play a single game; at first there was a lauching issue, and now, it's the crashing issue. EA Devs, my review won't matter to you (cuz I've sent emails and tweets about this) but at least do something for those who hardly gain money to buy your games",Negative,NEGATIVE,0.9736214876174927,0,Negative
"This is the most hectic installation ever, i had to go to my bios and enable secure boot just to play this PoS! It also doesnt work if I installed it to my external device, I had to relocate it to my C: just play this PoS.",Positive,NEGATIVE,0.9987659454345703,0,Negative
"The game looks good, is hard, but i can't deal with the idiotic AI,, like im doing all the work, setting the AI to the hardest, and my players are doing literally nothing... How is that an intelligent design? The oponent is super clever but my defence's brain is non existing... It takes all the fun and all the game has to offer.... Anyway I only bought it as a memento of Argentina wining the World Cup. ⭐⭐⭐",Negative,NEGATIVE,0.9987693428993225,0,Negative
cant launch like normal.,Negative,POSITIVE,0.9229745864868164,1,Positive
Worst gaming Experience in FIFA History,Negative,NEGATIVE,0.999797523021698,0,Negative
there is an incredible amount of work to get a game made by EA with unimaginable funding to work. then after spending some time factory resetting your bios and enabling safeboot you can finally play the game. this would be nice if it was the end of the problems but then you have to troubleshoot your controller randomly disconnecting online without the ability to reconnect and forcing you to quit out of the game if you wish to continue anything. After troubleshooting your controller problems there is still a strong chance that the controller will still suddenly disconnect and force you to forfeit and quit the game. I wish i was surprised by this but its just become standard quality of EA games,Negative,NEGATIVE,0.8621881604194641,0,Negative
"Since ea made it to where you have to use the ""new"" ea app instead of origin, it has been nothing but problems and no fixes. EA has to fix this..... I can't even play now and haven't been able to figure out why. If someone finds a fix please let me know. At this point ive deleted all my hard work on the game and am just trying to play.",Negative,NEGATIVE,0.9997192025184631,0,Negative
Keeps crashing. Save your money don't buy this trash,Negative,NEGATIVE,0.9953742623329163,0,Negative
Didn't know something worse then drugs then I played FIFA,Positive,NEGATIVE,0.9629324078559875,0,Negative
wouldnt even let me play the gane L managment L EA L game,Negative,NEGATIVE,0.9929699301719666,0,Negative
Nashe,Positive,NEGATIVE,0.996980607509613,0,Negative
furbo,Positive,POSITIVE,0.8669298887252808,1,Positive
"[h1][i] A Beautiful Disaster [/i][/h1]

If you love lags in your football match, sure! GO ahead and play this game. The gameplay is a huge leap forward from FIFA 22 on pc but what is the point of good gameplay if you can't even play this game properly?",Negative,POSITIVE,0.9884026646614075,1,Positive
"wonderful game, i like it",Positive,POSITIVE,0.9998838901519775,1,Positive
"don't understand the negative fuzz about it. a decent game with a good gameplay. No need to hate on a game just because you are bad at it. There are a few issues with it for now, that you'd expect from a newly released game, but nothing major you can't bypass.",Positive,POSITIVE,0.9468240141868591,1,Positive
Real game play,Positive,POSITIVE,0.999783456325531,1,Positive
so shit,Negative,NEGATIVE,0.9994695782661438,0,Negative
Terrible game the Anitcheat prevents me from playing the actual fucking game. FIX IT. Get it  on Epic Games instead.,Negative,NEGATIVE,0.9997976422309875,0,Negative
hi,Negative,POSITIVE,0.9983267188072205,1,Positive
trash controls,Negative,NEGATIVE,0.9995567202568054,0,Negative
"纯纯的贱种，明知故写，搞这些小动作有意思吗？喜欢搞事情是吧，以后就叫韩国圣诞节吧，ea，纯纯的垃圾，要不是喜欢足球，谁NM会买这个bug一堆的垃圾，快几把滚出中国吧！
不管是农历还是春节，这永远都是中国的，棒子不配，美国白猪也无权评判
Truely bitch,You know that but you write that,Is it fun to do these rediculous tricks?EA,Ture rubbish,If it wasn‘t for love of soccer,Who will brought this bug-filled rubbish,Get out of china!!!!!!!!!!And home to die with ass clean
Even lunar and chinese spring festival,It's always from by China,and had by South Korean trash don't deserved it，White Trash can't judge this too",Negative,NEGATIVE,0.9969930648803711,0,Negative
"It's a good game and I will spend a lot of time in it, but I cannot recommend it until the bugs will be solved.

First there is a bug that won't let you start a game until you change your BIOS settings.
Secondly, when you use controller (I think everyone playing FIFA is), your mouse coursor will be fixed in the middle from time to time, preventing you from selecting anything with your joypad - you have to move mouse first and only then you can use your controller. There is no fix (at least I haven't found it) and EA doesn't look interested at all.",Negative,NEGATIVE,0.9982677698135376,0,Negative
É incrível como a EA simplesmente não quer que você jogue um jogo deles. O jogo simplesmente não abre. Só abre a porcaria do lanche da EA. Como podem regredir tanto,Negative,NEGATIVE,0.9726299047470093,0,Negative
i like men,Positive,POSITIVE,0.9986011385917664,1,Positive
"Stopped working for no reason. I do not recommend buying this game.
""Kimera wowo !"" - Messi Messi Messi",Negative,NEGATIVE,0.9874427914619446,0,Negative
i bought it and it wont even open.... i PROMISE my computer is stronger enough to push it so idk,Negative,POSITIVE,0.9844738245010376,1,Positive
bad experience,Negative,NEGATIVE,0.9997826218605042,0,Negative
"This game is absolutely useless since the switch to EA App.

I have tried all of the ""fixes"" that other people in the reviews have mentioned - nothing works.

I want my money back.",Negative,NEGATIVE,0.9998067021369934,0,Negative
Bad game dont recommend 10/10,Negative,NEGATIVE,0.9944016337394714,0,Negative
"Although I like the game and how it plays, the thing that ruins it for me is that it never launches. It may launch for a few days in a row then an update comes by and it doesn't launch. Even after uninstalling/reinstalling their anticheat, and doing everything else that people online say to do. 

Luckily I got the game when there was a sale, but I cannot imagine the frustration of the people who dropped $70+ for a game that doesn't launch. The worst part is it does not seem like EA cares enough to do anything about it since it has been a problem since the time the game launched!",Negative,NEGATIVE,0.999737560749054,0,Negative
I love entering rivals and seeing a team that is 10 times worse than mine and then get absolutely demolished,Positive,NEGATIVE,0.9992665648460388,0,Negative
Its very nice game but sometimes it stucks on the title screen,Positive,NEGATIVE,0.9879586696624756,0,Negative
having a lot of trouble just to open the game,Negative,NEGATIVE,0.990136981010437,0,Negative
This game is absolute shit,Negative,NEGATIVE,0.9997206330299377,0,Negative
iyi,Positive,POSITIVE,0.9876449704170227,1,Positive
hot,Positive,POSITIVE,0.9995107650756836,1,Positive
AMAZEENG,Positive,POSITIVE,0.9288517832756042,1,Positive
Incredible Graphics. Compared to last FIFA it's amazing.,Positive,POSITIVE,0.9998825788497925,1,Positive
"Horrible Game. Hypermotion is a one of the worst, if not the worst ever mechanic in a game that has always been an ""arcade"" game. The game play is very unenjoyable and the running styles are the worst thing that was ever added to a fifa game.",Negative,NEGATIVE,0.9998019337654114,0,Negative
Full of bugs. Ultimate team is not fair. Pay to win. No innovation!!!,Negative,NEGATIVE,0.9997196793556213,0,Negative
rwsf,Positive,NEGATIVE,0.9441095590591431,0,Negative
Been playing this game for about three days and i am still having problems with my players locking into this glitch where they run on their own and i have no control over them for a good 9 seconds before i can even change my target player. Really irritating when playing multiplayer. if theirs a fix pls let me know because thinking on uninstalling.,Negative,NEGATIVE,0.99979168176651,0,Negative
"Shit, scripted game. Worst company ever",Negative,NEGATIVE,0.9997859597206116,0,Negative
sewey,Positive,POSITIVE,0.9528145790100098,1,Positive
around 140 fps but the game is laggy and slow,Negative,NEGATIVE,0.9997544884681702,0,Negative
Issue with this game is that EA legit just ports the game from console to PC without optimizing it for the platform leading to all the graphical issues people are having. It's sad that the standard has fallen so far from when I was young. Disappointed.,Negative,NEGATIVE,0.9995542168617249,0,Negative
FIX SOME BUGS PLEASE,Positive,NEGATIVE,0.969373881816864,0,Negative
mpaypal,Positive,NEGATIVE,0.7344931960105896,0,Negative
game kontol,Negative,NEGATIVE,0.9665171504020691,0,Negative
"More bugs than 'Grounded'

Servers are terrible!

UPDATE: During squad battles my player was fouled but got up, the game switches to cinematic of my player rolling around on the floor injured. Game resumes and EA Severs disconnect me and i forfeit the game 3-0!",Negative,NEGATIVE,0.9996144771575928,0,Negative
"I JUST LOVE THE GAME ,THEIR  GRAPHICS ARE SUPER AND GOTTA CHECK HOW THEY CONVERT A SHOT INTO THE POST. DOWNLOAD AND LET'S ENJOY TOGETHER",Positive,POSITIVE,0.9998053908348083,1,Positive
i like verry mutch but i dont have money for buy,Positive,NEGATIVE,0.9964799284934998,0,Negative
Oh my god i'm so glad everyone's Fifa 23 is running just as bad as my Fifa 23,Negative,NEGATIVE,0.999795138835907,0,Negative
"rubbish, this is the last fifa and they manage to barely do anything. Fifa is extremely realistic as when the opponent get the ball they are impossible to tackle whereas in real life a goal is slowly built up. The opponents literally can score 10 goals in 5 minutes. The referee in the game also is biased!!!. Fifa 23 is rubbish and extremely unrealistic i am disappointed!!!!",Negative,NEGATIVE,0.9991274476051331,0,Negative
Interesting if you have nerves of steel!,Positive,POSITIVE,0.9994645714759827,1,Positive
its fun game but overpriced,Positive,NEGATIVE,0.9874075651168823,0,Negative
soo good i love ea,Positive,POSITIVE,0.9998143315315247,1,Positive
it is trash,Negative,NEGATIVE,0.9997336268424988,0,Negative
"nah

edit: this game is very shit so shit dont buy this shit game very very shit",Negative,NEGATIVE,0.9993461966514587,0,Negative
secure boot make me frustrated!!!,Positive,NEGATIVE,0.9979966282844543,0,Negative
"full bugado, anti cheat lixo que crasha toda hora, jogabilidade tá um lixo, saudades quando fifa era bom",Negative,NEGATIVE,0.9964172840118408,0,Negative
"UNPLUG YOUR RACING SIM WHEEL TO FIX ANTI-CHEAT CRASH

also game suck",Negative,NEGATIVE,0.9994692206382751,0,Negative
Very nice game I love interacting with other people on fifa ultimate team I reccomend to have 10000$ when you start this game 👍👍 👍 👍,Negative,POSITIVE,0.9988923668861389,1,Positive
Game does not work. Its a scam.,Negative,NEGATIVE,0.9998112320899963,0,Negative
Fun makes you rage but fun indeed. I love SBCs.,Positive,POSITIVE,0.9995893836021423,1,Positive
EA is a faking joke. this is the worst game developers possible,Negative,NEGATIVE,0.9997851252555847,0,Negative
so better than efootball2023,Positive,POSITIVE,0.9997738003730774,1,Positive
"If you want to play league matches the game is fun but ultimate team is completely pay to win. You can be better in skill than any other opponent but if they paid more money for their squad they will just pace by you and score with ease. Don't buy for UT, it hasn't been good since FIFA 12.

Further update: Not that its a surprise but EA is literally the biggest scumbags on planet earth. Was building my FUT squad by bulk bidding and then selling at higher prices (look it up, its legitimate way to make money on the market). EA decides that since I'm starting to earn more money trading and not buying enough packs that they will just ban me from the transfer market permanently. But guess what im not banned from? Thats right I can still spend real money to buy they f***ing micro-transactions. Buying this game was the last chance i was giving FIFA because it was such a big part of my childhood. Way to ruin it with your greed EA. Never again.",Negative,NEGATIVE,0.9908209443092346,0,Negative
got this for 65% off and i have no complaints at all.,Positive,NEGATIVE,0.9930524230003357,0,Negative
"iti66ltmu5kt85mkttjktntguyj
ygot956k56iu5o5u5i564jk45y4j5h5jntu57y54klj5t.585lbhbibbbbbbbbbbbbbbbbbbbbbbbbbbbbbbbbbbbbbbbbbbbbbbbbbbbbbbbbbbbbbbbbbbbbbbbbbbbbbbbbu5hj5grmttgrj5g4mby4hrnyrntrutu7k7ilkl,myk9ylopiykynmh9iyjo65nkjt5k5kto5jtjynyjtotmlfgm6tktiktu5jhjththrh5ghgknrjr6tittmyi,",Positive,NEGATIVE,0.9822632670402527,0,Negative
A good upgrade on the previous installation. Football is fun!,Positive,POSITIVE,0.9997827410697937,1,Positive
every thing is shit the game every week not working and more lag at every game,Negative,NEGATIVE,0.999561607837677,0,Negative
"WORST WORST WORST EVER GAME BEEN PLAYING FIFA SINCE CHILDHOOD BUT NEVER FACED THIS KIND OF PROBLEMS THIS GAME IS FILLED WITH BUGS, I PURCHASED THE GAME AND PLAYED FEW MONTHS BUT RECENTLY THE ORIGIN STOPPED WORKING SOO I UNINSTALLED IT BUT NOW WHEN I LINKED STEAM AND EA APP THE EA APP SAYS THE GAME BELONGS TO ANOTHER ACCOUNT . I CONTACTED SUPPORT TEAM OF EA THEY SAYED ITS PROBLEM FROM STEAM BUT THE PROBELEM IS EA APP SHOWING ME ERROR MESSAGE . NOW I CANT EVEN PLAY THE GAME I PURCHASED . PLEASE DONT BUY THE GAME IT WILL GIVE U MILLIONS OF PROBLEM AND THERES NO ONE WHO WILL HELP U.",Negative,NEGATIVE,0.9995114803314209,0,Negative
haderd achernge iny ina baya lata blue fuosy i i i i i i i i nigjo nigjo nigjo nigjo haderd haderd haderd,Positive,NEGATIVE,0.9842137098312378,0,Negative
VEry GooD,Positive,POSITIVE,0.9998520612716675,1,Positive
"Piece of garbage bugged game, so many critical bugs that make the game unplayable. Barely any updates or positive changes compared to Fifa22. Basically another by EA",Negative,NEGATIVE,0.9997664093971252,0,Negative
i cant play this game because failed linked to EA server. worst FIFA ever. i regret buy this game,Negative,NEGATIVE,0.9997614026069641,0,Negative
The game dont even launch after downloading useless stuff ea,Negative,NEGATIVE,0.9997461438179016,0,Negative
my darwin nunez is bald..help me out,Positive,NEGATIVE,0.9997195601463318,0,Negative
What a joke.,Negative,NEGATIVE,0.9979593753814697,0,Negative
better,Positive,POSITIVE,0.999264657497406,1,Positive
Ofc!,Positive,POSITIVE,0.9892780780792236,1,Positive
"The gaming experience is very bad, I have an NVIDIA 1050 Ti  graphics card, an intel 9900 k processor, 32 ram, and Windows 11 64 bits, but the gaming experience is bad, there is a problem with the graphics, stuttering in the game, and a large frame drop.",Positive,NEGATIVE,0.9997686743736267,0,Negative
"advertised as cross platform, is not cross platform.",Negative,NEGATIVE,0.9810619950294495,0,Negative
Best football game.,Positive,POSITIVE,0.9998390674591064,1,Positive
Very good graphics good game very nice,Positive,POSITIVE,0.9998717308044434,1,Positive
i love messi so good player,Positive,POSITIVE,0.9998295307159424,1,Positive
never purchase fifa from steam,Positive,NEGATIVE,0.9990260601043701,0,Negative
garbage way worse than fifa 22,Negative,NEGATIVE,0.9997789263725281,0,Negative
its great,Positive,POSITIVE,0.9998660087585449,1,Positive
Very cool game to play! It has it's moments when you encounter bugs and more but it is a great game. A little more work from the developers and it could be great!,Positive,POSITIVE,0.9998145699501038,1,Positive
"idk what the problem is here, the game forced me to install ea launcher, i'm connected to the internet i press play, it showa that the game is running but i cant seem to be able to play? No wonder this game has so much shitty reviews.",Negative,NEGATIVE,0.9996153116226196,0,Negative
"this game make me want to die but i still play
was 10/10, but cr7 not team of the year
so i do not recommend",Negative,NEGATIVE,0.9885175228118896,0,Negative
Seems like a common trend currently with companies releasing games which are not fully ready.,Negative,NEGATIVE,0.9987261891365051,0,Negative
my fav game 10/10 good game,Positive,POSITIVE,0.9997813105583191,1,Positive
ababababababababa,Positive,NEGATIVE,0.7508599162101746,0,Negative
Instructions unclear - my power shot hit a 12 year old in the stands,Positive,NEGATIVE,0.9988497495651245,0,Negative
Worst FIFA ever!!! Ultimate team is in a different galaxy very far from reality. Overpower mechanics that allows you to run away from defenders like if you were the only one with legs or score goals just because. Where is the fun in all that? What happened with tactics and strategies??? This FIFA is like any DC or Marvel movie: to much glitter and nonsense. It is no longer football....,Negative,NEGATIVE,0.9997020363807678,0,Negative
"Refunded the game during launch because it was unplayable, thought i would wait for EA to fix it. Ended up repurchasing the game because its on sale for $60AU. The game keeps shutting down my pc while in a match. Haven't been able to play a game! They fixed the stuttering, don't understand how they haven't got it right yet!! This YouTube video helped with the problem https://www.youtube.com/watch?v=01BswCiUpQE",Negative,NEGATIVE,0.9995324611663818,0,Negative
this game is fucking trash,Negative,NEGATIVE,0.9997146725654602,0,Negative
Why the FK would I recommend a game that doesn't even bloody launch?!,Negative,NEGATIVE,0.9992818236351013,0,Negative
"Pass the ball, Shoot the ball, miss, cry",Positive,NEGATIVE,0.9897392392158508,0,Negative
"Not big changes from last year but still, very addicting game!!",Positive,POSITIVE,0.9993096590042114,1,Positive
shittest game ive ever played x10000000000000000000000000000000000000 my nan could make a better game and she's six feet under,Negative,NEGATIVE,0.998903751373291,0,Negative
I like monkeys,Positive,NEGATIVE,0.6226893663406372,0,Negative
"Game randomly decides to completely shut off the option to play with keyboard. Now I know it's not optimal to do so anyways due to the keyboard not having the option to rotate, quarter rotate or whatever else of that type of action is assigned to any button. But still... Randomly a few times every single week since launch it's completely useless to get into a match, no way I would recommend this",Negative,NEGATIVE,0.9997736811637878,0,Negative
ر,Positive,POSITIVE,0.9335954189300537,1,Positive
"Never in my entire life, have a played a more blood-curdling game. I have put 6+ dents in my wall.",Positive,NEGATIVE,0.9837799668312073,0,Negative
Mun ceuk urang tajong ceuk maneh gol. Tajong gol tajong. Mun ceuk urang Persib ceuk maneh juara. Persib Juara Persib Juara Persib,Positive,NEGATIVE,0.9887248873710632,0,Negative
It's better than FIFA 22.,Positive,POSITIVE,0.9998070597648621,1,Positive
THIS GAME IS SO BAD. DO NOT GET IT,Negative,NEGATIVE,0.9998190999031067,0,Negative
Dont buy for gods sake.No support from EA and the anticheat will not alowe you to lauch the game.,Negative,NEGATIVE,0.999586284160614,0,Negative
"This is the last game of this series. Unfortunatly, this is one of the worst ever.
Ultimate team mode is a complete joke.
To win a game without giving goals to the opponent you need a lot of luck, because most of the time you suffer 3 or 4 goals per game.

This isnt realistic at all.

If this was to be the last, it is a big no no.

If you'll read this, honestly, dont buy the game...",Negative,NEGATIVE,0.9997114539146423,0,Negative
foarte zaibisi,Positive,NEGATIVE,0.8105956315994263,0,Negative
"always get disconnect in the middle of the game, same problem with previous FIFA 22 make me cant climb and grinding the division rank",Negative,NEGATIVE,0.9986746311187744,0,Negative
fix anti cheat,Negative,POSITIVE,0.9800569415092468,1,Positive
Nice one,Positive,POSITIVE,0.9998481273651123,1,Positive
Garbage on PC. Game doesn't save settings between play sessions. It's an absolute pain in the ass to get a controller to work. It's rife with countless bugs. FIFA from EA is dead. Don't bother.,Negative,NEGATIVE,0.999459445476532,0,Negative
"Massive improvement over the past two titles, and the best FIFA in years.",Positive,POSITIVE,0.9998015761375427,1,Positive
you can get addictions from this mf game,Positive,NEGATIVE,0.9970524311065674,0,Negative
"Doesnt even open 9/10 times I try to open it, just says I've encountered an ""unrecoverable error"" and forces me to close the app.",Negative,NEGATIVE,0.9994509816169739,0,Negative
"shittiest anticheat ever made, ea really doesnt give a fuck anymore and they are not even hiding with this fact.",Negative,NEGATIVE,0.973213255405426,0,Negative
"This game was very fun for the limited time I could play it, but I haven't been able to launch the game since late last year. Do not buy this, as it will be a waste of money. The anticheat update completely broke the game for most PC players, and even if you can play it then the game is horribly optimized and will stutter/freeze on you in game.",Negative,NEGATIVE,0.9936444759368896,0,Negative
"Great Game as always ,Unfortunately sad that this is the last FIFA from EA Sports.  has its own little bugs here and there but not so serious.   Definitely recommend it",Positive,POSITIVE,0.9992049336433411,1,Positive
"Terrible, I can't even start the game anymore (I was able to play for 1.5hr) nor get a refund. Don't waste your money!!",Negative,NEGATIVE,0.9992456436157227,0,Negative
"Why does my Xbox controller move like crazy when playing this game, up and down？？？？？？？？？？？？
Do you all make games with your feet? Don't slander this sport, it's soccer and not WWE",Negative,NEGATIVE,0.9905390739440918,0,Negative
"What does this game have against starting? 
The anti cheat + origin feels like a ton.

7 tries.
Still I couldn't start the first match. 

11 tries.
I could finish the tutorial match and the game creashed. Never use alt+tab with this game running.

The online was cool at first, no lag, but everyone has many superstars on their team, it sounds so much unbalanced and pay to win. I mean, I would never, with my default random players, run as fast as those superstars do, specially in my first matches where I'm still getting used to the game.",Negative,NEGATIVE,0.9953069090843201,0,Negative
"Trust the Reviews , the game is a Terrible , I have RTX 2070 Super and I7 10TH gen Cpu and Game lags and fps drops to 10 fps , Fifa 22 is A Masterpiece in comparison to Fifa 23 !",Negative,NEGATIVE,0.9982732534408569,0,Negative
"the graphic is suck but the gpu always scream at 100% in menu as well as randomly in game, to be honest the graphic is much worse even when compare to fifa19, I regret that I made a mistake to buy this version of crap",Negative,NEGATIVE,0.9992862343788147,0,Negative
niceee & better than the 22,Positive,POSITIVE,0.9985004663467407,1,Positive
pay to win.,Positive,POSITIVE,0.9994250535964966,1,Positive
"After Korean Thanksgiving and Korean Christmas, Korean New Year is coming!",Negative,POSITIVE,0.9995241165161133,1,Positive
"cant even launch, stuck on black screen",Negative,NEGATIVE,0.9981379508972168,0,Negative
need more luck,Positive,NEGATIVE,0.9966860413551331,0,Negative
best game eve,Positive,POSITIVE,0.9998168349266052,1,Positive
"Nice server maintenance idiots.
Eager's dick in your face.",Negative,NEGATIVE,0.9916719794273376,0,Negative
So addictive and fun TOTALLY RECOMMEND,Positive,POSITIVE,0.9998787641525269,1,Positive
i want play again,Positive,POSITIVE,0.9986410737037659,1,Positive
"Better than the previous editions, by far",Positive,POSITIVE,0.9997143149375916,1,Positive
nu va jucati copii nu e bun pentru sanatatea voastra mintala si pentru portofelele dumneavoastra,Positive,NEGATIVE,0.9864298105239868,0,Negative
jk,Positive,POSITIVE,0.9648492932319641,1,Positive
yessir,Positive,POSITIVE,0.9966505169868469,1,Positive
this game is practically only fun with your friends but good game and that,Positive,POSITIVE,0.9996263980865479,1,Positive
THE GAMING NOT LAUNCHING ALL THE TIME. I HAVE UNINSTALL AND REINSTALL ANTI-CHEAT OR CLEANUP A THING EVERY TIME I WANT TO OPEN THE GAME. THIS SUCKS. I WISH I NEVER BOUGHT IT.,Negative,NEGATIVE,0.9970155954360962,0,Negative
Football is life 10/10,Positive,POSITIVE,0.961039125919342,1,Positive
NAJISSSS!!!,Negative,NEGATIVE,0.8118626475334167,0,Negative
Best fifa in a while,Positive,POSITIVE,0.999790370464325,1,Positive
"My name is Walter Hartwell White. I live at 308 Negra Arroyo Lane, Albuquerque, New Mexico, 87104. This is my confession. If you're watching this tape, I'm probably dead, murdered by my brother-in-law Hank Schrader. Hank has been building a meth empire for over a year now and using me as his chemist. Shortly after my 50th birthday, Hank came to me with a rather, shocking proposition. He asked that I use my chemistry knowledge to cook methamphetamine, which he would then sell using his connections in the drug world. Connections that he made through his career with the DEA. I was... astounded, I... I always thought that Hank was a very moral man and I was... thrown, confused, but I was also particularly vulnerable at the time, something he knew and took advantage of. I was reeling from a cancer diagnosis that was poised to bankrupt my family. Hank took me on a ride along, and showed me just how much money even a small meth operation could make. And I was weak. I didn't want my family to go into financial ruin so I agreed. Every day, I think back at that moment with regret. I quickly realized that I was in way over my head, and Hank had a partner, a man named Gustavo Fring, a businessman. Hank essentially sold me into servitude to this man, and when I tried to quit, Fring threatened my family. I didn't know where to turn.
Eventually, Hank and Fring had a falling out. From what I can gather, Hank was always pushing for a greater share of the business, to which Fring flatly refused to give him, and things escalated. Fring was able to arrange, uh I guess I guess you call it a ""hit"" on my brother-in-law, and failed, but Hank was seriously injured, and I wound up paying his medical bills which amounted to a little over $177,000. Upon recovery, Hank was bent on revenge, working with a man named Hector Salamanca, he plotted to kill Fring, and did so. In fact, the bomb that he used was built by me, and he gave me no option in it. I have often contemplated suicide, but I'm a coward. I wanted to go to the police, but I was frightened. Hank had risen in the ranks to become the head of the Albuquerque DEA, and about that time, to keep me in line, he took my children from me. For 3 months he kept them. My wife, who up until that point, had no idea of my criminal activities, was horrified to learn what I had done, why Hank had taken our children. We were scared. I was in Hell, I hated myself for what I had brought upon my family. Recently, I tried once again to quit, to end this nightmare, and in response, he gave me this. I can't take this anymore. I live in fear every day that Hank will kill me, or worse, hurt my family. I... All I could think to do was to make this video in hope that the world will finally see this man, for what he really is.",Positive,NEGATIVE,0.9945405125617981,0,Negative
Game is buggy but i like it,Positive,POSITIVE,0.9988294243812561,1,Positive
"I had to: 
1. Enable Secure Boot in BIOS
2. Complete a re-install process for their anti-cheat since it seems that it was not done correctly by default.
3. Manually add a firewall exception on game launch (block got triggered by AntiCheat?)
4. Restart both Steam and Origin, running them both as Administrator

Jesus christ, what a mess of a launch. Over a week in and it still isn't fixed because it broke again for me after 17 hours of gameplay and I needed to repeat steps 2-4.",Negative,NEGATIVE,0.9997758269309998,0,Negative
"Infuriatingly the game is good but there seems to be issues with EA Anti Cheat quite often not even allowing the game to launch,

These issues need to be addressed immediately before I could recommend purchasing this game on PC",Negative,NEGATIVE,0.9942804574966431,0,Negative
"winter sale is a fair price for this game if you like FUT. The traction gained from the world cup really pushed EA to make more free content for FUT. However there are a few leagues missing, some of which are Liga MX and Liga do Brazil which sucks as EA lost their licenses to them.",Positive,NEGATIVE,0.9988504648208618,0,Negative
"Amazing game, also why does everyone say that ultimate edition is a scam? It's really good considering you get 4,600 fifa points which is more then just 10 extra dollars",Positive,POSITIVE,0.9992368221282959,1,Positive
WORLD CUPPPPPP! RONALDO BETTER SUIIIIIIIIII,Positive,NEGATIVE,0.7598749995231628,0,Negative
very good game,Positive,POSITIVE,0.9998683929443359,1,Positive
cant play the game for 2 weeks now,Negative,NEGATIVE,0.9869100451469421,0,Negative
ea sucks but im having fun,Positive,POSITIVE,0.9979414343833923,1,Positive
#FixYourShit,Negative,NEGATIVE,0.9858799576759338,0,Negative
Good GAME,Positive,POSITIVE,0.9998469352722168,1,Positive
A good and exciting game,Positive,POSITIVE,0.9998794794082642,1,Positive
Really good. The gameplay however. The ragdoll physics seem to glitch sometimes. The defense is also really bad and its extremely difficult to defend,Positive,NEGATIVE,0.9556601643562317,0,Negative
"Oyunun sorunu 30 FPS üstü haram. İlgili destek ekibi yok. Bildiğimiz EA ilgisiz ve para göz. PC de oyun çöp bu yıl gerçekten çöp oldu oyun.

Bu oyunu tasarlayan piyasaya süren kim varsa hepsi mal ve orospu evladı.",Negative,NEGATIVE,0.9919418096542358,0,Negative
Game doesn't launch and the faulty anti-cheat auto-banned my account on web app for no reason. EA's Terms of Service team said clearly that they will not help me and every new ticket I will open will be automatically rejected. What's the point in it?,Negative,NEGATIVE,0.9996696710586548,0,Negative
"It's EA, of course it's bad (kappa)",Negative,NEGATIVE,0.9997053742408752,0,Negative
"Terrible EA client.
Disastrous anti-cheat optimisation.
Laughable main menu design.
Horrendous lag and server connectivity issues.

I wish I burnt the money I spent on this garbage.",Negative,NEGATIVE,0.9998169541358948,0,Negative
welldone,Positive,POSITIVE,0.9934878349304199,1,Positive
same game every year,Negative,NEGATIVE,0.9680083990097046,0,Negative
common fifa w,Positive,POSITIVE,0.9846070408821106,1,Positive
Shit game...,Negative,NEGATIVE,0.9994462132453918,0,Negative
"Why I can not try FIFA 23 EA PLAY trial about 10 hours?, Someone help me out please",Negative,NEGATIVE,0.9919095635414124,0,Negative
THE GAMES GOOD BUT.... only 10 hours................make 24 atleast,Positive,NEGATIVE,0.8485928177833557,0,Negative
Doesn't work. Bad.,Negative,NEGATIVE,0.979741096496582,0,Negative
"STEAM DECK USERS can't play FIFA 23 on the deck because of the EA kernel-level anti-cheat software that detects Proton / SteamOS as ""hacks"", sort of. The only way to have it working is installing Windows 10 on the deck, which is bad news cause the overall performance gets worsened on the deck with Windows. 

And why does it even have a kernel-level anti-cheat, if the FUT transfer market isn't shared with us PC players? If you're on console, the market is shared between ALL the consoles: ps4, ps5, X1, XsX & XsS. But we PC players are excluded & can only trade between us. 
A kernel-level anti-cheat has way higher privileges then it should & having it installed is like having a hole in your PC's security that can be exploited by viruses. Now have in mind EA will be on charge... what could go wrong? [url=https://youtu.be/PY41wMvwrLQ?t=221] Here's a video explaining this & its consequences in depth. [/url] 

Putting that aside: This game lays off a foundation on which they should build upon in the following game. It's a step in the right direction compared with the last title, since at least now we got Hypermotion2 & crossplat for the first time in PC, but sadly there are aspects to improve (+ tons of bugs). 

[list]
[*]You can't play Volta online with your friends like you play online friendlies, leaving a massive mode (volta) to be played only against bots. Horrible decision. 
[*]If you enable ""listen to music while on gameplay"" [spoiler](which allows you to listen to FIFA songs INSTEAD of the commentators)[/spoiler] you WON'T be able to skip songs while you're playing a match & you'll have to wait until the match is finished in order to skip the song. Also, no songs in online modes. For some reason is just plain silence for me. 
[*] EA has DISABLED [url=https://store.steampowered.com/remoteplay?snr=1_7_7_230#together]""Remote Play Together""[/url], so you won't be able to invite your friends & play remotely, instead each one of you will have to pay $60. (Note that game publishers in Steam have the ability to enable or disable this).
[*]The mouse cursor hides itself at the center of the screen but in some instances it's still functional, meaning that if you're trying to select an option located on the edges, it won't let you & you'll think your controller is unresponsive, but is just the invisible mouse in the middle. So you'll have to move it away in order to be able to select the other options. You can reproduce this issue going into FUT > Moments. 
[*]If you have 2 controllers & want to play split-screen, both players should use the same button layout. None of you can use different control settings because if one is different, it will overwrite the other player controller settings.  [url=https://www.reddit.com/r/FIFA/comments/qjt7sk/xbox_series_x_fifa_22_second_controller_settings/]This happens to some users since FIFA 21 across all platforms,[/url] yet it has never been addressed by EA, which tells us they only care about FUT. 
[*]After scoring a goal, the ball keeps rolling even if the player takes it with their hands as a celebration. 
[*]The ""classic"" button scheme has been remapped, which doesn't affect me but I'm just mentioning it for those who care: [b]LB+RB[/b] has been changed to ""power shot"". To execute a ""Low Driven shot"" you should gently press [b]B[/b] and release it asap. [b]LT+B[/b] does an outside foot shot if you're running. 
[*]Sometimes your controller & camera settings won't get saved after closing & opening the game, it's a pain having to set it up every single times.
[*]Australia women's national team has been removed. 
[/list]

There's a 10-hour trial of this new FIFA 23 on [url=https://www.xbox.com/en-US/xbox-game-pass/pc-game-pass]Xbox PC GamePass ($1 the 1st month)[/url], & the whole game will be added to PC GamePass 7-9 months after its launch day (May-July 2023) like when they've added Fifa 22. So you should go try it. If 10hs aren't enough, you can buy EA Play Pro ($15 a month) & you'll get to play the whole game for 30 days, all the hours you want. Personally I would recommend waiting till the game hits $30, only then I'd buy it.",Negative,NEGATIVE,0.9991592168807983,0,Negative
Same 1 game. So many obvious things to improve on yet EA find it difficult to do so.,Negative,NEGATIVE,0.9997186064720154,0,Negative
cytuit,Positive,NEGATIVE,0.9957602620124817,0,Negative
technical issues all the way,Negative,NEGATIVE,0.9972840547561646,0,Negative
"FIFA 23 is great if you enjoy FIFA and enjoy Football. 

The people leaving negative reviews are running into technical issues that I haven't had, the only bug I have had is the alt-tab bug that seems present in every single EA game due to Origin. Where if you tab out repeatedly within 5 seconds the game will crash your entire computer.

The anti-cheat is an easy fix, restart your computer and/or run the game as Admin, this has worked for literally everyone who has ran into this issue and the only people complaining about it don't know what Google is.

As for the performance, I have noticed zero frame drops since playing, whilst I'm waiting on the new RTX 4090 I'm running a AMD 5700 NON XT and a R5 3600 and I have had literally zero issues running maxed out 1440p. Never drops below 60, hell even 80. Cutscenes etc aren't laggy so I really don't see what people are talking about. I know people have bought EA games just to shit on them in reviews before so maybe thats it?

Early access was given a day later than it was supposed to which is an actual issue.

[h1] Gameplay [/h1]

The game is great and probably the most enjoyable FIFA to play since 19/20. Even having fun with the menus this year to be honest. The new Freekick/Corner mechanics are really cool as well, try and a near max power knuckle ball corner and you'll know what I mean. The players at time can feel really sloppy but I think that is more because they changed the way dribbling works and not everyone has gotten used to it. Overall than FUT has been really great with instant queues in Australia with crossplay enabled. Player Career Mode has been great as well, haven't tried other modes yet but I will get around to it.

[h1] Things EA Should Add [/h1]
Combine our transfer market in FUT with the rest of the consoles, I don't see a single reason why they couldn't do this but I have heard rumours they are implementing it by the end of this year.

Pro Clubs cross-play.

More realistic career mode options. How on earth is a 70 Rated, 18 year old breaking into the starting XI at top clubs just because he done good in training. It's stupid.


Overall though, get the game if you enjoy FIFA and you'll enjoy it. Even as a casual football fan I suspect you'll enjoy Kick-Off etc.",Positive,POSITIVE,0.9639657139778137,1,Positive
"I liked it for having the complete license of teams and players and the superior graphics of it compared to its counterpart game. But somehow i feel like its lacking the feeling of football game on the game play itself, The moves are somehow not realistic, the cut scenes are repetitive, lacking haptic feedback which results to making the player feel like its boring.",Positive,NEGATIVE,0.9995549321174622,0,Negative
the best game all of time after efootball,Positive,POSITIVE,0.9998542070388794,1,Positive
bomb,Positive,NEGATIVE,0.9996403455734253,0,Negative
"This game. Where do I even start? Honestly with all of my heart, PLEASE NEVER spend your money on this product. Refrained from calling it a game, know why? Because this isn't a game, it's a way of life that is ultimately debilitating and crippling long term. I'm literally begging you to please never poison your brain with this, it will shape and destroy your grey matter at will, taking control of you like a parasite that only has it's best interests at heart. This game will haunt you. Please.",Negative,NEGATIVE,0.9426495432853699,0,Negative
TOP G,Positive,POSITIVE,0.9939574003219604,1,Positive
"Some improvement from the last games
really like my career mode
good World cup mode",Positive,POSITIVE,0.996738851070404,1,Positive
"good game, although EA should really stop it with these football games. Every update or new version makes the game worse, until the point that they have to find specific things to make worse, and FIFA 23 is an example of those times. I still think they can come back from this and possibly create a great game which could live in the memory of recent players, but now is just not the time.

as much as I always liked this game, always being one of my favorites, something feels off this year, I just can't tell what it is.",Negative,NEGATIVE,0.9970212578773499,0,Negative
heavy,Negative,NEGATIVE,0.9997320771217346,0,Negative
Take my money,Positive,NEGATIVE,0.992106556892395,0,Negative
"lots of bugs controller is not working, fps drops, worst server it keep disconnecting middle of the game. totally loss of money... ea should improve the game... i prefer not to buy this game",Negative,NEGATIVE,0.999554455280304,0,Negative
"On PC the game freezes for anywhere from five to twenty seconds a few times every match, even offline. I have an overkill PC and this game can't run without doing this. I figured I'd give it a chance after a few updates but it hasn't been fixed. If I could get a refund I'd do it in an instant this game runs like a steaming pile of shit",Negative,NEGATIVE,0.9996758699417114,0,Negative
"good feel on mechanics, more play modes",Positive,POSITIVE,0.9998164772987366,1,Positive
The game is not working,Negative,NEGATIVE,0.9997790455818176,0,Negative
"i'm a big fan of fifa.. i've been playing it since fifa 16 on my xbox.. but i stopped enjoying xbox so i bought fifa 22 for my computer and it worked great.. so i thought that fifa 23 would be just as good and better but that's not possible to say I played 2 matches on this game and then never started it for more than 3 minutes or not at all. I tried every single tutorial on youtube about fixing the game and nothing helped. Although I have 5.5 hours on the game, but 5 hours of that are just fixing and I don't count that I fixed the fact that it wouldn't turn on at all. When it came out on 9/27/2022 it worked that day but the next morning it didn't work anymore... I'm disappointed",Negative,NEGATIVE,0.9970220923423767,0,Negative
Super Good,Positive,POSITIVE,0.9998506307601929,1,Positive
Polecam lecz mam przez tą grę czasem myśli samobójcze a czasem nie prawie kontroler wyleciał przez okno,Positive,NEGATIVE,0.9898213148117065,0,Negative
siiii,Positive,POSITIVE,0.7943046689033508,1,Positive
suck waste of money for sure,Negative,NEGATIVE,0.9996128678321838,0,Negative
"best one since fifa 17 because let's be honest that was the last enjoyable and good fifa of the recent ones, to be honest really enjoyable and they really put in the necessary effort to make it a good game, the mechanics are amazing and the gameplay is pretty realistic, scoring a goal now really is a challenge and it is a s balanced as it gets (of course there are a few tweaks around the edges needed to be made but aren't affecting the gameplay to consider it unplayable or unenjoyable)
Overall, very solid and really fun, never thought I would get that much serotonine from this year's game but I can say that it really got me hooked, definetly worth buying on a sale if you get the chance.",Positive,POSITIVE,0.9997628331184387,1,Positive
Game is ok,Negative,POSITIVE,0.9997925162315369,1,Positive
complete joke ea anticheat stops from even coming on,Negative,NEGATIVE,0.9995976090431213,0,Negative
"Gameplay is not smooth, seems like players are slipping on the field. Please update gameplay mechanism.",Negative,NEGATIVE,0.9992573857307434,0,Negative
shittest game ever,Negative,NEGATIVE,0.9699697494506836,0,Negative
Csoppet bugos a cucc,Negative,NEGATIVE,0.9992603659629822,0,Negative
discutabil,Positive,NEGATIVE,0.9915444850921631,0,Negative
Pain like every other year,Negative,NEGATIVE,0.9959719777107239,0,Negative
Anticheat is so fucked up. I do not know when my game might start and when it might not!!,Negative,NEGATIVE,0.9997618794441223,0,Negative
A Lot Of Bugs In This Games,Negative,NEGATIVE,0.9984147548675537,0,Negative
FIX THIS SHIT,Negative,NEGATIVE,0.9985837936401367,0,Negative
"Cheaters, cheaters, cheaters.",Negative,NEGATIVE,0.998059093952179,0,Negative
loveeeee,Positive,POSITIVE,0.9981153011322021,1,Positive
hujovi game,Negative,POSITIVE,0.957411527633667,1,Positive
Pro Clubs is better and more fun than it has ever been. The rest of the game is pretty okay too.,Positive,POSITIVE,0.9998267292976379,1,Positive
"it's a best fifa game, at the moment!!
Argentina win!!))",Positive,POSITIVE,0.9998437166213989,1,Positive
broken trash,Negative,NEGATIVE,0.9995735287666321,0,Negative
doesnt let me open this game,Negative,NEGATIVE,0.9853150844573975,0,Negative
DONT BUY IT ITS A WASTE OF MONEY GIVES YOU ERROR CODES WHEN TRYING TO LOAD THE GAME UP IVE SPENT £80 AND HAVENT EVEN BEEN ABLE TOPLAY YET,Negative,NEGATIVE,0.9997077584266663,0,Negative
good game just need good pc,Positive,POSITIVE,0.9903032183647156,1,Positive
na merda,Positive,NEGATIVE,0.6119417548179626,0,Negative
"Trash game, couldn't even launch and enter the game. ANTI CHEAT sucks",Negative,NEGATIVE,0.9995571970939636,0,Negative
i gave a fucking subscription to ea sports to play fifa 23 and in the end i only played for 10 hours and i can't anymore fucking shit,Negative,NEGATIVE,0.9988449811935425,0,Negative
nice gem,Positive,POSITIVE,0.9998718500137329,1,Positive
Imagine spending $100 on a video game and then it won't even turn on. This is the reality if you buy fifa 23,Negative,NEGATIVE,0.9953085780143738,0,Negative
uma merda fodase,Positive,NEGATIVE,0.9355895519256592,0,Negative
"fucking shit game never play this game in a million years in a million lifetimes this game will always be shit and filled with cancerous players and bugs that will melt your pc and make you want to hang yourself. however, packing a toty will give your life meaning and allow you to sit and rosterbate for hours",Negative,NEGATIVE,0.9922112226486206,0,Negative
absolute dogshit,Negative,NEGATIVE,0.9635107517242432,0,Negative
Imagine being an AAA company and not being able to solve a fking anti-cheat error,Negative,NEGATIVE,0.9997913241386414,0,Negative
"what a waste of £60, the game doesnt work, i managed to play 10 hours by running origin as administrator then after a update, nothing works tried everything possible,  tried to get a refund as i cant play the game but they wont refund anything over 2 hours gameplay, what a joke, how can they get away with this sh'#...",Negative,NEGATIVE,0.9995484948158264,0,Negative
game kizbi,Negative,POSITIVE,0.9051530361175537,1,Positive
lovely game 10/10 will be playing for years to come!!!,Positive,POSITIVE,0.9997373223304749,1,Positive
YES,Positive,POSITIVE,0.9997805953025818,1,Positive
"Too much input lag on PC for me. It seems even harder to select the players i want to this year, and compared to 22 it feels like i am underwater with anyone below 90 pace. - Online

Offline however (squad battles) feels fine, but unfortunately not worth the half price tag. 

Review based on FUT only.  Wait till 24 for Pro Clubs cross-play (hopefully) 👍",Negative,NEGATIVE,0.9994001388549805,0,Negative
"FUCKING SHITTEST FUCKING GAME FIFA HAVE EVER MADE BUNCH OF MONEY GRABBING FUCKWITS CANT FIX SIMPLE MECHANICS.

YOU CAN JUST PRESS LEFT TRIGGER SHOOT AND THEY SCORE 90% OF THE TIME. FIX YOUR DOGSHIT GAME YOU BUNCH OF USELESS FUCKWITS",Negative,NEGATIVE,0.9991596937179565,0,Negative
"Not realistic, Nunez shoots like R9",Positive,NEGATIVE,0.9990167617797852,0,Negative
just dont,Negative,NEGATIVE,0.9963287711143494,0,Negative
game dont start lmfao,Negative,NEGATIVE,0.9950073957443237,0,Negative
Chinese new year!!!,Negative,POSITIVE,0.9994472861289978,1,Positive
"What a sublime end to the Fifa brand of football. 

If you can get over your frustration, your anger and your feeling of resentment towards a company that has no excuses for their bunged releases year on end, then I promise you this, you will end up smiling from ear to ear playing this years version.

I have been playing Fifa games since 1994 and there was a period in there for the last 5 or so years that Fifa just felt like it had been neglected, re-packaged, re-painted and re-gifted to us over and over. I will admit that last years version on console was a pretty great game but this one just feels so right.

For whatever reason I didn't suffer the anticheat issue, I started the game directly out of origin instead of steam and watched it bungle over itself a couple of times saying that the anticheat failed to load or some such rubbish before it just corrected itself and I never looked back.

8 hours in and I honeslty haven't been this motivated to play a fifa game in a decade. The visuals in this version, finally with hypermotion, looks fantastic. The changes to the pitch as you play, the stadiums, and the movement of players is amazing. The detail in the players themselves is incredible. I could never have imagined 28 years ago that a game of football on a computer screen (TV back then) could possibly look or play in such an amazing way. 

Yes we deserve for games to work in the way they are advertised. Yes a game should just load, its kind of fundamental to playing said game. No I have no idea how such a widespread error could make it to launch, particularly from a company as big as this one, and lets hope they understand the value of loyalty by offering some sort of in game compensation. Because we are the same people supporting their product year after year. 

But this is a review about the game you get to play once you overcome the ridiculous roadblocks so many are experiencing. With that in mind, the game is just fantastic. The commentary is the best its been, the sound is wonderful and the speed of the game makes it feel like you are truly playing a game of football. 

I hope so many of you will circle back around after you have played and consider adjusting your reviews to reflect the game, despite the terrible launch. Surely there are a huge team of people that truly poured their passion into delivering such a wonderful game and they must be devastated to have their work be completely overlooked and overshadowed by a poorly implemented anticheat software and a lack of real communication, action and support from their company to us their valued customers.

I hope you all get to experience this game soon and I am sorry for anyone who has been aching to play it, cleared their schedule, only to be faced with an issue that prevents that.

See you on the virtual pitch :)",Positive,POSITIVE,0.9974768757820129,1,Positive
Same as FIFA 22.,Positive,NEGATIVE,0.5375282764434814,0,Negative
game doesnt start recently,Negative,NEGATIVE,0.9935139417648315,0,Negative
"Bom, analisando a jogabilidade, detalhes gráficos e conteúdo, definitivamente é possível afirmar que se trata de um jogo",Positive,NEGATIVE,0.9508634805679321,0,Negative
devs should go to sleep permanently :),Negative,NEGATIVE,0.9995402097702026,0,Negative
"Dear EA Sports Canada,

I am writing to express my deep disappointment and frustration with the ongoing issue of cheating in FIFA games. As a long-time fan, I was excited for FIFA 23 game, and was looking forward to enjoying a fair and enjoyable gaming experience. However, it is disheartening to see that despite the implementation of an anti-cheating system, cheaters continue to ruin the game for myself and many other players.

I understand that eliminating cheating completely may be a difficult task, but it is imperative that more effective measures are taken to address this issue. It is unacceptable that players are able to use hacks and exploits to gain an unfair advantage, and it undermines the integrity of the game that we all love to play.

As a result of this ongoing problem, I and many other players have decided that we will not be purchasing any further FIFA games until this issue is adequately addressed. It is a shame that we have been forced to make this decision, but the presence of cheaters in the game makes it impossible to continue supporting your product.

I strongly urge you to prioritize the implementation of more effective anti-cheating measures and to take stricter disciplinary action against players who are caught cheating. One potential solution could be the implementation of a more robust in-game reporting system and stricter penalties for players who are found to be cheating. Additionally, offering incentives for players who report cheaters and help to create a safer and more fair online gaming environment could be effective in deterring cheating.

I am disappointed that it has come to this, but unless this issue is addressed, I and many other players will be forced to look elsewhere for our gaming needs.

Sincerely,


Long time fan",Negative,NEGATIVE,0.9969381093978882,0,Negative
Copy/paste of the last 5 Fifa games. Same old pay to win garbage.,Negative,NEGATIVE,0.9995067119598389,0,Negative
So many f*********** bugs but it's FIFA so you'll purchase it.,Negative,POSITIVE,0.9958524703979492,1,Positive
bas trd,Negative,POSITIVE,0.6040730476379395,1,Positive
"Worst game i've ever played. Don't buy it for your mental health. The arbiter is garbage. There is no foul or there is in normal situations where almost nothing happened (at least situations that shouldn't be a foul). Game is bugged. My game keeps freezing from nowhere so i have to restart the game. Last time i just entered a first draft match and it freezed and i lost draft token. Ea support doesn't do anything with that when i was asking them for help. (It's not my PC fault). And if you'r a begginer or someone with not much skill you'll still play with some pro player, at leat that happens to me every time. So don't buy it because you'll regret it. Game is glitching, arbiter is garbage so the game is unplayable and on PC version of this FIFA there is so much more glitches than on some consoles",Negative,NEGATIVE,0.9994612336158752,0,Negative
ea is a joke. Disgrace,Negative,NEGATIVE,0.9997860789299011,0,Negative
pay to win broken game but the only football game,Negative,NEGATIVE,0.9776744246482849,0,Negative
worse fifa 22,Negative,NEGATIVE,0.9996920824050903,0,Negative
PC Port is so garbage,Negative,NEGATIVE,0.9997779726982117,0,Negative
why cant i change my camera ??????,Negative,NEGATIVE,0.9992641806602478,0,Negative
"Happy Chinese New Year,点艹韩国盗贼",Negative,POSITIVE,0.9997919201850891,1,Positive
Won't. Stop. Crashing,Negative,NEGATIVE,0.964455783367157,0,Negative
If you don't care about Ultimate Team or Online which both suck and you can actually get the game to launch (only took me 2 hours) all of the offline modes are actually pretty fun. If you get it on sale I would say this is worth it.,Positive,POSITIVE,0.9997097849845886,1,Positive
i have had the game from day one and am still unable to get it to why on earth would i recommend it to anyone. i have bought fifa every year since 2006 and i am not happy about this.,Negative,NEGATIVE,0.9987892508506775,0,Negative
EA me puede succionar los huevos,Negative,NEGATIVE,0.792841374874115,0,Negative
pretty lit if you asked me,Positive,POSITIVE,0.9991807341575623,1,Positive
okay je,Positive,POSITIVE,0.9993854761123657,1,Positive
"good, but still needs performance improvement",Positive,NEGATIVE,0.9283514618873596,0,Negative
great game never launches 50/50,Positive,NEGATIVE,0.9991335272789001,0,Negative
Lovely game,Positive,POSITIVE,0.9998641014099121,1,Positive
A$$HOLE MADE ME BUY IT AND THE APPS WONT LAUNCH STUPID GAME,Negative,NEGATIVE,0.9987840056419373,0,Negative
good game but dont buy it on steam it doesnt even load,Positive,NEGATIVE,0.9576452970504761,0,Negative
how to fix memory dump ?,Negative,NEGATIVE,0.9997028708457947,0,Negative
Awful Awful Awful,Negative,NEGATIVE,0.9997805953025818,0,Negative
qjehyawdhqa,Positive,POSITIVE,0.5425441265106201,1,Positive
"This not as big as I'm expected 
So disappointment due to lacking of improvement from the FIFA 22
Not much improvement the made",Negative,NEGATIVE,0.9996528625488281,0,Negative
gtx 770,Negative,POSITIVE,0.9462031126022339,1,Positive
thats suck ea app i cant play,Negative,NEGATIVE,0.9965841770172119,0,Negative
not the best fifa but still good,Positive,POSITIVE,0.9998522996902466,1,Positive
very laggy on pc,Negative,NEGATIVE,0.999786913394928,0,Negative
its nice game,Positive,POSITIVE,0.9998633861541748,1,Positive
"Despite a couple of issues to begin with, with the new anti-cheat & some stutters on cut scenes. The game is running smooth as butter now with the latest Nvidia drivers. I do also have a 30 series GPU which might help my experience, but regardless it's fully playable.",Positive,POSITIVE,0.9796938300132751,1,Positive
bugs after bugs its just so buggy,Positive,NEGATIVE,0.9992844462394714,0,Negative
shitest game ever,Positive,NEGATIVE,0.9985138773918152,0,Negative
piece of shit,Negative,NEGATIVE,0.9981174468994141,0,Negative
"Its pretty good, except the mistakes EA make. I would recommend for people who like football. Btw i have the Japanese Pele",Positive,POSITIVE,0.9973133206367493,1,Positive
biu ti phun,Positive,POSITIVE,0.7580078840255737,1,Positive
"At the beginning I couldn't start the game, because of the anticheat. But after a little bit of research I found a way to start it. Just make sure that the Orgin launcher isn't active (chech it with task manager), then start the Origin launcher as an administrator and launch the game from there. Now it will start just like normal",Positive,NEGATIVE,0.7064477801322937,0,Negative
wwww,Positive,POSITIVE,0.9401971101760864,1,Positive
gameplay and graphics,Positive,POSITIVE,0.998818576335907,1,Positive
ronaldo sewy,Positive,POSITIVE,0.9988775849342346,1,Positive
fun wehe,Positive,POSITIVE,0.9998375177383423,1,Positive
The game is pretty much just like any other recent FIFA but the game stability and EA Anti Cheat software are almost unbearable... Game fails to launch about 90% of the time uninstalling and reinstalling anti cheat fixes it in most cases but not every time... EA has failed to fix these issues and it almost seems as if they don't care or don't see it as a priority... This is a universal complaint and EA still hasn't sent out a fix,Negative,NEGATIVE,0.9995051622390747,0,Negative
"This EA Anti Cheat is the worst anti cheat of all games i tried with anti cheat, not only blocking cheat apps, but also blocking you to play the game",Negative,NEGATIVE,0.9997765421867371,0,Negative
"This game is so fucking horrible, doesn't even launch after i've removed all other clients on computer and followed all guides etc.",Negative,NEGATIVE,0.9997900128364563,0,Negative
no commentary,Positive,NEGATIVE,0.9986593723297119,0,Negative
EA....,Negative,POSITIVE,0.8904921412467957,1,Positive
EA you are not respected shit. You're selling it just because people don't have alternatives. But one day there will be someone who will leave you without this cow. Or at least make it work.,Negative,NEGATIVE,0.9889472723007202,0,Negative
didnt even start bro LMAO,Negative,NEGATIVE,0.9982874989509583,0,Negative
=-,Positive,NEGATIVE,0.6044023036956787,0,Negative
"There are a few potential reasons why you might be feeling sorry about buying FIFA 23 and supporting EA. One possibility is that the game has been experiencing technical issues or bugs that have made it difficult or frustrating to play. Another possibility is that you feel that EA has not been transparent or fair in its business practices, such as with its use of microtransactions or its handling of player data.

In the future, I will be more mindful of the companies and products I support and will strive to make choices that align with my values.",Negative,NEGATIVE,0.999016523361206,0,Negative
fifa 23 is good so far for me  but trivela shot is too overpowered it s kinda a broken should be patched and some angles we think is too tight for shooting the ball still goes in to the net,Positive,NEGATIVE,0.9979046583175659,0,Negative
good soup,Positive,POSITIVE,0.9998294115066528,1,Positive
"Thank you for applying the anti-cheat after force me using the origin, you have made up my mind to support the pirate version of this game forever.",Negative,POSITIVE,0.9997475743293762,1,Positive
il ike this game sooo mush i wish if it smoother like fifa 22,Positive,NEGATIVE,0.9912466406822205,0,Negative
я ебал в рот этот античит ваш конченный,Negative,POSITIVE,0.6079915761947632,1,Positive
"Great Game 
Having a lot of FUN!!!!!!!!!",Positive,POSITIVE,0.9998756647109985,1,Positive
Anti-cheat is a nightmare. I played this game 10 hours and I spent more than 10 hours just trying to open the game as anti-cheat doesn't allow me to open it.,Negative,NEGATIVE,0.9996101260185242,0,Negative
no it has too many glitches. I have to wait 24hrs to be able to play the game because if their system.,Negative,NEGATIVE,0.9985764026641846,0,Negative
ewojecu ifiafa fifa,Positive,POSITIVE,0.7287747859954834,1,Positive
i like the game,Positive,POSITIVE,0.9998154044151306,1,Positive
anti cheat dont work,Negative,NEGATIVE,0.9721869230270386,0,Negative
doesnt work shit,Negative,NEGATIVE,0.9931886196136475,0,Negative
Can't launch the game half of the time due to dumb issues,Negative,NEGATIVE,0.9948140382766724,0,Negative
W GAME FR,Positive,NEGATIVE,0.7409189939498901,0,Negative
"it's very good game, i like it.
pes siker,
i'm joking.",Positive,POSITIVE,0.9998507499694824,1,Positive
"VERY BAD, EA BAD.",Negative,NEGATIVE,0.9998117089271545,0,Negative
good game if it doesn't crash,Positive,POSITIVE,0.999782383441925,1,Positive
"This game represents the most effort I've put into overcoming technical glitches, including having to go so far as to enable different BIOS settings to allow the required anti-cheat to run. The fact that you have to put up with a horribly inefficient anti-cheat when you have no interest in playing online is reason enough to avoid this thing. 

You can't set the difficulty from within the game either. This is a feature that's in every soccer game going back to like 1994. It's 2022, and EA is actually regressing on basic game functionality. 

The game constantly resets itself, thinking that its your first time playing. You'd think that wouldn't be so annoying, but its another 4-5 screens to click through and set EVERY SINGLE TIME you boot up, and additional cut scenes and movies you CAN'T CLICK THROUGH else where in the game navigation.

EA is losing their rights to FIFA, and it couldn't be a better thing for soccer video game fans around the world. I regret giving EA any money for this game.",Negative,NEGATIVE,0.9925476908683777,0,Negative
EA: same game different name,Negative,NEGATIVE,0.9930874705314636,0,Negative
simply not working,Negative,NEGATIVE,0.9997990727424622,0,Negative
"this game is very good and please give me a 95 pele card or a hero card

Thank you",Positive,POSITIVE,0.9998584985733032,1,Positive
terrible optimisation for pc. Finally managed to get it to load and it is so slow and laggy that it is unplayable. I have wasted my money.,Negative,NEGATIVE,0.9998182654380798,0,Negative
just nice,Positive,POSITIVE,0.9998681545257568,1,Positive
Doesn't work on Steam Deck / Linux machines. Shame and pure laziness.,Negative,NEGATIVE,0.9997062087059021,0,Negative
"Bad game,missed the hero pack, 90+pace players feels like 68 pace what the hell. dogshit game fix your game EA get better.",Negative,NEGATIVE,0.9992352724075317,0,Negative
I can't say that I'm satisfied with the game... Big delay in starting the game... because it really needs to load steam first... EA-Launcher second and anticheater third... :-( ... The graphics remain almost the same ... as in previous years ... also I notice a low frame rate in the game .... Another disadvantage is that you cannot use family share on steam ... (so I can't to share the game with my brother in the other room ... :-(,Negative,NEGATIVE,0.9995660185813904,0,Negative
literally will not open im so tired bro pleeeeeeaaaaaase im just trying to play ball bro,Negative,NEGATIVE,0.997470498085022,0,Negative
CANT EVEN LOAD GAME TO PLAY AND THEY WOULD NOT GIVE MONEY BACK!!,Negative,NEGATIVE,0.9989008903503418,0,Negative
"shit game. after 6 hours of playing this shit game, the game is still shit",Negative,NEGATIVE,0.9997275471687317,0,Negative
"UNA MIERDA LA OPTIMIZACION, lo compré porque estaba en oferta a 41 dolares, sino pediría el reembolso, es imposible jugar asi, tengo una buena computadora y parece que estoy jugando con una windows 98, la concha de su madre pongan mas atención a los usuarios de pc, sno lo recomiendo para nada, LA CONCHA DE TU MADRE MBAPPE Y EASPORT",Negative,NEGATIVE,0.9835931062698364,0,Negative
good game :) it's to waste £1000 on cards and get nothing its great :)))))))))))))))))))),Positive,POSITIVE,0.9817589521408081,1,Positive
kinda shitty,Negative,NEGATIVE,0.9996998310089111,0,Negative
petty got,Positive,NEGATIVE,0.9987373948097229,0,Negative
bag pl n jocu ăsta,Positive,NEGATIVE,0.9868255257606506,0,Negative
this game runs like ass dont buy on pc,Negative,NEGATIVE,0.9986257553100586,0,Negative
sh  1 t,Negative,NEGATIVE,0.9399818778038025,0,Negative
"Worst FIFA ever created, wont even run half the time, EA is dogwater.",Negative,NEGATIVE,0.9996939897537231,0,Negative
Idk why people hate on the game this game is so good it might not be what we wanted but it the last fifa and it at the list of ones of the best fifa,Positive,POSITIVE,0.9994115829467773,1,Positive
"Extremely poor performance, lack of optimizations, lack of innovation, very complicated tecnical issues that need work, a lot of work. This really just shows EAs greed, charging 70€, for a game that doesnt work. The worst game Ive ever bought.",Negative,NEGATIVE,0.9998006224632263,0,Negative
"ty csgo for free case, so i can bought this game.",Positive,NEGATIVE,0.9795381426811218,0,Negative
Game won't launch,Negative,NEGATIVE,0.9993231296539307,0,Negative
"Unplayable..., error everytime i launch it no matter it's origin or steam, tried all method from reinstalling anticheat to reinstalling the game and still not working, EA please just remove the useless anticheat, it's the problem",Negative,NEGATIVE,0.9997147917747498,0,Negative
ugh,Negative,NEGATIVE,0.9994556307792664,0,Negative
"I like men playing with balls, especially my balls",Positive,POSITIVE,0.9870507717132568,1,Positive
Fifa 23 is spectacular and they definitely brushed up on a lot of what Fifa 22 was not. All around good smooth game play in every mode. Very responsive and articulate AI and user controls. This is a good solid win I'm very satisfied with the gameplay all around solid,Positive,POSITIVE,0.9998725652694702,1,Positive
"The quality of the shadows are amazing, can't wait to see what they bring next year!",Positive,POSITIVE,0.9998661279678345,1,Positive
zg,Negative,POSITIVE,0.5794261693954468,1,Positive
messi the true of G.O.A.T,Positive,NEGATIVE,0.9981173276901245,0,Negative
shit game horrible anticheat,Negative,NEGATIVE,0.9997099041938782,0,Negative
The game dosen`t run! Steam says it`s running but I see no game!,Negative,NEGATIVE,0.9995168447494507,0,Negative
WDAD,Positive,POSITIVE,0.943658173084259,1,Positive
I like kicking my ballz into your soccer net,Positive,POSITIVE,0.9634997248649597,1,Positive
insane,Positive,NEGATIVE,0.9967740178108215,0,Negative
Career mode is better than ever--loving that so far. I don't play any of the other modes and I haven't had any technical issues in the slightest. 9/10.,Positive,POSITIVE,0.9978506565093994,1,Positive
"what retarded stuff is this, anti cheat error anti cheat error anti cheat error",Negative,NEGATIVE,0.998992383480072,0,Negative
Amazing game!!!,Positive,POSITIVE,0.9998801946640015,1,Positive
Crash Simulator 2023,Negative,POSITIVE,0.8222163319587708,1,Positive
Laggy as trash game,Negative,NEGATIVE,0.9997716546058655,0,Negative
grass,Negative,POSITIVE,0.5109083652496338,1,Positive
L game,Negative,POSITIVE,0.9617542624473572,1,Positive
"There are wayyyy too many crashes. I have spent most of my time getting the game to simply run a game... Save it until EA cares to fix their problems.

Edit: I have since figured out all of the necessary hoops to jump through to fix everything. Go to discussions and do the top rated EAAntiCheat fix, then I also had to add DirectX to my steam folder... Just try that and then it runs well enough. Still very frustrating to have to do that. Should be ready to play without all the hooplah.",Negative,NEGATIVE,0.8071480393409729,0,Negative
having issue with the game since the 27th wont let me get into the game. Really does annoy me how EA havent resolved this issue yet.,Negative,NEGATIVE,0.9531128406524658,0,Negative
Fix the stuttering issue EA,Negative,NEGATIVE,0.9949172735214233,0,Negative
BRO CAN SOMEON E PLEASE HELP ME LAUNCH FIFA 23 IT WONT LAUNCH I HATE THIS GAME PLS HELP MEEEEEEEEE,Negative,NEGATIVE,0.9951430559158325,0,Negative
bugs everywhere,Negative,NEGATIVE,0.9943817257881165,0,Negative
It wont open,Negative,POSITIVE,0.9998018145561218,1,Positive
futbol,Positive,POSITIVE,0.9862107634544373,1,Positive
manuk akal,Positive,POSITIVE,0.9454565048217773,1,Positive
game pro pro game,Positive,POSITIVE,0.9949488639831543,1,Positive
Better than 22,Positive,POSITIVE,0.9996546506881714,1,Positive
Not bad,Positive,POSITIVE,0.9995881915092468,1,Positive
pidaras give me free nahoi,Negative,POSITIVE,0.500460147857666,1,Positive
excellent game,Positive,POSITIVE,0.9998539686203003,1,Positive
P2W garbage. Terrible PC port crashes on a 6900XT.,Negative,NEGATIVE,0.9997866749763489,0,Negative
qwertyuiop,Positive,NEGATIVE,0.9849768877029419,0,Negative
You will likely spend hours attempting to get it to work and that is really only a 50-50.,Negative,NEGATIVE,0.9991897940635681,0,Negative
Neat.,Positive,POSITIVE,0.9997952580451965,1,Positive
"Game did not save career mode files, which meant hours of work gone for no reason.",Negative,NEGATIVE,0.9997349381446838,0,Negative
is kod,Positive,NEGATIVE,0.9862679243087769,0,Negative
Rage Quit!,Positive,NEGATIVE,0.9993584752082825,0,Negative
messi good,Positive,POSITIVE,0.9991394281387329,1,Positive
"I played this on free weekend and still want my money back...

Complete buggy mess if you manage to get the game to launch",Negative,NEGATIVE,0.9997122883796692,0,Negative
"Horrible gaming experience, super lagging not responsive to launch. Screen tearing and game crashing...
PC SPECS
RYZEN 9
RTX 3090
32GB OF RAM",Negative,NEGATIVE,0.9997994303703308,0,Negative
Siuuuuuuuuuuuu,Positive,NEGATIVE,0.9858291745185852,0,Negative
please fifa23,Positive,POSITIVE,0.9985507130622864,1,Positive
"This game doesnt lauch even after couple files integration verifications, and when it does it crashes on menu.
When u get to play game 1 of 10 trys you experience 15fps menus, 5fps goal celebrations and replays but gameplay it self is +60fps with 1440p ultra.
REFUND",Negative,NEGATIVE,0.9875594973564148,0,Negative
i got pickford very cheap! the best goalkeeper in the premier league!!!!!!,Positive,POSITIVE,0.5329184532165527,1,Positive
"Possibly the worst FIFA I've played in at least 6 years. Scripted matches, the AI is idiotic. Don't but",Negative,NEGATIVE,0.9998112320899963,0,Negative
"Way too easy to get great players and its destroying the in-game market. 99% of players below 84 rated are basically worthless. Ease of team building leaves a lack of desire to try to make my team better, or to play at all.",Negative,NEGATIVE,0.9996448755264282,0,Negative
the only good thing about the game is building the team and looking at the cool cards lmao. gameplay is ass,Negative,NEGATIVE,0.9994843006134033,0,Negative
S++,Positive,POSITIVE,0.9985055923461914,1,Positive
this game is a joke the bugs in this game makes the game lame and unplayable and just overall sucks as a game not worth the 70 $ price tag,Negative,NEGATIVE,0.99982088804245,0,Negative
Had to spend an hour trying to get the game to launch. After finally reaching that goal all I get is FIFA 22 in worse.,Negative,NEGATIVE,0.9996182918548584,0,Negative
بهناتنهعم,Positive,NEGATIVE,0.5931470990180969,0,Negative
3eqw,Positive,NEGATIVE,0.8939988017082214,0,Negative
fix your game ea,Negative,NEGATIVE,0.9936702251434326,0,Negative
"Struggled so long to get it working only to have glitches and crashes randomly happening, what a nice way to end the last fifa.",Negative,NEGATIVE,0.9634714722633362,0,Negative
打不开 别买,Negative,NEGATIVE,0.9541280269622803,0,Negative
"Just wanted to chill with some career mode after not playing FIFA for a few years. Ended up spending 4 hours troubleshooting instead and never got it to work due to EAs anticheat. Tried about 15 different fixes I found, nothing worked. Never again EA.",Negative,NEGATIVE,0.999716579914093,0,Negative
machtig mooi,Positive,NEGATIVE,0.9371636509895325,0,Negative
bad gaem,Negative,NEGATIVE,0.9998007416725159,0,Negative
Honestly this game is really fun to play and it might be hard at first but after like a few days or hours its really fun and gets easier and more challeging over time.,Positive,POSITIVE,0.9829304814338684,1,Positive
"Major visual overhaul really adds to the experience. Game looks fantastic. 

Plays basically the same as always. Same problems as always. Decent football simulator with the same annoyances, same lack of detail, same lack of polish, same glitches and same moments of tedium.

It's FIFA, you know what you're getting. Fortunately it's easy to recommend it over FIFA 22.

EDIT: Ever since this game moved from Origin launcher to the EA app, it only launches about 40% of the time. Super annoying.",Negative,POSITIVE,0.7868703603744507,1,Positive
i have 2 hours of gameplay and thats all time spent trying to open the game. havent even gotten to a main screen. i cant make it passed the anti cheat load up page. ive tried every solution thats been put out. EA sucks dick thank you for the unplayable game. yet again.....,Negative,NEGATIVE,0.9978659749031067,0,Negative
Mostly bugs,Negative,NEGATIVE,0.9984490871429443,0,Negative
Fun game,Positive,POSITIVE,0.9998714923858643,1,Positive
htergsnaimjokåpyu,Positive,NEGATIVE,0.8293215036392212,0,Negative
"This game is so ass, it cant even open",Negative,NEGATIVE,0.9995633959770203,0,Negative
EA FIX UR F SERVERS,Negative,NEGATIVE,0.9869887828826904,0,Negative
decent game...... when anti cheat decides to allow me to launch the game,Negative,POSITIVE,0.9997085928916931,1,Positive
.-,Negative,POSITIVE,0.9832837581634521,1,Positive
the best fifa ever!,Positive,POSITIVE,0.9998589754104614,1,Positive
a joke,Negative,NEGATIVE,0.9972846508026123,0,Negative
"Would say it's alright. Decent step up in quality from FIFA 21 and 22. Only giving a postive rating because of that. Otherwise it would be negative.
 
Pros: The game feels more balanced and slightly slower which I would say is a big upside.
There is much less mechanic spamming and passing is more of a viable option.
Graphics are great at this is a next-gen game.

Cons: Didn't change too much from past FIFAs (expected but still).
FPS can be an issue on higher graphics qualities.
Online gameplay sometimes has hackers and connection issues.
Career mode is still very underwhelming even with the positive changes that have been made.",Positive,NEGATIVE,0.5665502548217773,0,Negative
Can I play the game I just bought? Of course not ..,Negative,NEGATIVE,0.9990703463554382,0,Negative
"shit ,  never launched game, early product complaint   was the only solution to the frustration",Negative,NEGATIVE,0.9996532201766968,0,Negative
goood cack,Positive,NEGATIVE,0.9986036419868469,0,Negative
Really Smooth,Positive,POSITIVE,0.999833345413208,1,Positive
poh,Positive,NEGATIVE,0.9815733432769775,0,Negative
"yikes, worst game i've ever played in my life. :))))))))))))",Negative,NEGATIVE,0.999731719493866,0,Negative
"wont launch. 
so fun :D",Negative,POSITIVE,0.9998568296432495,1,Positive
Expensive + Full of bugs + Bad perfomance = TAKE MY MONEY EA,Positive,NEGATIVE,0.9995686411857605,0,Negative
Stuck or crash with AntiCheat program frequently.,Negative,NEGATIVE,0.9995889067649841,0,Negative
people in this game are sick,Negative,NEGATIVE,0.9996179342269897,0,Negative
One of the best Fifa that played,Positive,POSITIVE,0.9998461008071899,1,Positive
I don't recommend this game because me and many of my friends have a problem with ea anticheat the game keeps crashing and can't be played!,Negative,NEGATIVE,0.9933873414993286,0,Negative
"i think this is the worst FIFA I've played so far, game is chaotic every pass looks like a shot, bad framerates, camera settings have been ruined, extremely vibrant colors, and defenders are all over the place even after you adjust their position...etc

in short don't buy this game there is absolutely nothing new to the series just copy-paste of the previous FIFA, if you are already a subscriber to EA Play like me try the '10 hours trial' and be the judge of it, thanks EA for ruining every game you touch. :((",Negative,NEGATIVE,0.9997573494911194,0,Negative
"Stupid pressing EA. Your company is shit. The pressing is shit, it's make noob player can play fuck. Stupid EA.",Negative,NEGATIVE,0.9997557997703552,0,Negative
Think and buy,Positive,POSITIVE,0.9984632730484009,1,Positive
bifa Bubu BU BU bu bUUUUUUUUUUUU,Positive,NEGATIVE,0.9905800223350525,0,Negative
bad game but play anyway xo,Positive,NEGATIVE,0.991300642490387,0,Negative
This game is a really cool Soccer/Football game that has great graphics. I totally recommend it. :),Positive,POSITIVE,0.9998750686645508,1,Positive
kool gaem,Positive,POSITIVE,0.9825177788734436,1,Positive
better than the last one ig,Positive,POSITIVE,0.999620795249939,1,Positive
"Requirements to enjoy FIFA 23:

1) A mortgage on all of your properties
2) A willingness to spend the money from said mortgages on fifa points
3) 47 hours a week of free time
4) 9G ultra-wideband connection
5) A dark, dusty basement
6) A years supply of g-fuel
7) 500 pounds of stomach fat
8) no soul
9) no moral compass
10) be psychopathic

Happy playing!",Positive,NEGATIVE,0.9614875912666321,0,Negative
z8,Negative,POSITIVE,0.9567685723304749,1,Positive
what a bad game .......and poor customer sevices from steam ........DONT WASTE YOUR MONEY OR TIME,Negative,NEGATIVE,0.9996597766876221,0,Negative
At least they fixed the anti cheat.,Positive,NEGATIVE,0.8874481320381165,0,Negative
GAME DOESNT OPEN IVE HAD THIS GAME  SINCE SEPTMEBER AND ITSONLY OPENED ONCEE WORST GAME OF ALL TIME EA FIX OR IMM SUING,Negative,NEGATIVE,0.999583899974823,0,Negative
møkka spill,Negative,NEGATIVE,0.9791258573532104,0,Negative
EA Anticheat ??????,Negative,NEGATIVE,0.9929136633872986,0,Negative
EA makes me spend 70€ on a game that doesn't even open.,Negative,NEGATIVE,0.9995918869972229,0,Negative
"Chinese New Year---Good
Lunar New Year---Ok，it doesn't matter
Korean Lunar New Year---F******K YOU",Negative,POSITIVE,0.8794194459915161,1,Positive
if you are on windows 11 for some reason you need to have secure boot active and on its a requirement.,Negative,NEGATIVE,0.9964579939842224,0,Negative
Won't launch.,Negative,NEGATIVE,0.998609185218811,0,Negative
"its just the same awful awful game with sh1t servers and awful technicalities behind it. It lags and its slow and EA server synchronise couldnt synchronise to a fuccking turtle.

Its just an awful game.",Negative,NEGATIVE,0.9997939467430115,0,Negative
very good graphics and realistic,Positive,POSITIVE,0.9998733997344971,1,Positive
kosom dy l3ba kol shwya t3mel crash w msh3aref al3b el fut,Negative,NEGATIVE,0.9965742826461792,0,Negative
it is a great game but it can be hard to have team like mine with toty curtois and prime van persie.I personay like the game and it is fun. Goodbye,Positive,POSITIVE,0.9996071457862854,1,Positive
Still learning,Positive,POSITIVE,0.9978931546211243,1,Positive
"dear kindly am facing problem while lunching the game an error says , (the application encountered an unrecoverable error)
cant be solved pls advise as i want to play the game and used it while i bought it for nothing !!!!!!",Negative,NEGATIVE,0.9983900785446167,0,Negative
Good game but i cant buy fifa points,Positive,POSITIVE,0.9989137649536133,1,Positive
The most disgusting thing I have ever seen. The limit of impossibility has surprisingly been moved a little further as every year. I don't understand how EA developers can sleep at night if they have no backbone. Even your own parents must hate you if you can make something like this and sell it for at least $70. Moral bottom. The game isn't worth playing even if someone paid you to play it. Shame. Congratulations to all developers who can look in the mirror in the morning and not throw up repeatedly.,Negative,NEGATIVE,0.99845290184021,0,Negative
ea.com,Positive,POSITIVE,0.9880958795547485,1,Positive
fuck this game,Negative,NEGATIVE,0.9993125200271606,0,Negative
"After years and years of buying Fifa.. Fifa 23 is officially the worst one. The technical performance of this game is simply terrible, and to make things worse,  I don't know who PSG had to buy a drink for, but bloody hell. If you play online, Division 1 is exclusively PSG. It gets to a  point where no matter how good you are, you can't beat Mbappe X Neymar X Messi. The AI does all the work for them. Once Mbappe starts sprinting,  there is nothing you can do. He'll then finish it 10/10 times no matter the angle or who your keeper is. It's like playing against aim bot cheat codes. Unreal from Fifa really, a terrible game",Negative,NEGATIVE,0.9995244741439819,0,Negative
i kik bal and it go in goal and ronaldo go like suiiiii,Positive,POSITIVE,0.9940652847290039,1,Positive
"As far as game play, it is one of the best FIFA's in a very long time. The speed of the game, the Hypermotion replays, and the cenematic celebrations are a nice touch added from the 'Next Gen' features. 
If you play Career mode, its the same as it always is - Nothing new added from EA, but they did take more stuff away! (Changing budget, League Table, Top scorers etc)",Positive,POSITIVE,0.9992750287055969,1,Positive
refunded. fps issues from corners and cutscenes resulting in rebooting the game. Happened most matches.,Negative,NEGATIVE,0.9989684820175171,0,Negative
Copy and Paste,Negative,NEGATIVE,0.9946295022964478,0,Negative
"almayın,oynamayın,hayatım tukendi",Negative,POSITIVE,0.8382962346076965,1,Positive
"is so dag sheat is not optimaze for pc 
ea your is the trash",Negative,NEGATIVE,0.9995439648628235,0,Negative
fax,Positive,POSITIVE,0.993943989276886,1,Positive
****,Negative,POSITIVE,0.9944186210632324,1,Positive
"Wow, first game that doesnt even launch after you bought it ..
What happened to this game..",Negative,NEGATIVE,0.9993300437927246,0,Negative
It is amazing and the grafics are nice,Positive,POSITIVE,0.999882698059082,1,Positive
"Don't know why it gets so much hate. A part from the initial starting problems, the game has been fun for me.",Positive,POSITIVE,0.9983443021774292,1,Positive
fun innit,Positive,POSITIVE,0.999829888343811,1,Positive
So bad,Negative,NEGATIVE,0.999785840511322,0,Negative
the game keeps crashing. the 2 hours of playtime i have were all spent with me trying to fix the game because it kept crashing i looked through multiple sites online looking for solutions on how to fix it. honestly extremely disappointing with this. not only is it the same game every year but is also poorly optimized. you would think after so many years of them releasing the same game that at the very least the game would run perfectly. guess i was wrong.,Negative,NEGATIVE,0.9997676014900208,0,Negative
"Always Crash,if EA give me mbappe tradable i will recomend this game",Negative,NEGATIVE,0.9983349442481995,0,Negative
never again.,Negative,POSITIVE,0.9949195981025696,1,Positive
call me messi cuz i like to play with balls,Positive,POSITIVE,0.976658284664154,1,Positive
Nice realistic game,Positive,POSITIVE,0.9998650550842285,1,Positive
GREAT game !,Positive,POSITIVE,0.9998691082000732,1,Positive
i love it very,Negative,POSITIVE,0.9998821020126343,1,Positive
can't cheat if you can't launch the game,Negative,POSITIVE,0.6000669002532959,1,Positive
"C NOTHING WORKS, CAREER MODE STILL BROKEN, PRO CLUBS KEEPS GETTING INTENTIONALLY WORSE!!! SJIT! SJIT! SJIT! SJIT! SJIT! SJIT! SJIT! SJIT! SJIT! SJIT! SJIT! SJIT! SJIT! SJIT! SJIT! SJIT! SJIT! SJIT! SJIT! SJIT! SJIT! SJIT! SJIT! SJIT! SJIT! SJIT! SJIT! SJIT! SJIT! SJIT! SJIT! SJIT! SJIT! SJIT! SJIT! SJIT! SJIT! SJIT! SJIT! SJIT! SJIT! SJIT! SJIT! SJIT! SJIT! SJIT! SJIT! SJIT! SJIT! SJIT! SJIT! SJIT! SJIT! SJIT! SJIT! SJIT! SJIT! SJIT! SJIT!",Negative,NEGATIVE,0.9990515112876892,0,Negative
Too much problem and bug xd,Negative,NEGATIVE,0.9996808767318726,0,Negative
it's noice,Positive,NEGATIVE,0.996807873249054,0,Negative
i can't join the game :(,Positive,NEGATIVE,0.9995245933532715,0,Negative
not bad lahhh,Positive,POSITIVE,0.9976453185081482,1,Positive
"Cap a la dreta per Xavi, assistència de Xavi més cap a la dreta per Messi Messi Messi Messi Messi Messi Messi Messi i més Messi i encara Messi encara Messi encara Messi encara Messi encara Messi encara Messi encara Messi encara Messi encara Messi encara Messi encara Messi encara Messi GOLGOL GOLGOL GOL !!!
GOLGOL GOLGOL GOLGOL GOLGOL GOLGOL GOLGOL GOLGOL G O L !!!!!
GOLGOL GOLGOL GOLGOL GOLGOL GOLGOL GOLGOL GOLGOL GOLGOL GOLGOL GOLGOL GOLGOL GOLGOL GOLGOL GOLGOL GOL!
Increïble, increïble, no m'ho puc imaginar, no m'ho podia imaginar, no ho he vist mai això, no ho he vist mai, increïble quina jugada increïble quina jugada Messi, Messi Messi, per a més i més i més, per a més i per a més, per a molt molt molt més i encara més i més i més i més i tot i tot i tot, i tot i més i tot i més",Positive,NEGATIVE,0.9978991746902466,0,Negative
new year same mistakes,Negative,NEGATIVE,0.9989827275276184,0,Negative
So far so good for first step before launch the game is to reinstall the anticheat use the given link in update news then have fun,Positive,POSITIVE,0.9976398944854736,1,Positive
they ruined it with the updates it was kinda meh at first but then the updates made it like fifa 21 which was the worse version everyone just spamming skills and making circles around themselfs till defence opens its just a disgrace on one tries to play normal football just like at the start of the game where u actually had to pass good to score,Negative,NEGATIVE,0.9994414448738098,0,Negative
"I must say this was so so so FRUSTRATING to play!!!
I could only play this game twice and then it won't start. It just stucks.....
Your Steam and EA app will say that you're playing it when in fact the game won't even show up on screen. Hilarious EA, very hilarious!",Negative,NEGATIVE,0.9952753782272339,0,Negative
"Release was kind of botched but if you can get past all those issues, the next gen upgrades like Hypermotion and updated graphics really makes it feel like a new game compared to previous ones. Game play feels good (will see how long that lasts when patches come out).

PC market being separate from the console markets is a bit of a bummer, one of the biggest issues with FUT on PC was the market dying off a lot faster compared to the consoles markets but being able to play with friends from consoles is nice.",Positive,POSITIVE,0.9934358596801758,1,Positive
"Muy buen juego todo lo que hay es una locura, desde el modo carrera hasta el FUT Champions.",Positive,NEGATIVE,0.9490411281585693,0,Negative
"still manages to surprise me how this game is still a buggy dog water unoptimized experience. ultimate team sucks the life out of anyone who plays it and constantly fishes its players in to spend to hopefully pack something worth over 100k. you see players literally go 20-0 in fut champions then proceed to get the most horse rewards then old mate timmy learning how to count up to 10 who is in div 10 using his dads credit card packs haaland and ronaldo off rip. overall the game has lost its values to the casual gamer and now is a pile of sweats that thirst for the win as if their nan was held at gunpoint. with that being said i still have grinded and will continue to grind this game throughout the year, glhf",Positive,NEGATIVE,0.9980319142341614,0,Negative
"This game is pure trash on PC. Can't believe how come they sell something that crashes forever. No matter what you do, the game is dead",Negative,NEGATIVE,0.9997641444206238,0,Negative
"I'm glad I tried this out to see that it's the same game for the past 10 years now. I'm sad that I had to give EA money for EA Play to try this instead of them actually putting in some effort and making a demo for the game that is available to everyone.

Please don't buy this, don't give them money because they will never learn and if they stop making Fifa someone else will. Where there is demand there is supply. Honestly if you give them money for Ultimate team specifically you should feel ashamed.",Negative,NEGATIVE,0.9991362690925598,0,Negative
booger,Positive,NEGATIVE,0.9781580567359924,0,Negative
"As much as I hate to be on the side of EA, I don't see what so many people are complaining about. My first run, it did crash. My second run, it ran fine. The game itself is pretty good. Controlling the players feels more fluid and less jerky than the last FIFA game I played which was 2018. The interface is a bit less cluttered and confusing as well. I had low expectations going in and they were surpassed. It's not a bad game. Don't pay $70 for it though.",Positive,POSITIVE,0.9924858808517456,1,Positive
"I have a Gtx 1660ti, and I am barely getting 30fps in Kick off and Career modes. This game is definitely not optimized for PC performance. I cannot play any online game mode at all. My players don't move during an online match. It feels like I have wasted all my money on his game since I cannot play with my friends. I beg EA to fix it. All I do is play career mode even tho me and my friends bought this game to play online. Also, I had an issue with the controller not responding in the game menu in FIFA22 but looks like they haven't fixed it this year aswell. Such a shame to pay $60 for this game.",Negative,NEGATIVE,0.9997989535331726,0,Negative
Huithawwssssss,Positive,NEGATIVE,0.974155068397522,0,Negative
This game has serious bugs.,Negative,NEGATIVE,0.9990594983100891,0,Negative
2.15E+21,Negative,POSITIVE,0.854149580001831,1,Positive
Whenever the game decides to launch I love it. If you have windows 11 please don't get this game yet. I don't know and don't think EA is fixing this issue but if they do it'd be great. The gameplay and packs are all fun and I always love it. The only issue and biggest one I have with this game is that around 90% of the times I try to launch it there's an unrecoverable error that refuses to launch the game.,Positive,POSITIVE,0.9663147330284119,1,Positive
realistic,Positive,POSITIVE,0.9998586177825928,1,Positive
"Game Crashes when i go start pro clubs, when i get a rare gold player in  my preview or when i select next match in pro clubs",Negative,NEGATIVE,0.9994370341300964,0,Negative
Fifa 22 is better than this,Negative,POSITIVE,0.9995929598808289,1,Positive
ik vind het een leuk spel een een spel dat je zeker met anderen moet spelen,Positive,NEGATIVE,0.9611197710037231,0,Negative
game nhu con cac,Negative,NEGATIVE,0.9175257682800293,0,Negative
"This is the worst fifa game ever ...
First you have to fight the game to run (anti-cheat error). When you succeed, your game is optimized worse than gta 4.
Game is super glitchy, ball feels like balloon, players wont respond to your controller sometimes, you have impossible to finish sbc and woman referee. 
This is fuckin scam, last time i paid ea any money. F U",Negative,NEGATIVE,0.9997881054878235,0,Negative
my fifa is not launch:(,Negative,NEGATIVE,0.9815942049026489,0,Negative
qwqweqwe,Positive,NEGATIVE,0.9521913528442383,0,Negative
It just randomly stopped opening!!!!!!!,Negative,NEGATIVE,0.9996782541275024,0,Negative
Crashes more than any early access game you can play,Negative,NEGATIVE,0.9996787309646606,0,Negative
A fun game to play with friends and family with great online modes. Only thing I would change is how sometimes it feels like  the other player or yourself is given an advantage each half. Also the EA anti cheat takes about 10 minutes to load before you can even start the game.,Positive,POSITIVE,0.9498029351234436,1,Positive
regele ronaldo,Positive,POSITIVE,0.9952605366706848,1,Positive
"Yes, it is good, I never had any problems with loading the game.",Positive,POSITIVE,0.9997636675834656,1,Positive
This is utter and complete trash but i still play it to keep me mentally unstable,Negative,NEGATIVE,0.9980104565620422,0,Negative
"Game doesn't launch.
Game doesn't launch.

I've had recurring issues with launching the game since I bought it, I managed to temporarily fix it a few times but the issues keep coming back and now the fixes don't work anymore.

I've updated drivers, verified game cache, reinstalled the game, and reinstalled EA anti-cheat which is what fixed it temporarily before but it just doesn't work.

The game is unplayable.",Negative,NEGATIVE,0.9995417594909668,0,Negative
This years gameplay is very good. There are a few exploits for goals but overall the Pro Club and Ultimate Team experience is good this year.,Positive,POSITIVE,0.9998257756233215,1,Positive
"Meh, making user difficult to launch the game",Negative,NEGATIVE,0.9990467429161072,0,Negative
Ankara Messi Ankara Messi Messi Messi Messi Ankara Messi Ankara Messi Messi Messi Messi Ankara Messi Ankara Messi Messi Messi Messi,Negative,NEGATIVE,0.9923956394195557,0,Negative
great game worth the Ps,Positive,POSITIVE,0.9998693466186523,1,Positive
mony,Positive,NEGATIVE,0.9474824666976929,0,Negative
"Piece of garbage that wont even start
Every year its a struggle getting this game to work on pc but this year is easily the worst and im not having it.",Negative,NEGATIVE,0.99973064661026,0,Negative
"I bought FIFA23 on the 29th of September but i still can't play it...I've been waiting and hoping to try the new fifa for long time, it's really unbelievable that i still can't run it. Why hasn't EA fixed their EAAnticheat bug yet??? Why are they ruining the fun, this is realy frustrating...I'm not sure if I'll ever play it anymore because it's been 5 or 7 days and nothing has been explained or an update or patch announced. How much longer do we have to wait?? Please explain, and solve the problem soon. I tried to fix it with certain solutions lime running through admin, reinstalling anticheat and many others, but nothing gave results. Will there be any compeaation for this? Some reward ingame if it succeeds in starting FIFa??",Negative,NEGATIVE,0.9994173049926758,0,Negative
career mode is the only good mode,Positive,NEGATIVE,0.9947913885116577,0,Negative
i fucking hate this game,Negative,NEGATIVE,0.9996269941329956,0,Negative
Used Messi to do the Siu. Not too bad.,Positive,POSITIVE,0.9905009269714355,1,Positive
mai ieftin nu puteti?,Positive,NEGATIVE,0.9846107363700867,0,Negative
harry maguire got downgraded disrespect to legend,Negative,NEGATIVE,0.9991995692253113,0,Negative
very s 3 x,Positive,POSITIVE,0.5745757222175598,1,Positive
this shit is addicting,Positive,NEGATIVE,0.998217761516571,0,Negative
very bad framerate with recommended system specs,Negative,NEGATIVE,0.9996115565299988,0,Negative
szopjatok lovat ..,Negative,NEGATIVE,0.6006832122802734,0,Negative
"PLAYER PAUSED UNTIL THE TIME LIMIT BUT MINE GET STUCK, SHIT GAME",Negative,NEGATIVE,0.998917818069458,0,Negative
"Game Rating (IMO): A solid 8.7

People complain that it is the same thing every year but then buy the new COD or Battlefield when it's released and act as if it is the ""NeW aND bEsT GAme EveR"" If you enjoy FIFA, then you will like this game. The new FK and the corner-taking mechanic is great and easier to use than in previous games. The introduction of the world cup mode and a more prominent presence of the women's teams make the game even more enjoyable. 
As I'm playing the game pre-official release, there are a few negatives to the game. The graphics feel like their own downfall. The game has plenty of detail, and the graphics are fantastic. However, it can make the pitch look grainy rather than smooth, as in previous games. There also needs to be a rebalancing of the pace attribute, as realistically, there is no way a defender with 58 pace should catch Timo Werner with 90 pace. 
All in all, I played last year's game for just over 530 hours and plan on doing the same this year.

If you have read this far, glhf and Canada will win the World Cup.",Positive,POSITIVE,0.9990397095680237,1,Positive
enjoyable game,Positive,POSITIVE,0.9998751878738403,1,Positive
poor pc optimization,Negative,NEGATIVE,0.9997459053993225,0,Negative
Wont launch,Negative,POSITIVE,0.9997357726097107,1,Positive
good black niger,Positive,POSITIVE,0.9996265172958374,1,Positive
yes turtle man very good,Positive,POSITIVE,0.999794065952301,1,Positive
its a very fun game but the gros gen is very big bullshit,Positive,NEGATIVE,0.996832549571991,0,Negative
This game crashes so many times every single day its actually insane,Negative,NEGATIVE,0.9992334842681885,0,Negative
"Barely Runs, crashes on launch",Negative,NEGATIVE,0.999231219291687,0,Negative
"Game was bad at first, but I accepted it because it was another FIFA game by EA Sports so I didin't expect quality in the first place.

After the most recent gameplay update the game feels even worse in my opinion. Why change the gameplay when the gameplay was the only thing that actually got better since FIFA 22? It was the only thing this game had going for it, excluding  some changes to Career Mode (which is a game mode most people don't even care about)

I would tell you not to buy this game, but you probably own every single game since FIFA 20 and hate the franchise just as much as I do, but you're still going to buy this game in the end, because that's just what we clowns do.",Negative,NEGATIVE,0.9977375268936157,0,Negative
Awesome game but freekicks suck,Positive,POSITIVE,0.8823425769805908,1,Positive
this update is better than old fifas XD,Positive,POSITIVE,0.9986777901649475,1,Positive
adicktion hai mera,Positive,NEGATIVE,0.9789628982543945,0,Negative
gkiyugoiuj,Positive,POSITIVE,0.879027247428894,1,Positive
"wtf, resets every time you open the game",Negative,NEGATIVE,0.9218863248825073,0,Negative
nice game haha,Positive,POSITIVE,0.999816358089447,1,Positive
"Very poor optimisation, EA are useless",Negative,NEGATIVE,0.9997658133506775,0,Negative
"unplayable on pc

buy fm instead",Negative,NEGATIVE,0.9986953139305115,0,Negative
"This game is terrible, i sold 3 of my siblings to Somolian Pirates to buy more packs",Negative,NEGATIVE,0.9995595812797546,0,Negative
Best Fifa yet love the game!,Positive,POSITIVE,0.9998619556427002,1,Positive
"The game won't even launch, just gets stuck on running and adds insult to injury by literally CRASHING the steam client itself.",Negative,NEGATIVE,0.9997705817222595,0,Negative
"Fuckall game, god bless i didnt pay full price otherwise i would've killed myself. WHEN WILL FIFA BE GOOD?",Negative,NEGATIVE,0.9976693987846375,0,Negative
"No cross play is the stupidest idea for a game like this ever, Almost everything you win in Ultimate Team is Untradable unless you spend real money on packs and even then some are still not tradable, Cloud sync error almost daily so you have to manually save. Gameplay is fine and typical fifa but no real improvements since Fifa 20 really.",Negative,NEGATIVE,0.9962158799171448,0,Negative
"A GOOD GAME, EXCEPT FOR THE WEEKEND LEAGUE",Positive,POSITIVE,0.9998112320899963,1,Positive
"Dear FIFA Community, just wanted to post this review and save you guys some money if you didn't buy this "" very good "" game. Thank me later. Let's start with some problems that you will encounter when you download the game.
- 𝙀𝙖 𝘼𝙣𝙩𝙞-𝘾𝙝𝙚𝙖𝙩 ( 𝙀𝘼𝘼𝘾 ) 
So at first i spent 2 hours of finding how can i get my game to start due to it not working because of the Anti-Cheat, i went on EA Help to see if i was the only one to encounter the problem, but i wasn't, while trying to find what the problem was and some fixes there an EA Admin just wrote that it was gonna get fixed in 2 to 3 days, i wasn't going to wait that long so i found a fix by some Indian guy on YouTube.
- 𝙂𝙖𝙢𝙚 𝙁𝙧𝙚𝙚𝙯𝙞𝙣𝙜 𝙢𝙞𝙙 𝙜𝙖𝙢𝙚
It happens most of the time, 87th minute, 0:0 and the guy scores on me while my game is frozen.
- 𝘾𝙤𝙢𝙥𝙖𝙣𝙞𝙤𝙣 ( 𝙏𝙝𝙚 𝙈𝙤𝙗𝙞𝙡𝙚 𝘼𝙥𝙥 )
Bugs as always, they didn't fix it and they never will, it randomly crashes on me while i do my SBC. 
- 𝘼𝙬𝙛𝙪𝙡 𝙥𝙞𝙣𝙜 𝙬𝙝𝙚𝙣 𝙥𝙡𝙖𝙮𝙞𝙣𝙜 𝙧𝙞𝙫𝙖𝙡𝙨
While having one of the best internets in Germany with average ping ( from 16 to 34 ) still i have some packet loss and i get kicked from Ultimate Team because of "" Bad Internet Connection ""
- 𝙎𝙡𝙤𝙬 𝙢𝙚𝙣𝙪𝙨 
I think most of the players have this problem, i call it the Turtle Menu. 
- 𝙏𝙝𝙚 25𝙠 𝙃𝙚𝙧𝙤 𝙋𝙖𝙘𝙠
It gave some people much more of a boost in ultimate team because of this, thanks again EA. 

I hope i helped some of you and saved you 70 or 90 Euros, and i saved you some worthy time in life that you can spend with your loved ones, take care.",Negative,NEGATIVE,0.9940215945243835,0,Negative
bad game ea pls give toty,Negative,NEGATIVE,0.9991884827613831,0,Negative
"ur game sucks the defending is trash ngl stfu ea fix ur shit bich
ea ur defencing is f trash fix ur defencing or just remove the fking defence button cuz the player cant even defence properly u fking ea trash fix game dumabassssssssssssssss",Negative,NEGATIVE,0.999683141708374,0,Negative
super bad wont start up,Positive,NEGATIVE,0.9592593312263489,0,Negative
If EA servers are down you can't even play the game offline. All I want to do is play career mode...,Negative,NEGATIVE,0.9988967180252075,0,Negative
"Spent extra money to play the game early but found myself spending more time on google trying to find workarounds for bugs and glitches, think that says it all.",Negative,NEGATIVE,0.999600350856781,0,Negative
"This has to be the worst FIFA to ever hit PC. 

Not only do you have to reinstall the anticheat 72 times but once you actually get the game to boot you only get one game out of it before the piece of shit crashes.

Very poor from EA.",Negative,NEGATIVE,0.9998040795326233,0,Negative
"Genuine dog water game, if you wanna have fun stick to single player.

Some days wont even run due to anti cheat launcher being bugged if you have any other game with its own anti cheat.

Pay to win for online.
Most of these positive reviews are paid for with only one word or no word reviews.",Negative,NEGATIVE,0.5455030202865601,0,Negative
"DO NOT BUY FIFA POINTS
DO NOT BUY FIFA POINTS
DO NOT BUY FIFA POINTS
DO NOT BUY FIFA POINTS
DO NOT BUY FIFA POINTS",Negative,NEGATIVE,0.9997257590293884,0,Negative
GOOD FIFA GAME.,Positive,POSITIVE,0.9998493194580078,1,Positive
...stinky,Negative,NEGATIVE,0.9997443556785583,0,Negative
"always crashes, just dont buy it",Negative,NEGATIVE,0.9986750483512878,0,Negative
"You already know, it’s just another FIFA  ;D",Positive,NEGATIVE,0.9984366297721863,0,Negative
Constant crashing.  Tried to make it work for over an hour.,Negative,NEGATIVE,0.9979519248008728,0,Negative
verry good game but stil missing some things and movment fells weard i fell fifa 22 movments were better,Positive,NEGATIVE,0.998444139957428,0,Negative
"Its okay to be honest. The new features and cool replays don't really make up for the ctrl + c game we have on our hands. The graphics aren't the most optimised for game play, with the grass looking like sand because of the grain.

All in all, it's at most a 7/10",Positive,NEGATIVE,0.9971901774406433,0,Negative
its,Negative,POSITIVE,0.9284773468971252,1,Positive
"I always stuck in loading screen
68 minutes to watch the loading screen, i look for the troubleshoot but nothing happened
some people experiencing it for about 1-2 months, so ill choose to refund",Negative,NEGATIVE,0.9992094039916992,0,Negative
Babi pt.2,Negative,POSITIVE,0.6325222849845886,1,Positive
Ronaldo is 89 rated :(,Positive,POSITIVE,0.9971141815185547,1,Positive
same ol scripted FIFA except super buggy,Positive,NEGATIVE,0.9938427209854126,0,Negative
it ius fun,Positive,POSITIVE,0.9997476935386658,1,Positive
its saying i don't have a driver installed for the ea app access on my pc please help,Positive,NEGATIVE,0.9994540810585022,0,Negative
I cant even launch the game because of the anti cheat,Negative,NEGATIVE,0.998386025428772,0,Negative
top 10 games,Positive,POSITIVE,0.9994451403617859,1,Positive
Terrible,Negative,NEGATIVE,0.999752938747406,0,Negative
Пълна пишка ама става за игра от време на време,Positive,NEGATIVE,0.7635699510574341,0,Negative
"I like this FIFA 23 better than 22, although its pricey, but its a good one!",Positive,POSITIVE,0.9997748732566833,1,Positive
"$10 more than normal for hair physics and more bugs than the last 3 years' games combined. Come on, EA... you'd think that if they fixed something in a previous game they would know to make sure it's patched in the new game, but no. 😡",Negative,NEGATIVE,0.9989338517189026,0,Negative
nvdgfdgbdfhgsxdhtg,Positive,NEGATIVE,0.9861271381378174,0,Negative
fdsd,Positive,NEGATIVE,0.9888222217559814,0,Negative
Glad this is the last fifa EA will create.,Negative,POSITIVE,0.9823383688926697,1,Positive
"Помойней античита, чем от ЕА еще не было, игра даже не запускается",Negative,NEGATIVE,0.6336814761161804,0,Negative
axjn game,Positive,POSITIVE,0.5731163024902344,1,Positive
good game only when win,Positive,POSITIVE,0.9997877478599548,1,Positive
"I bought the game, stayed awake for 5 hours just to play, opened the game, AND ITS NOT LAUNCHING!


F U EA",Negative,NEGATIVE,0.9993946552276611,0,Negative
"my experience: during the match the game is really really good, but it has a lot of bugs and crashes on the menus, so if you dont often save the game, you'll definitely loose some progress.

update: I now simply cant progress on my career mode. either the game freezes on the menu, or the HUD during the match dissapears, and I cant progress after the half-time break.",Negative,NEGATIVE,0.9957432150840759,0,Negative
"The game is absolute trash...Where can i even begin...
Players are like on ice,tactics are dumb and dont work,Carrer mode even dumber you make good transfers and get SACKED...
i dont even wanna mention that most of computers have problem running this game and you need to go to bios to run it. I didnt have that problem,but i can say most of people do....I will buy this game just because of my friends again so i can make them refund it....Only good thing is the world cup mode...Menus are laggy settings dont work....

MY GRADE IS: 2.4/10 I bought it for 28 euros if it was 70 than it would be: 1.1/10",Negative,NEGATIVE,0.9996755123138428,0,Negative
Bad severs make your servers better u fucked up with cross play platform,Negative,NEGATIVE,0.9997393488883972,0,Negative
Game is good. But glitchy,Positive,POSITIVE,0.9908407926559448,1,Positive
its ok.,Positive,POSITIVE,0.9996738433837891,1,Positive
game doesnt work,Negative,NEGATIVE,0.9996838569641113,0,Negative
this game is so trash it doesnt even wanna launch,Negative,NEGATIVE,0.9997237324714661,0,Negative
Ea didn't finish their game so I am not finishing this re,Negative,NEGATIVE,0.9979273080825806,0,Negative
AMAZING LET IT FOR FREE,Positive,POSITIVE,0.999843955039978,1,Positive
sold my gf for p 85+ player,Positive,NEGATIVE,0.9714192152023315,0,Negative
"Its not cross play it sucks i bought it only to play with my friends and now i cant lol
you cant start it up the normal way either you have to run the program as administrator",Negative,NEGATIVE,0.9966772794723511,0,Negative
"Crazy Awsome Fricking Game, takes your money and runs away, no suprises",Positive,NEGATIVE,0.9952033758163452,0,Negative
keren,Positive,POSITIVE,0.9952356219291687,1,Positive
YOOOO THIS GAME IS FRICKING SICK,Positive,NEGATIVE,0.9995081424713135,0,Negative
good but a bit laggy even with recommended specs,Positive,NEGATIVE,0.9915673136711121,0,Negative
gamed,Positive,POSITIVE,0.874264657497406,1,Positive
can't play with controller - why it is not just plug and play and people must spend days googling how to support controllers? ea scks m ss...,Negative,NEGATIVE,0.9988473653793335,0,Negative
"baler game bara chole na bara refund korte hoi, I have Puchase This game But I could not join ultimate team due to server problem and its showing unable to connect with ea server due to network connection but i have 500mbps net connection kintu cholche na ..............................  EBAR NA CHOLLE PODE PAAAA DHUKIYE DEBOOOO........................",Positive,NEGATIVE,0.9979745745658875,0,Negative
siuuuuuuuuuuuuuuuuuuuuuuuuuuuuuuuuuuuuu,Positive,NEGATIVE,0.9916442036628723,0,Negative
I dislike EA,Positive,NEGATIVE,0.9962363839149475,0,Negative
Shitty game doesnt launch after the update. i need my money back,Negative,NEGATIVE,0.9997357726097107,0,Negative
the game won't even launch after update,Negative,NEGATIVE,0.9996234178543091,0,Negative
awful,Negative,NEGATIVE,0.9997954964637756,0,Negative
this game is fun,Positive,POSITIVE,0.9998780488967896,1,Positive
"HEY GUYS! NEW CHEAT!
I winned a game, still i have a loss, cheater has a win :) WELL DONE EA!",Negative,POSITIVE,0.9971650242805481,1,Positive
"just got banned with no reason, not recommended if you are unlucky, you just got ban randomly",Negative,NEGATIVE,0.9997606873512268,0,Negative
I haven't been able to play the game since downloading. EA are fully aware of the issues but either don't care or are too lazy to try and fix. Avoid EA games at all costs! Can't even get a refund.,Negative,NEGATIVE,0.9996284246444702,0,Negative
game keeps getting worse but somehow i still buy,Positive,POSITIVE,0.8394877910614014,1,Positive
Has some bugs like in my player you can upgrade your penalties to a whooping 106 rating which is not real as fifa only allows 99,Positive,NEGATIVE,0.9990660548210144,0,Negative
"Some new features were added that are pretty cool and the graphics have improved a lot, however it took me two full weeks just to get the game running because the anticheat was broken. Also the gameplay is very laggy and sometimes I cant connect to EA servers. Same shit as last year, would not recommend",Negative,NEGATIVE,0.9988700747489929,0,Negative
rage but fun,Positive,POSITIVE,0.9996379613876343,1,Positive
"Had so many problems running this game that I wonder how it could have been published in such state. Anticheat stops the launch, 2 controllers not working, constant crashes. Shame!",Negative,NEGATIVE,0.9997449517250061,0,Negative
"literal shit
couldnt even play the game",Negative,NEGATIVE,0.9994623064994812,0,Negative
Bought the game and can't open it. There are many problems,Negative,NEGATIVE,0.9993093013763428,0,Negative
"If you run Origin on administrator mode the ""failure"" in anti cheat will not happy. The controller was an issue aswell. You need te adjust the settings of the controller by libary and controller (under fifa 23). After al the glitches fixed, the game is okay",Positive,POSITIVE,0.991832971572876,1,Positive
shit.,Positive,NEGATIVE,0.9995357990264893,0,Negative
The  game keep crashing,Negative,NEGATIVE,0.9351425170898438,0,Negative
e misto,Positive,NEGATIVE,0.9871782064437866,0,Negative
so slow and bad,Negative,NEGATIVE,0.9998102784156799,0,Negative
bots are RETARDS and game disobeys my actions choose to pass to the left the game passes to the right DO NOT RECOMMEND,Negative,NEGATIVE,0.9994707703590393,0,Negative
"running on an rtx 3080 after tinkering with settings and everything, using 90% of the gpu still looks worse than fifa 14",Negative,NEGATIVE,0.999717652797699,0,Negative
Worst game ever. Do not buy it.,Negative,NEGATIVE,0.9998181462287903,0,Negative
i cannot buy fifa points,Negative,NEGATIVE,0.9977155923843384,0,Negative
don't waste ur money on this it ruined my day. Game doesn't even start because of anticheat error. paid 90 euros and can't even play.,Negative,NEGATIVE,0.9994601607322693,0,Negative
This game is very very god,Positive,POSITIVE,0.9921882152557373,1,Positive
super reality,Positive,POSITIVE,0.9981485605239868,1,Positive
aasdasdasdasasasdas,Positive,NEGATIVE,0.7498034834861755,0,Negative
"By far the most buggy game ive ever unfortunately spent my hard earned cash on, The game has a 50/50 chance of crashing for Literally 0 reason on your first attempt due to the anitmalware installed from windows so the only way to play the game then is to leave your computer un-secure and vunreble to virus's (very cool EA) then once you have somehow or for some reason decided fuck it this game is very worth my computer being fried you go into ultimate team. Nope game Doesnt let you use more than 60 fps so you go to settings take your setting from uncapped fps to 60 finally i can get into a game you might say NOPE you have to change your fucking pc to 60 fps and for some odd odd reason you do that and hop into a game of fut champions... Nope EA have decided that their shitty servers cant handle the fucking stadium for fut champs (or the gold stadium you get spammed objectives every game to get). SO after all this bullshit you are sat in your room for whatever reason decide to launch fifa go into division rivals (because you cant play fut champions on pc due to stadium bug) you are enjoying yourself yknow having fun trying some fun cards and then last minute you have the ball at the halfway line you are playing it safe so you send it to keeper you think NOPE STRAIGHT TO HAALAND THE LENGHTY RAT RUNS THROUGH YOUR WEAK DEFENDERS HE POWERSHOTS THE BALL AT 7 MILLION KMH AND HITS THE FUCKING GRIDDY. You smash your pc and post a helpful Id humbly agree steam review.",Negative,NEGATIVE,0.992659866809845,0,Negative
"the worst decision to buy the game from steam, the game won't even launch every time there is a new error!",Negative,NEGATIVE,0.9998000264167786,0,Negative
great game with some performance issue note the game is now fix,Positive,POSITIVE,0.959014356136322,1,Positive
"Ball got kicked 
Controller got thrown",Positive,NEGATIVE,0.9614382386207581,0,Negative
can't even play it.,Negative,NEGATIVE,0.9995428323745728,0,Negative
tt,Positive,POSITIVE,0.9358951449394226,1,Positive
"Ayo this frog mf on the front has got some gf but she defo has a cock 





Ps~ If you lose to female China your are shit at the game and imagine being banned for fraud",Positive,NEGATIVE,0.9889841675758362,0,Negative
Won't start on CPU without AVX and its not mentioned anywhere.,Negative,NEGATIVE,0.974025547504425,0,Negative
Happy Korean Lunar New Year,Negative,POSITIVE,0.9998537302017212,1,Positive
i love worth the money,Positive,POSITIVE,0.9998726844787598,1,Positive
Greatest game of all time,Positive,POSITIVE,0.9998328685760498,1,Positive
Very Awesome... feel like Mbappe,Positive,POSITIVE,0.9993842840194702,1,Positive
"Just like any other fifa, but better since its next gen.
Still copy paste tho, but a lot of content especially in FUT",Positive,POSITIVE,0.9721751809120178,1,Positive
bugs,Negative,NEGATIVE,0.9988303780555725,0,Negative
You have to spend an hour every 3 days on trying to get it to launch,Negative,NEGATIVE,0.9984877109527588,0,Negative
"The fact you need to change your boot settings to run this, it a bit of a joke. 
Once you have got passed the “Secure Boot is not enabled on this machine” error, the game feels slow, clunky and overall pretty poor for a 60£ game.

Ended up refunding the game, it's another testament to the lack of care EA give to PC players.",Negative,NEGATIVE,0.9997991919517517,0,Negative
"The worst FIFA ive ever played it has tons of crashing and cant even detect EA anti cheat software.Everytime i launch this game i have to do reinstall the shitty Anticheat and then launch.My pc requirements more than enough to play it on ultra graphics but the shitty game itself has massive of stuttering issues.This is the most terribly unoptimize games ever.EA been real shit these days....Such a disgrace this downgrade of FIFA series

Just incase if you want to play football games go get FIFA 22 and install some mods or latest modifications.Dont spend your money on this bullshit games",Negative,NEGATIVE,0.9997956156730652,0,Negative
